"TIME","GEO","TRA_MEAS","UNIT","Value"
"1997","Italy","Passengers embarked and disembarked","Thousand passengers","42 427"
"1997","Italy","Passengers embarked","Thousand passengers","38 913"
"1997","Italy","Passengers disembarked","Thousand passengers","38 954"
"1997","Nord-Ovest","Passengers embarked and disembarked","Thousand passengers","2 581"
"1997","Nord-Ovest","Passengers embarked","Thousand passengers","1 234"
"1997","Nord-Ovest","Passengers disembarked","Thousand passengers","1 347"
"1997","Liguria","Passengers embarked and disembarked","Thousand passengers","2 581"
"1997","Liguria","Passengers embarked","Thousand passengers","1 234"
"1997","Liguria","Passengers disembarked","Thousand passengers","1 347"
"1997","Nord-Est","Passengers embarked and disembarked","Thousand passengers","846"
"1997","Nord-Est","Passengers embarked","Thousand passengers","379"
"1997","Nord-Est","Passengers disembarked","Thousand passengers","467"
"1997","Veneto","Passengers embarked and disembarked","Thousand passengers","654"
"1997","Veneto","Passengers embarked","Thousand passengers","287"
"1997","Veneto","Passengers disembarked","Thousand passengers","367"
"1997","Friuli-Venezia Giulia","Passengers embarked and disembarked","Thousand passengers","189"
"1997","Friuli-Venezia Giulia","Passengers embarked","Thousand passengers","90"
"1997","Friuli-Venezia Giulia","Passengers disembarked","Thousand passengers","99"
"1997","Emilia-Romagna","Passengers embarked and disembarked","Thousand passengers","3"
"1997","Emilia-Romagna","Passengers embarked","Thousand passengers","2"
"1997","Emilia-Romagna","Passengers disembarked","Thousand passengers","2"
"1997","Centro (IT)","Passengers embarked and disembarked","Thousand passengers","8 266"
"1997","Centro (IT)","Passengers embarked","Thousand passengers","5 741"
"1997","Centro (IT)","Passengers disembarked","Thousand passengers","5 656"
"1997","Toscana","Passengers embarked and disembarked","Thousand passengers","5 026"
"1997","Toscana","Passengers embarked","Thousand passengers","3 962"
"1997","Toscana","Passengers disembarked","Thousand passengers","3 973"
"1997","Marche","Passengers embarked and disembarked","Thousand passengers","709"
"1997","Marche","Passengers embarked","Thousand passengers","367"
"1997","Marche","Passengers disembarked","Thousand passengers","342"
"1997","Lazio","Passengers embarked and disembarked","Thousand passengers","2 604"
"1997","Lazio","Passengers embarked","Thousand passengers","1 412"
"1997","Lazio","Passengers disembarked","Thousand passengers","1 341"
"1997","Sud","Passengers embarked and disembarked","Thousand passengers","24 803"
"1997","Sud","Passengers embarked","Thousand passengers","17 275"
"1997","Sud","Passengers disembarked","Thousand passengers","17 241"
"1997","Abruzzo","Passengers embarked and disembarked","Thousand passengers","5"
"1997","Abruzzo","Passengers embarked","Thousand passengers","2"
"1997","Abruzzo","Passengers disembarked","Thousand passengers","2"
"1997","Molise","Passengers embarked and disembarked","Thousand passengers","353"
"1997","Molise","Passengers embarked","Thousand passengers","177"
"1997","Molise","Passengers disembarked","Thousand passengers","176"
"1997","Campania","Passengers embarked and disembarked","Thousand passengers","11 620"
"1997","Campania","Passengers embarked","Thousand passengers","10 506"
"1997","Campania","Passengers disembarked","Thousand passengers","10 472"
"1997","Puglia","Passengers embarked and disembarked","Thousand passengers","2 179"
"1997","Puglia","Passengers embarked","Thousand passengers","1 090"
"1997","Puglia","Passengers disembarked","Thousand passengers","1 089"
"1997","Calabria","Passengers embarked and disembarked","Thousand passengers","11 000"
"1997","Calabria","Passengers embarked","Thousand passengers","5 499"
"1997","Calabria","Passengers disembarked","Thousand passengers","5 500"
"1997","Isole","Passengers embarked and disembarked","Thousand passengers","23 629"
"1997","Isole","Passengers embarked","Thousand passengers","14 284"
"1997","Isole","Passengers disembarked","Thousand passengers","14 243"
"1997","Sicilia","Passengers embarked and disembarked","Thousand passengers","15 005"
"1997","Sicilia","Passengers embarked","Thousand passengers","8 613"
"1997","Sicilia","Passengers disembarked","Thousand passengers","8 672"
"1997","Sardegna","Passengers embarked and disembarked","Thousand passengers","8 718"
"1997","Sardegna","Passengers embarked","Thousand passengers","5 670"
"1997","Sardegna","Passengers disembarked","Thousand passengers","5 571"
"1998","Italy","Passengers embarked and disembarked","Thousand passengers","42 913"
"1998","Italy","Passengers embarked","Thousand passengers","38 995"
"1998","Italy","Passengers disembarked","Thousand passengers","39 027"
"1998","Nord-Ovest","Passengers embarked and disembarked","Thousand passengers","2 710"
"1998","Nord-Ovest","Passengers embarked","Thousand passengers","1 448"
"1998","Nord-Ovest","Passengers disembarked","Thousand passengers","1 262"
"1998","Liguria","Passengers embarked and disembarked","Thousand passengers","2 710"
"1998","Liguria","Passengers embarked","Thousand passengers","1 448"
"1998","Liguria","Passengers disembarked","Thousand passengers","1 262"
"1998","Nord-Est","Passengers embarked and disembarked","Thousand passengers","791"
"1998","Nord-Est","Passengers embarked","Thousand passengers","382"
"1998","Nord-Est","Passengers disembarked","Thousand passengers","408"
"1998","Veneto","Passengers embarked and disembarked","Thousand passengers","791"
"1998","Veneto","Passengers embarked","Thousand passengers","382"
"1998","Veneto","Passengers disembarked","Thousand passengers","408"
"1998","Friuli-Venezia Giulia","Passengers embarked and disembarked","Thousand passengers",":"
"1998","Friuli-Venezia Giulia","Passengers embarked","Thousand passengers",":"
"1998","Friuli-Venezia Giulia","Passengers disembarked","Thousand passengers",":"
"1998","Emilia-Romagna","Passengers embarked and disembarked","Thousand passengers",":"
"1998","Emilia-Romagna","Passengers embarked","Thousand passengers",":"
"1998","Emilia-Romagna","Passengers disembarked","Thousand passengers",":"
"1998","Centro (IT)","Passengers embarked and disembarked","Thousand passengers","8 451"
"1998","Centro (IT)","Passengers embarked","Thousand passengers","5 952"
"1998","Centro (IT)","Passengers disembarked","Thousand passengers","5 907"
"1998","Toscana","Passengers embarked and disembarked","Thousand passengers","4 698"
"1998","Toscana","Passengers embarked","Thousand passengers","4 004"
"1998","Toscana","Passengers disembarked","Thousand passengers","3 874"
"1998","Marche","Passengers embarked and disembarked","Thousand passengers","1 043"
"1998","Marche","Passengers embarked","Thousand passengers","505"
"1998","Marche","Passengers disembarked","Thousand passengers","539"
"1998","Lazio","Passengers embarked and disembarked","Thousand passengers","2 754"
"1998","Lazio","Passengers embarked","Thousand passengers","1 443"
"1998","Lazio","Passengers disembarked","Thousand passengers","1 495"
"1998","Sud","Passengers embarked and disembarked","Thousand passengers","25 006"
"1998","Sud","Passengers embarked","Thousand passengers","17 232"
"1998","Sud","Passengers disembarked","Thousand passengers","17 444"
"1998","Abruzzo","Passengers embarked and disembarked","Thousand passengers",":"
"1998","Abruzzo","Passengers embarked","Thousand passengers",":"
"1998","Abruzzo","Passengers disembarked","Thousand passengers",":"
"1998","Molise","Passengers embarked and disembarked","Thousand passengers","236"
"1998","Molise","Passengers embarked","Thousand passengers","118"
"1998","Molise","Passengers disembarked","Thousand passengers","118"
"1998","Campania","Passengers embarked and disembarked","Thousand passengers","11 070"
"1998","Campania","Passengers embarked","Thousand passengers","10 198"
"1998","Campania","Passengers disembarked","Thousand passengers","10 306"
"1998","Puglia","Passengers embarked and disembarked","Thousand passengers","2 861"
"1998","Puglia","Passengers embarked","Thousand passengers","1 379"
"1998","Puglia","Passengers disembarked","Thousand passengers","1 482"
"1998","Calabria","Passengers embarked and disembarked","Thousand passengers","11 075"
"1998","Calabria","Passengers embarked","Thousand passengers","5 538"
"1998","Calabria","Passengers disembarked","Thousand passengers","5 538"
"1998","Isole","Passengers embarked and disembarked","Thousand passengers","22 708"
"1998","Isole","Passengers embarked","Thousand passengers","13 980"
"1998","Isole","Passengers disembarked","Thousand passengers","14 006"
"1998","Sicilia","Passengers embarked and disembarked","Thousand passengers","14 669"
"1998","Sicilia","Passengers embarked","Thousand passengers","8 384"
"1998","Sicilia","Passengers disembarked","Thousand passengers","8 297"
"1998","Sardegna","Passengers embarked and disembarked","Thousand passengers","8 130"
"1998","Sardegna","Passengers embarked","Thousand passengers","5 596"
"1998","Sardegna","Passengers disembarked","Thousand passengers","5 709"
"1999","Italy","Passengers embarked and disembarked","Thousand passengers","45 073"
"1999","Italy","Passengers embarked","Thousand passengers","41 478"
"1999","Italy","Passengers disembarked","Thousand passengers","41 553"
"1999","Nord-Ovest","Passengers embarked and disembarked","Thousand passengers","2 775"
"1999","Nord-Ovest","Passengers embarked","Thousand passengers","1 323"
"1999","Nord-Ovest","Passengers disembarked","Thousand passengers","1 453"
"1999","Liguria","Passengers embarked and disembarked","Thousand passengers","2 775"
"1999","Liguria","Passengers embarked","Thousand passengers","1 323"
"1999","Liguria","Passengers disembarked","Thousand passengers","1 453"
"1999","Nord-Est","Passengers embarked and disembarked","Thousand passengers","530"
"1999","Nord-Est","Passengers embarked","Thousand passengers","260"
"1999","Nord-Est","Passengers disembarked","Thousand passengers","269"
"1999","Veneto","Passengers embarked and disembarked","Thousand passengers","530"
"1999","Veneto","Passengers embarked","Thousand passengers","260"
"1999","Veneto","Passengers disembarked","Thousand passengers","269"
"1999","Friuli-Venezia Giulia","Passengers embarked and disembarked","Thousand passengers",":"
"1999","Friuli-Venezia Giulia","Passengers embarked","Thousand passengers",":"
"1999","Friuli-Venezia Giulia","Passengers disembarked","Thousand passengers",":"
"1999","Emilia-Romagna","Passengers embarked and disembarked","Thousand passengers",":"
"1999","Emilia-Romagna","Passengers embarked","Thousand passengers",":"
"1999","Emilia-Romagna","Passengers disembarked","Thousand passengers",":"
"1999","Centro (IT)","Passengers embarked and disembarked","Thousand passengers","10 373"
"1999","Centro (IT)","Passengers embarked","Thousand passengers","7 331"
"1999","Centro (IT)","Passengers disembarked","Thousand passengers","7 493"
"1999","Toscana","Passengers embarked and disembarked","Thousand passengers","6 249"
"1999","Toscana","Passengers embarked","Thousand passengers","5 207"
"1999","Toscana","Passengers disembarked","Thousand passengers","5 198"
"1999","Marche","Passengers embarked and disembarked","Thousand passengers","978"
"1999","Marche","Passengers embarked","Thousand passengers","483"
"1999","Marche","Passengers disembarked","Thousand passengers","495"
"1999","Lazio","Passengers embarked and disembarked","Thousand passengers","3 227"
"1999","Lazio","Passengers embarked","Thousand passengers","1 640"
"1999","Lazio","Passengers disembarked","Thousand passengers","1 800"
"1999","Sud","Passengers embarked and disembarked","Thousand passengers","25 106"
"1999","Sud","Passengers embarked","Thousand passengers","18 130"
"1999","Sud","Passengers disembarked","Thousand passengers","18 138"
"1999","Abruzzo","Passengers embarked and disembarked","Thousand passengers",":"
"1999","Abruzzo","Passengers embarked","Thousand passengers",":"
"1999","Abruzzo","Passengers disembarked","Thousand passengers",":"
"1999","Molise","Passengers embarked and disembarked","Thousand passengers",":"
"1999","Molise","Passengers embarked","Thousand passengers",":"
"1999","Molise","Passengers disembarked","Thousand passengers",":"
"1999","Campania","Passengers embarked and disembarked","Thousand passengers","12 613"
"1999","Campania","Passengers embarked","Thousand passengers","11 846"
"1999","Campania","Passengers disembarked","Thousand passengers","11 930"
"1999","Puglia","Passengers embarked and disembarked","Thousand passengers","2 059"
"1999","Puglia","Passengers embarked","Thousand passengers","1 068"
"1999","Puglia","Passengers disembarked","Thousand passengers","991"
"1999","Calabria","Passengers embarked and disembarked","Thousand passengers","10 434"
"1999","Calabria","Passengers embarked","Thousand passengers","5 217"
"1999","Calabria","Passengers disembarked","Thousand passengers","5 217"
"1999","Isole","Passengers embarked and disembarked","Thousand passengers","23 132"
"1999","Isole","Passengers embarked","Thousand passengers","14 434"
"1999","Isole","Passengers disembarked","Thousand passengers","14 200"
"1999","Sicilia","Passengers embarked and disembarked","Thousand passengers","14 466"
"1999","Sicilia","Passengers embarked","Thousand passengers","8 469"
"1999","Sicilia","Passengers disembarked","Thousand passengers","8 386"
"1999","Sardegna","Passengers embarked and disembarked","Thousand passengers","8 795"
"1999","Sardegna","Passengers embarked","Thousand passengers","5 965"
"1999","Sardegna","Passengers disembarked","Thousand passengers","5 814"
"2000","Italy","Passengers embarked and disembarked","Thousand passengers","45 920"
"2000","Italy","Passengers embarked","Thousand passengers","41 679"
"2000","Italy","Passengers disembarked","Thousand passengers","41 715"
"2000","Nord-Ovest","Passengers embarked and disembarked","Thousand passengers","2 886"
"2000","Nord-Ovest","Passengers embarked","Thousand passengers","1 480"
"2000","Nord-Ovest","Passengers disembarked","Thousand passengers","1 479"
"2000","Liguria","Passengers embarked and disembarked","Thousand passengers","2 886"
"2000","Liguria","Passengers embarked","Thousand passengers","1 480"
"2000","Liguria","Passengers disembarked","Thousand passengers","1 479"
"2000","Nord-Est","Passengers embarked and disembarked","Thousand passengers","825"
"2000","Nord-Est","Passengers embarked","Thousand passengers","459"
"2000","Nord-Est","Passengers disembarked","Thousand passengers","459"
"2000","Veneto","Passengers embarked and disembarked","Thousand passengers","825"
"2000","Veneto","Passengers embarked","Thousand passengers","459"
"2000","Veneto","Passengers disembarked","Thousand passengers","459"
"2000","Friuli-Venezia Giulia","Passengers embarked and disembarked","Thousand passengers",":"
"2000","Friuli-Venezia Giulia","Passengers embarked","Thousand passengers",":"
"2000","Friuli-Venezia Giulia","Passengers disembarked","Thousand passengers",":"
"2000","Emilia-Romagna","Passengers embarked and disembarked","Thousand passengers",":"
"2000","Emilia-Romagna","Passengers embarked","Thousand passengers",":"
"2000","Emilia-Romagna","Passengers disembarked","Thousand passengers",":"
"2000","Centro (IT)","Passengers embarked and disembarked","Thousand passengers","9 561"
"2000","Centro (IT)","Passengers embarked","Thousand passengers","6 624"
"2000","Centro (IT)","Passengers disembarked","Thousand passengers","6 597"
"2000","Toscana","Passengers embarked and disembarked","Thousand passengers","5 671"
"2000","Toscana","Passengers embarked","Thousand passengers","4 533"
"2000","Toscana","Passengers disembarked","Thousand passengers","4 503"
"2000","Marche","Passengers embarked and disembarked","Thousand passengers","1 148"
"2000","Marche","Passengers embarked","Thousand passengers","573"
"2000","Marche","Passengers disembarked","Thousand passengers","575"
"2000","Lazio","Passengers embarked and disembarked","Thousand passengers","2 794"
"2000","Lazio","Passengers embarked","Thousand passengers","1 518"
"2000","Lazio","Passengers disembarked","Thousand passengers","1 520"
"2000","Sud","Passengers embarked and disembarked","Thousand passengers","26 165"
"2000","Sud","Passengers embarked","Thousand passengers","18 305"
"2000","Sud","Passengers disembarked","Thousand passengers","18 360"
"2000","Abruzzo","Passengers embarked and disembarked","Thousand passengers",":"
"2000","Abruzzo","Passengers embarked","Thousand passengers",":"
"2000","Abruzzo","Passengers disembarked","Thousand passengers",":"
"2000","Molise","Passengers embarked and disembarked","Thousand passengers",":"
"2000","Molise","Passengers embarked","Thousand passengers",":"
"2000","Molise","Passengers disembarked","Thousand passengers",":"
"2000","Campania","Passengers embarked and disembarked","Thousand passengers","11 828"
"2000","Campania","Passengers embarked","Thousand passengers","11 132"
"2000","Campania","Passengers disembarked","Thousand passengers","11 186"
"2000","Puglia","Passengers embarked and disembarked","Thousand passengers","2 499"
"2000","Puglia","Passengers embarked","Thousand passengers","1 253"
"2000","Puglia","Passengers disembarked","Thousand passengers","1 254"
"2000","Calabria","Passengers embarked and disembarked","Thousand passengers","11 839"
"2000","Calabria","Passengers embarked","Thousand passengers","5 919"
"2000","Calabria","Passengers disembarked","Thousand passengers","5 920"
"2000","Isole","Passengers embarked and disembarked","Thousand passengers","24 293"
"2000","Isole","Passengers embarked","Thousand passengers","14 812"
"2000","Isole","Passengers disembarked","Thousand passengers","14 821"
"2000","Sicilia","Passengers embarked and disembarked","Thousand passengers","15 900"
"2000","Sicilia","Passengers embarked","Thousand passengers","9 017"
"2000","Sicilia","Passengers disembarked","Thousand passengers","9 023"
"2000","Sardegna","Passengers embarked and disembarked","Thousand passengers","8 478"
"2000","Sardegna","Passengers embarked","Thousand passengers","5 795"
"2000","Sardegna","Passengers disembarked","Thousand passengers","5 797"
"2001","Italy","Passengers embarked and disembarked","Thousand passengers","46 197"
"2001","Italy","Passengers embarked","Thousand passengers","42 293"
"2001","Italy","Passengers disembarked","Thousand passengers","42 293"
"2001","Nord-Ovest","Passengers embarked and disembarked","Thousand passengers","2 715"
"2001","Nord-Ovest","Passengers embarked","Thousand passengers","1 427"
"2001","Nord-Ovest","Passengers disembarked","Thousand passengers","1 405"
"2001","Liguria","Passengers embarked and disembarked","Thousand passengers","2 715"
"2001","Liguria","Passengers embarked","Thousand passengers","1 427"
"2001","Liguria","Passengers disembarked","Thousand passengers","1 405"
"2001","Nord-Est","Passengers embarked and disembarked","Thousand passengers","974"
"2001","Nord-Est","Passengers embarked","Thousand passengers","543"
"2001","Nord-Est","Passengers disembarked","Thousand passengers","539"
"2001","Veneto","Passengers embarked and disembarked","Thousand passengers","671"
"2001","Veneto","Passengers embarked","Thousand passengers","391"
"2001","Veneto","Passengers disembarked","Thousand passengers","388"
"2001","Friuli-Venezia Giulia","Passengers embarked and disembarked","Thousand passengers","303"
"2001","Friuli-Venezia Giulia","Passengers embarked","Thousand passengers","152"
"2001","Friuli-Venezia Giulia","Passengers disembarked","Thousand passengers","151"
"2001","Emilia-Romagna","Passengers embarked and disembarked","Thousand passengers",":"
"2001","Emilia-Romagna","Passengers embarked","Thousand passengers",":"
"2001","Emilia-Romagna","Passengers disembarked","Thousand passengers",":"
"2001","Centro (IT)","Passengers embarked and disembarked","Thousand passengers","9 538"
"2001","Centro (IT)","Passengers embarked","Thousand passengers","6 778"
"2001","Centro (IT)","Passengers disembarked","Thousand passengers","6 790"
"2001","Toscana","Passengers embarked and disembarked","Thousand passengers","5 780"
"2001","Toscana","Passengers embarked","Thousand passengers","4 742"
"2001","Toscana","Passengers disembarked","Thousand passengers","4 763"
"2001","Marche","Passengers embarked and disembarked","Thousand passengers","1 213"
"2001","Marche","Passengers embarked","Thousand passengers","609"
"2001","Marche","Passengers disembarked","Thousand passengers","604"
"2001","Lazio","Passengers embarked and disembarked","Thousand passengers","2 550"
"2001","Lazio","Passengers embarked","Thousand passengers","1 427"
"2001","Lazio","Passengers disembarked","Thousand passengers","1 423"
"2001","Sud","Passengers embarked and disembarked","Thousand passengers","26 170"
"2001","Sud","Passengers embarked","Thousand passengers","18 808"
"2001","Sud","Passengers disembarked","Thousand passengers","18 783"
"2001","Abruzzo","Passengers embarked and disembarked","Thousand passengers",":"
"2001","Abruzzo","Passengers embarked","Thousand passengers",":"
"2001","Abruzzo","Passengers disembarked","Thousand passengers",":"
"2001","Molise","Passengers embarked and disembarked","Thousand passengers","217"
"2001","Molise","Passengers embarked","Thousand passengers","109"
"2001","Molise","Passengers disembarked","Thousand passengers","108"
"2001","Campania","Passengers embarked and disembarked","Thousand passengers","12 273"
"2001","Campania","Passengers embarked","Thousand passengers","11 733"
"2001","Campania","Passengers disembarked","Thousand passengers","11 727"
"2001","Puglia","Passengers embarked and disembarked","Thousand passengers","2 386"
"2001","Puglia","Passengers embarked","Thousand passengers","1 206"
"2001","Puglia","Passengers disembarked","Thousand passengers","1 198"
"2001","Calabria","Passengers embarked and disembarked","Thousand passengers","11 511"
"2001","Calabria","Passengers embarked","Thousand passengers","5 762"
"2001","Calabria","Passengers disembarked","Thousand passengers","5 750"
"2001","Isole","Passengers embarked and disembarked","Thousand passengers","24 232"
"2001","Isole","Passengers embarked","Thousand passengers","14 736"
"2001","Isole","Passengers disembarked","Thousand passengers","14 776"
"2001","Sicilia","Passengers embarked and disembarked","Thousand passengers","15 862"
"2001","Sicilia","Passengers embarked","Thousand passengers","8 980"
"2001","Sicilia","Passengers disembarked","Thousand passengers","8 997"
"2001","Sardegna","Passengers embarked and disembarked","Thousand passengers","8 461"
"2001","Sardegna","Passengers embarked","Thousand passengers","5 756"
"2001","Sardegna","Passengers disembarked","Thousand passengers","5 779"
"2002","Italy","Passengers embarked and disembarked","Thousand passengers","43 904"
"2002","Italy","Passengers embarked","Thousand passengers","40 047"
"2002","Italy","Passengers disembarked","Thousand passengers","40 129"
"2002","Nord-Ovest","Passengers embarked and disembarked","Thousand passengers","3 016"
"2002","Nord-Ovest","Passengers embarked","Thousand passengers","1 609"
"2002","Nord-Ovest","Passengers disembarked","Thousand passengers","1 602"
"2002","Liguria","Passengers embarked and disembarked","Thousand passengers","3 016"
"2002","Liguria","Passengers embarked","Thousand passengers","1 609"
"2002","Liguria","Passengers disembarked","Thousand passengers","1 602"
"2002","Nord-Est","Passengers embarked and disembarked","Thousand passengers","1 160"
"2002","Nord-Est","Passengers embarked","Thousand passengers","670"
"2002","Nord-Est","Passengers disembarked","Thousand passengers","688"
"2002","Veneto","Passengers embarked and disembarked","Thousand passengers","860"
"2002","Veneto","Passengers embarked","Thousand passengers","515"
"2002","Veneto","Passengers disembarked","Thousand passengers","542"
"2002","Friuli-Venezia Giulia","Passengers embarked and disembarked","Thousand passengers","301"
"2002","Friuli-Venezia Giulia","Passengers embarked","Thousand passengers","155"
"2002","Friuli-Venezia Giulia","Passengers disembarked","Thousand passengers","146"
"2002","Emilia-Romagna","Passengers embarked and disembarked","Thousand passengers",":"
"2002","Emilia-Romagna","Passengers embarked","Thousand passengers",":"
"2002","Emilia-Romagna","Passengers disembarked","Thousand passengers",":"
"2002","Centro (IT)","Passengers embarked and disembarked","Thousand passengers","9 620"
"2002","Centro (IT)","Passengers embarked","Thousand passengers","6 850"
"2002","Centro (IT)","Passengers disembarked","Thousand passengers","6 847"
"2002","Toscana","Passengers embarked and disembarked","Thousand passengers","5 985"
"2002","Toscana","Passengers embarked","Thousand passengers","4 927"
"2002","Toscana","Passengers disembarked","Thousand passengers","4 933"
"2002","Marche","Passengers embarked and disembarked","Thousand passengers","1 188"
"2002","Marche","Passengers embarked","Thousand passengers","597"
"2002","Marche","Passengers disembarked","Thousand passengers","591"
"2002","Lazio","Passengers embarked and disembarked","Thousand passengers","2 449"
"2002","Lazio","Passengers embarked","Thousand passengers","1 326"
"2002","Lazio","Passengers disembarked","Thousand passengers","1 323"
"2002","Sud","Passengers embarked and disembarked","Thousand passengers","23 998"
"2002","Sud","Passengers embarked","Thousand passengers","17 336"
"2002","Sud","Passengers disembarked","Thousand passengers","17 281"
"2002","Abruzzo","Passengers embarked and disembarked","Thousand passengers",":"
"2002","Abruzzo","Passengers embarked","Thousand passengers",":"
"2002","Abruzzo","Passengers disembarked","Thousand passengers",":"
"2002","Molise","Passengers embarked and disembarked","Thousand passengers","263"
"2002","Molise","Passengers embarked","Thousand passengers","131"
"2002","Molise","Passengers disembarked","Thousand passengers","132"
"2002","Campania","Passengers embarked and disembarked","Thousand passengers","11 687"
"2002","Campania","Passengers embarked","Thousand passengers","11 008"
"2002","Campania","Passengers disembarked","Thousand passengers","11 040"
"2002","Puglia","Passengers embarked and disembarked","Thousand passengers","2 158"
"2002","Puglia","Passengers embarked","Thousand passengers","1 078"
"2002","Puglia","Passengers disembarked","Thousand passengers","1 091"
"2002","Calabria","Passengers embarked and disembarked","Thousand passengers","10 137"
"2002","Calabria","Passengers embarked","Thousand passengers","5 119"
"2002","Calabria","Passengers disembarked","Thousand passengers","5 018"
"2002","Isole","Passengers embarked and disembarked","Thousand passengers","22 538"
"2002","Isole","Passengers embarked","Thousand passengers","13 582"
"2002","Isole","Passengers disembarked","Thousand passengers","13 711"
"2002","Sicilia","Passengers embarked and disembarked","Thousand passengers","14 262"
"2002","Sicilia","Passengers embarked","Thousand passengers","7 997"
"2002","Sicilia","Passengers disembarked","Thousand passengers","8 075"
"2002","Sardegna","Passengers embarked and disembarked","Thousand passengers","8 379"
"2002","Sardegna","Passengers embarked","Thousand passengers","5 586"
"2002","Sardegna","Passengers disembarked","Thousand passengers","5 636"
"2003","Italy","Passengers embarked and disembarked","Thousand passengers","43 825"
"2003","Italy","Passengers embarked","Thousand passengers","39 912"
"2003","Italy","Passengers disembarked","Thousand passengers","39 918"
"2003","Nord-Ovest","Passengers embarked and disembarked","Thousand passengers","3 168"
"2003","Nord-Ovest","Passengers embarked","Thousand passengers","1 724"
"2003","Nord-Ovest","Passengers disembarked","Thousand passengers","1 730"
"2003","Liguria","Passengers embarked and disembarked","Thousand passengers","3 168"
"2003","Liguria","Passengers embarked","Thousand passengers","1 724"
"2003","Liguria","Passengers disembarked","Thousand passengers","1 730"
"2003","Nord-Est","Passengers embarked and disembarked","Thousand passengers","1 144"
"2003","Nord-Est","Passengers embarked","Thousand passengers","725"
"2003","Nord-Est","Passengers disembarked","Thousand passengers","703"
"2003","Veneto","Passengers embarked and disembarked","Thousand passengers","824"
"2003","Veneto","Passengers embarked","Thousand passengers","558"
"2003","Veneto","Passengers disembarked","Thousand passengers","549"
"2003","Friuli-Venezia Giulia","Passengers embarked and disembarked","Thousand passengers","320"
"2003","Friuli-Venezia Giulia","Passengers embarked","Thousand passengers","167"
"2003","Friuli-Venezia Giulia","Passengers disembarked","Thousand passengers","153"
"2003","Emilia-Romagna","Passengers embarked and disembarked","Thousand passengers",":"
"2003","Emilia-Romagna","Passengers embarked","Thousand passengers",":"
"2003","Emilia-Romagna","Passengers disembarked","Thousand passengers",":"
"2003","Centro (IT)","Passengers embarked and disembarked","Thousand passengers","9 859"
"2003","Centro (IT)","Passengers embarked","Thousand passengers","6 936"
"2003","Centro (IT)","Passengers disembarked","Thousand passengers","6 943"
"2003","Toscana","Passengers embarked and disembarked","Thousand passengers","6 215"
"2003","Toscana","Passengers embarked","Thousand passengers","5 006"
"2003","Toscana","Passengers disembarked","Thousand passengers","5 027"
"2003","Marche","Passengers embarked and disembarked","Thousand passengers","1 223"
"2003","Marche","Passengers embarked","Thousand passengers","617"
"2003","Marche","Passengers disembarked","Thousand passengers","606"
"2003","Lazio","Passengers embarked and disembarked","Thousand passengers","2 422"
"2003","Lazio","Passengers embarked","Thousand passengers","1 314"
"2003","Lazio","Passengers disembarked","Thousand passengers","1 309"
"2003","Sud","Passengers embarked and disembarked","Thousand passengers","23 250"
"2003","Sud","Passengers embarked","Thousand passengers","17 008"
"2003","Sud","Passengers disembarked","Thousand passengers","16 699"
"2003","Abruzzo","Passengers embarked and disembarked","Thousand passengers",":"
"2003","Abruzzo","Passengers embarked","Thousand passengers",":"
"2003","Abruzzo","Passengers disembarked","Thousand passengers",":"
"2003","Molise","Passengers embarked and disembarked","Thousand passengers","270"
"2003","Molise","Passengers embarked","Thousand passengers","135"
"2003","Molise","Passengers disembarked","Thousand passengers","135"
"2003","Campania","Passengers embarked and disembarked","Thousand passengers","11 448"
"2003","Campania","Passengers embarked","Thousand passengers","10 774"
"2003","Campania","Passengers disembarked","Thousand passengers","10 849"
"2003","Puglia","Passengers embarked and disembarked","Thousand passengers","2 097"
"2003","Puglia","Passengers embarked","Thousand passengers","1 067"
"2003","Puglia","Passengers disembarked","Thousand passengers","1 049"
"2003","Calabria","Passengers embarked and disembarked","Thousand passengers","9 698"
"2003","Calabria","Passengers embarked","Thousand passengers","5 031"
"2003","Calabria","Passengers disembarked","Thousand passengers","4 667"
"2003","Isole","Passengers embarked and disembarked","Thousand passengers","22 438"
"2003","Isole","Passengers embarked","Thousand passengers","13 519"
"2003","Isole","Passengers disembarked","Thousand passengers","13 843"
"2003","Sicilia","Passengers embarked and disembarked","Thousand passengers","13 917"
"2003","Sicilia","Passengers embarked","Thousand passengers","7 751"
"2003","Sicilia","Passengers disembarked","Thousand passengers","8 061"
"2003","Sardegna","Passengers embarked and disembarked","Thousand passengers","8 623"
"2003","Sardegna","Passengers embarked","Thousand passengers","5 768"
"2003","Sardegna","Passengers disembarked","Thousand passengers","5 782"
"2004","Italy","Passengers embarked and disembarked","Thousand passengers","43 474"
"2004","Italy","Passengers embarked","Thousand passengers","39 574"
"2004","Italy","Passengers disembarked","Thousand passengers","39 691"
"2004","Nord-Ovest","Passengers embarked and disembarked","Thousand passengers","2 669"
"2004","Nord-Ovest","Passengers embarked","Thousand passengers","1 331"
"2004","Nord-Ovest","Passengers disembarked","Thousand passengers","1 338"
"2004","Liguria","Passengers embarked and disembarked","Thousand passengers","2 669"
"2004","Liguria","Passengers embarked","Thousand passengers","1 331"
"2004","Liguria","Passengers disembarked","Thousand passengers","1 338"
"2004","Nord-Est","Passengers embarked and disembarked","Thousand passengers","794"
"2004","Nord-Est","Passengers embarked","Thousand passengers","403"
"2004","Nord-Est","Passengers disembarked","Thousand passengers","392"
"2004","Veneto","Passengers embarked and disembarked","Thousand passengers","474"
"2004","Veneto","Passengers embarked","Thousand passengers","238"
"2004","Veneto","Passengers disembarked","Thousand passengers","237"
"2004","Friuli-Venezia Giulia","Passengers embarked and disembarked","Thousand passengers","320"
"2004","Friuli-Venezia Giulia","Passengers embarked","Thousand passengers","165"
"2004","Friuli-Venezia Giulia","Passengers disembarked","Thousand passengers","155"
"2004","Emilia-Romagna","Passengers embarked and disembarked","Thousand passengers",":"
"2004","Emilia-Romagna","Passengers embarked","Thousand passengers",":"
"2004","Emilia-Romagna","Passengers disembarked","Thousand passengers",":"
"2004","Centro (IT)","Passengers embarked and disembarked","Thousand passengers","10 076"
"2004","Centro (IT)","Passengers embarked","Thousand passengers","7 029"
"2004","Centro (IT)","Passengers disembarked","Thousand passengers","7 095"
"2004","Toscana","Passengers embarked and disembarked","Thousand passengers","6 211"
"2004","Toscana","Passengers embarked","Thousand passengers","5 000"
"2004","Toscana","Passengers disembarked","Thousand passengers","5 066"
"2004","Marche","Passengers embarked and disembarked","Thousand passengers","1 355"
"2004","Marche","Passengers embarked","Thousand passengers","694"
"2004","Marche","Passengers disembarked","Thousand passengers","661"
"2004","Lazio","Passengers embarked and disembarked","Thousand passengers","2 511"
"2004","Lazio","Passengers embarked","Thousand passengers","1 335"
"2004","Lazio","Passengers disembarked","Thousand passengers","1 368"
"2004","Sud","Passengers embarked and disembarked","Thousand passengers","23 337"
"2004","Sud","Passengers embarked","Thousand passengers","16 918"
"2004","Sud","Passengers disembarked","Thousand passengers","16 811"
"2004","Abruzzo","Passengers embarked and disembarked","Thousand passengers",":"
"2004","Abruzzo","Passengers embarked","Thousand passengers",":"
"2004","Abruzzo","Passengers disembarked","Thousand passengers",":"
"2004","Molise","Passengers embarked and disembarked","Thousand passengers","247"
"2004","Molise","Passengers embarked","Thousand passengers","123"
"2004","Molise","Passengers disembarked","Thousand passengers","123"
"2004","Campania","Passengers embarked and disembarked","Thousand passengers","11 422"
"2004","Campania","Passengers embarked","Thousand passengers","10 749"
"2004","Campania","Passengers disembarked","Thousand passengers","10 825"
"2004","Puglia","Passengers embarked and disembarked","Thousand passengers","1 917"
"2004","Puglia","Passengers embarked","Thousand passengers","948"
"2004","Puglia","Passengers disembarked","Thousand passengers","969"
"2004","Calabria","Passengers embarked and disembarked","Thousand passengers","9 992"
"2004","Calabria","Passengers embarked","Thousand passengers","5 098"
"2004","Calabria","Passengers disembarked","Thousand passengers","4 894"
"2004","Isole","Passengers embarked and disembarked","Thousand passengers","22 964"
"2004","Isole","Passengers embarked","Thousand passengers","13 893"
"2004","Isole","Passengers disembarked","Thousand passengers","14 055"
"2004","Sicilia","Passengers embarked and disembarked","Thousand passengers","14 222"
"2004","Sicilia","Passengers embarked","Thousand passengers","7 954"
"2004","Sicilia","Passengers disembarked","Thousand passengers","8 108"
"2004","Sardegna","Passengers embarked and disembarked","Thousand passengers","8 847"
"2004","Sardegna","Passengers embarked","Thousand passengers","5 939"
"2004","Sardegna","Passengers disembarked","Thousand passengers","5 947"
"2005","Italy","Passengers embarked and disembarked","Thousand passengers","40 656"
"2005","Italy","Passengers embarked","Thousand passengers","37 198"
"2005","Italy","Passengers disembarked","Thousand passengers","37 276"
"2005","Nord-Ovest","Passengers embarked and disembarked","Thousand passengers","2 539"
"2005","Nord-Ovest","Passengers embarked","Thousand passengers","1 274"
"2005","Nord-Ovest","Passengers disembarked","Thousand passengers","1 265"
"2005","Liguria","Passengers embarked and disembarked","Thousand passengers","2 539"
"2005","Liguria","Passengers embarked","Thousand passengers","1 274"
"2005","Liguria","Passengers disembarked","Thousand passengers","1 265"
"2005","Nord-Est","Passengers embarked and disembarked","Thousand passengers","610"
"2005","Nord-Est","Passengers embarked","Thousand passengers","311"
"2005","Nord-Est","Passengers disembarked","Thousand passengers","299"
"2005","Veneto","Passengers embarked and disembarked","Thousand passengers","610"
"2005","Veneto","Passengers embarked","Thousand passengers","311"
"2005","Veneto","Passengers disembarked","Thousand passengers","299"
"2005","Friuli-Venezia Giulia","Passengers embarked and disembarked","Thousand passengers",":"
"2005","Friuli-Venezia Giulia","Passengers embarked","Thousand passengers",":"
"2005","Friuli-Venezia Giulia","Passengers disembarked","Thousand passengers",":"
"2005","Emilia-Romagna","Passengers embarked and disembarked","Thousand passengers",":"
"2005","Emilia-Romagna","Passengers embarked","Thousand passengers",":"
"2005","Emilia-Romagna","Passengers disembarked","Thousand passengers",":"
"2005","Centro (IT)","Passengers embarked and disembarked","Thousand passengers","9 770"
"2005","Centro (IT)","Passengers embarked","Thousand passengers","6 521"
"2005","Centro (IT)","Passengers disembarked","Thousand passengers","6 518"
"2005","Toscana","Passengers embarked and disembarked","Thousand passengers","5 871"
"2005","Toscana","Passengers embarked","Thousand passengers","4 461"
"2005","Toscana","Passengers disembarked","Thousand passengers","4 527"
"2005","Marche","Passengers embarked and disembarked","Thousand passengers","1 473"
"2005","Marche","Passengers embarked","Thousand passengers","754"
"2005","Marche","Passengers disembarked","Thousand passengers","718"
"2005","Lazio","Passengers embarked and disembarked","Thousand passengers","2 429"
"2005","Lazio","Passengers embarked","Thousand passengers","1 306"
"2005","Lazio","Passengers disembarked","Thousand passengers","1 272"
"2005","Sud","Passengers embarked and disembarked","Thousand passengers","21 154"
"2005","Sud","Passengers embarked","Thousand passengers","14 908"
"2005","Sud","Passengers disembarked","Thousand passengers","14 824"
"2005","Abruzzo","Passengers embarked and disembarked","Thousand passengers",":"
"2005","Abruzzo","Passengers embarked","Thousand passengers",":"
"2005","Abruzzo","Passengers disembarked","Thousand passengers",":"
"2005","Molise","Passengers embarked and disembarked","Thousand passengers",":"
"2005","Molise","Passengers embarked","Thousand passengers",":"
"2005","Molise","Passengers disembarked","Thousand passengers",":"
"2005","Campania","Passengers embarked and disembarked","Thousand passengers","9 755"
"2005","Campania","Passengers embarked","Thousand passengers","9 138"
"2005","Campania","Passengers disembarked","Thousand passengers","9 195"
"2005","Puglia","Passengers embarked and disembarked","Thousand passengers","1 755"
"2005","Puglia","Passengers embarked","Thousand passengers","862"
"2005","Puglia","Passengers disembarked","Thousand passengers","893"
"2005","Calabria","Passengers embarked and disembarked","Thousand passengers","9 645"
"2005","Calabria","Passengers embarked","Thousand passengers","4 909"
"2005","Calabria","Passengers disembarked","Thousand passengers","4 736"
"2005","Isole","Passengers embarked and disembarked","Thousand passengers","22 864"
"2005","Isole","Passengers embarked","Thousand passengers","14 005"
"2005","Isole","Passengers disembarked","Thousand passengers","14 198"
"2005","Sicilia","Passengers embarked and disembarked","Thousand passengers","14 138"
"2005","Sicilia","Passengers embarked","Thousand passengers","8 240"
"2005","Sicilia","Passengers disembarked","Thousand passengers","8 348"
"2005","Sardegna","Passengers embarked and disembarked","Thousand passengers","8 822"
"2005","Sardegna","Passengers embarked","Thousand passengers","5 765"
"2005","Sardegna","Passengers disembarked","Thousand passengers","5 850"
"2006","Italy","Passengers embarked and disembarked","Thousand passengers","45 258"
"2006","Italy","Passengers embarked","Thousand passengers","41 774"
"2006","Italy","Passengers disembarked","Thousand passengers","41 713"
"2006","Nord-Ovest","Passengers embarked and disembarked","Thousand passengers","2 591"
"2006","Nord-Ovest","Passengers embarked","Thousand passengers","1 299"
"2006","Nord-Ovest","Passengers disembarked","Thousand passengers","1 292"
"2006","Liguria","Passengers embarked and disembarked","Thousand passengers","2 591"
"2006","Liguria","Passengers embarked","Thousand passengers","1 299"
"2006","Liguria","Passengers disembarked","Thousand passengers","1 292"
"2006","Nord-Est","Passengers embarked and disembarked","Thousand passengers","672"
"2006","Nord-Est","Passengers embarked","Thousand passengers","341"
"2006","Nord-Est","Passengers disembarked","Thousand passengers","331"
"2006","Veneto","Passengers embarked and disembarked","Thousand passengers","672"
"2006","Veneto","Passengers embarked","Thousand passengers","341"
"2006","Veneto","Passengers disembarked","Thousand passengers","331"
"2006","Friuli-Venezia Giulia","Passengers embarked and disembarked","Thousand passengers",":"
"2006","Friuli-Venezia Giulia","Passengers embarked","Thousand passengers",":"
"2006","Friuli-Venezia Giulia","Passengers disembarked","Thousand passengers",":"
"2006","Emilia-Romagna","Passengers embarked and disembarked","Thousand passengers",":"
"2006","Emilia-Romagna","Passengers embarked","Thousand passengers",":"
"2006","Emilia-Romagna","Passengers disembarked","Thousand passengers",":"
"2006","Centro (IT)","Passengers embarked and disembarked","Thousand passengers","11 480"
"2006","Centro (IT)","Passengers embarked","Thousand passengers","7 930"
"2006","Centro (IT)","Passengers disembarked","Thousand passengers","7 876"
"2006","Toscana","Passengers embarked and disembarked","Thousand passengers","6 965"
"2006","Toscana","Passengers embarked","Thousand passengers","5 506"
"2006","Toscana","Passengers disembarked","Thousand passengers","5 352"
"2006","Marche","Passengers embarked and disembarked","Thousand passengers","1 553"
"2006","Marche","Passengers embarked","Thousand passengers","807"
"2006","Marche","Passengers disembarked","Thousand passengers","746"
"2006","Lazio","Passengers embarked and disembarked","Thousand passengers","3 130"
"2006","Lazio","Passengers embarked","Thousand passengers","1 618"
"2006","Lazio","Passengers disembarked","Thousand passengers","1 778"
"2006","Sud","Passengers embarked and disembarked","Thousand passengers","24 262"
"2006","Sud","Passengers embarked","Thousand passengers","17 427"
"2006","Sud","Passengers disembarked","Thousand passengers","17 229"
"2006","Abruzzo","Passengers embarked and disembarked","Thousand passengers",":"
"2006","Abruzzo","Passengers embarked","Thousand passengers",":"
"2006","Abruzzo","Passengers disembarked","Thousand passengers",":"
"2006","Molise","Passengers embarked and disembarked","Thousand passengers","206"
"2006","Molise","Passengers embarked","Thousand passengers","103"
"2006","Molise","Passengers disembarked","Thousand passengers","103"
"2006","Campania","Passengers embarked and disembarked","Thousand passengers","11 580"
"2006","Campania","Passengers embarked","Thousand passengers","10 874"
"2006","Campania","Passengers disembarked","Thousand passengers","10 897"
"2006","Puglia","Passengers embarked and disembarked","Thousand passengers","2 009"
"2006","Puglia","Passengers embarked","Thousand passengers","994"
"2006","Puglia","Passengers disembarked","Thousand passengers","1 015"
"2006","Calabria","Passengers embarked and disembarked","Thousand passengers","10 669"
"2006","Calabria","Passengers embarked","Thousand passengers","5 455"
"2006","Calabria","Passengers disembarked","Thousand passengers","5 214"
"2006","Isole","Passengers embarked and disembarked","Thousand passengers","24 432"
"2006","Isole","Passengers embarked","Thousand passengers","14 589"
"2006","Isole","Passengers disembarked","Thousand passengers","14 805"
"2006","Sicilia","Passengers embarked and disembarked","Thousand passengers","14 649"
"2006","Sicilia","Passengers embarked","Thousand passengers","7 983"
"2006","Sicilia","Passengers disembarked","Thousand passengers","8 164"
"2006","Sardegna","Passengers embarked and disembarked","Thousand passengers","9 867"
"2006","Sardegna","Passengers embarked","Thousand passengers","6 606"
"2006","Sardegna","Passengers disembarked","Thousand passengers","6 641"
"2007","Italy","Passengers embarked and disembarked","Thousand passengers","44 622"
"2007","Italy","Passengers embarked","Thousand passengers","41 093"
"2007","Italy","Passengers disembarked","Thousand passengers","41 105"
"2007","Nord-Ovest","Passengers embarked and disembarked","Thousand passengers","2 703"
"2007","Nord-Ovest","Passengers embarked","Thousand passengers","1 377"
"2007","Nord-Ovest","Passengers disembarked","Thousand passengers","1 327"
"2007","Liguria","Passengers embarked and disembarked","Thousand passengers","2 703"
"2007","Liguria","Passengers embarked","Thousand passengers","1 377"
"2007","Liguria","Passengers disembarked","Thousand passengers","1 327"
"2007","Nord-Est","Passengers embarked and disembarked","Thousand passengers","498"
"2007","Nord-Est","Passengers embarked","Thousand passengers","251"
"2007","Nord-Est","Passengers disembarked","Thousand passengers","247"
"2007","Veneto","Passengers embarked and disembarked","Thousand passengers","498"
"2007","Veneto","Passengers embarked","Thousand passengers","251"
"2007","Veneto","Passengers disembarked","Thousand passengers","247"
"2007","Friuli-Venezia Giulia","Passengers embarked and disembarked","Thousand passengers",":"
"2007","Friuli-Venezia Giulia","Passengers embarked","Thousand passengers",":"
"2007","Friuli-Venezia Giulia","Passengers disembarked","Thousand passengers",":"
"2007","Emilia-Romagna","Passengers embarked and disembarked","Thousand passengers",":"
"2007","Emilia-Romagna","Passengers embarked","Thousand passengers",":"
"2007","Emilia-Romagna","Passengers disembarked","Thousand passengers",":"
"2007","Centro (IT)","Passengers embarked and disembarked","Thousand passengers","11 193"
"2007","Centro (IT)","Passengers embarked","Thousand passengers","7 633"
"2007","Centro (IT)","Passengers disembarked","Thousand passengers","7 605"
"2007","Toscana","Passengers embarked and disembarked","Thousand passengers","7 181"
"2007","Toscana","Passengers embarked","Thousand passengers","5 513"
"2007","Toscana","Passengers disembarked","Thousand passengers","5 498"
"2007","Marche","Passengers embarked and disembarked","Thousand passengers","1 473"
"2007","Marche","Passengers embarked","Thousand passengers","745"
"2007","Marche","Passengers disembarked","Thousand passengers","729"
"2007","Lazio","Passengers embarked and disembarked","Thousand passengers","2 549"
"2007","Lazio","Passengers embarked","Thousand passengers","1 375"
"2007","Lazio","Passengers disembarked","Thousand passengers","1 378"
"2007","Sud","Passengers embarked and disembarked","Thousand passengers","23 729"
"2007","Sud","Passengers embarked","Thousand passengers","16 931"
"2007","Sud","Passengers disembarked","Thousand passengers","16 871"
"2007","Abruzzo","Passengers embarked and disembarked","Thousand passengers",":"
"2007","Abruzzo","Passengers embarked","Thousand passengers",":"
"2007","Abruzzo","Passengers disembarked","Thousand passengers",":"
"2007","Molise","Passengers embarked and disembarked","Thousand passengers","241"
"2007","Molise","Passengers embarked","Thousand passengers","116"
"2007","Molise","Passengers disembarked","Thousand passengers","125"
"2007","Campania","Passengers embarked and disembarked","Thousand passengers","11 220"
"2007","Campania","Passengers embarked","Thousand passengers","10 493"
"2007","Campania","Passengers disembarked","Thousand passengers","10 582"
"2007","Puglia","Passengers embarked and disembarked","Thousand passengers","2 150"
"2007","Puglia","Passengers embarked","Thousand passengers","1 071"
"2007","Puglia","Passengers disembarked","Thousand passengers","1 078"
"2007","Calabria","Passengers embarked and disembarked","Thousand passengers","10 336"
"2007","Calabria","Passengers embarked","Thousand passengers","5 250"
"2007","Calabria","Passengers disembarked","Thousand passengers","5 086"
"2007","Isole","Passengers embarked and disembarked","Thousand passengers","24 607"
"2007","Isole","Passengers embarked","Thousand passengers","14 901"
"2007","Isole","Passengers disembarked","Thousand passengers","15 055"
"2007","Sicilia","Passengers embarked and disembarked","Thousand passengers","14 183"
"2007","Sicilia","Passengers embarked","Thousand passengers","7 723"
"2007","Sicilia","Passengers disembarked","Thousand passengers","7 870"
"2007","Sardegna","Passengers embarked and disembarked","Thousand passengers","10 503"
"2007","Sardegna","Passengers embarked","Thousand passengers","7 179"
"2007","Sardegna","Passengers disembarked","Thousand passengers","7 185"
"2008","Italy","Passengers embarked and disembarked","Thousand passengers","46 977"
"2008","Italy","Passengers embarked","Thousand passengers","42 556"
"2008","Italy","Passengers disembarked","Thousand passengers","43 666"
"2008","Nord-Ovest","Passengers embarked and disembarked","Thousand passengers","2 596"
"2008","Nord-Ovest","Passengers embarked","Thousand passengers","1 312"
"2008","Nord-Ovest","Passengers disembarked","Thousand passengers","1 284"
"2008","Liguria","Passengers embarked and disembarked","Thousand passengers","2 596"
"2008","Liguria","Passengers embarked","Thousand passengers","1 312"
"2008","Liguria","Passengers disembarked","Thousand passengers","1 284"
"2008","Nord-Est","Passengers embarked and disembarked","Thousand passengers","487"
"2008","Nord-Est","Passengers embarked","Thousand passengers","240"
"2008","Nord-Est","Passengers disembarked","Thousand passengers","247"
"2008","Veneto","Passengers embarked and disembarked","Thousand passengers","487"
"2008","Veneto","Passengers embarked","Thousand passengers","240"
"2008","Veneto","Passengers disembarked","Thousand passengers","247"
"2008","Friuli-Venezia Giulia","Passengers embarked and disembarked","Thousand passengers",":"
"2008","Friuli-Venezia Giulia","Passengers embarked","Thousand passengers",":"
"2008","Friuli-Venezia Giulia","Passengers disembarked","Thousand passengers",":"
"2008","Emilia-Romagna","Passengers embarked and disembarked","Thousand passengers",":"
"2008","Emilia-Romagna","Passengers embarked","Thousand passengers",":"
"2008","Emilia-Romagna","Passengers disembarked","Thousand passengers",":"
"2008","Centro (IT)","Passengers embarked and disembarked","Thousand passengers","13 890"
"2008","Centro (IT)","Passengers embarked","Thousand passengers","8 881"
"2008","Centro (IT)","Passengers disembarked","Thousand passengers","9 630"
"2008","Toscana","Passengers embarked and disembarked","Thousand passengers","9 225"
"2008","Toscana","Passengers embarked","Thousand passengers","6 433"
"2008","Toscana","Passengers disembarked","Thousand passengers","7 225"
"2008","Marche","Passengers embarked and disembarked","Thousand passengers","1 447"
"2008","Marche","Passengers embarked","Thousand passengers","734"
"2008","Marche","Passengers disembarked","Thousand passengers","713"
"2008","Lazio","Passengers embarked and disembarked","Thousand passengers","3 218"
"2008","Lazio","Passengers embarked","Thousand passengers","1 714"
"2008","Lazio","Passengers disembarked","Thousand passengers","1 693"
"2008","Sud","Passengers embarked and disembarked","Thousand passengers","23 897"
"2008","Sud","Passengers embarked","Thousand passengers","17 151"
"2008","Sud","Passengers disembarked","Thousand passengers","17 250"
"2008","Abruzzo","Passengers embarked and disembarked","Thousand passengers",":"
"2008","Abruzzo","Passengers embarked","Thousand passengers",":"
"2008","Abruzzo","Passengers disembarked","Thousand passengers",":"
"2008","Molise","Passengers embarked and disembarked","Thousand passengers",":"
"2008","Molise","Passengers embarked","Thousand passengers",":"
"2008","Molise","Passengers disembarked","Thousand passengers",":"
"2008","Campania","Passengers embarked and disembarked","Thousand passengers","11 848"
"2008","Campania","Passengers embarked","Thousand passengers","11 038"
"2008","Campania","Passengers disembarked","Thousand passengers","11 314"
"2008","Puglia","Passengers embarked and disembarked","Thousand passengers","1 933"
"2008","Puglia","Passengers embarked","Thousand passengers","971"
"2008","Puglia","Passengers disembarked","Thousand passengers","962"
"2008","Calabria","Passengers embarked and disembarked","Thousand passengers","10 116"
"2008","Calabria","Passengers embarked","Thousand passengers","5 142"
"2008","Calabria","Passengers disembarked","Thousand passengers","4 975"
"2008","Isole","Passengers embarked and disembarked","Thousand passengers","24 716"
"2008","Isole","Passengers embarked","Thousand passengers","14 794"
"2008","Isole","Passengers disembarked","Thousand passengers","15 083"
"2008","Sicilia","Passengers embarked and disembarked","Thousand passengers","14 905"
"2008","Sicilia","Passengers embarked","Thousand passengers","8 254"
"2008","Sicilia","Passengers disembarked","Thousand passengers","8 403"
"2008","Sardegna","Passengers embarked and disembarked","Thousand passengers","9 902"
"2008","Sardegna","Passengers embarked","Thousand passengers","6 540"
"2008","Sardegna","Passengers disembarked","Thousand passengers","6 681"
"2009","Italy","Passengers embarked and disembarked","Thousand passengers","50 373"
"2009","Italy","Passengers embarked","Thousand passengers","41 748"
"2009","Italy","Passengers disembarked","Thousand passengers","44 383"
"2009","Nord-Ovest","Passengers embarked and disembarked","Thousand passengers","3 511"
"2009","Nord-Ovest","Passengers embarked","Thousand passengers","1 743"
"2009","Nord-Ovest","Passengers disembarked","Thousand passengers","1 769"
"2009","Liguria","Passengers embarked and disembarked","Thousand passengers","3 511"
"2009","Liguria","Passengers embarked","Thousand passengers","1 743"
"2009","Liguria","Passengers disembarked","Thousand passengers","1 769"
"2009","Nord-Est","Passengers embarked and disembarked","Thousand passengers","841"
"2009","Nord-Est","Passengers embarked","Thousand passengers","142"
"2009","Nord-Est","Passengers disembarked","Thousand passengers","698"
"2009","Veneto","Passengers embarked and disembarked","Thousand passengers","841"
"2009","Veneto","Passengers embarked","Thousand passengers","142"
"2009","Veneto","Passengers disembarked","Thousand passengers","698"
"2009","Friuli-Venezia Giulia","Passengers embarked and disembarked","Thousand passengers",":"
"2009","Friuli-Venezia Giulia","Passengers embarked","Thousand passengers",":"
"2009","Friuli-Venezia Giulia","Passengers disembarked","Thousand passengers",":"
"2009","Emilia-Romagna","Passengers embarked and disembarked","Thousand passengers",":"
"2009","Emilia-Romagna","Passengers embarked","Thousand passengers",":"
"2009","Emilia-Romagna","Passengers disembarked","Thousand passengers",":"
"2009","Centro (IT)","Passengers embarked and disembarked","Thousand passengers","12 872"
"2009","Centro (IT)","Passengers embarked","Thousand passengers","8 310"
"2009","Centro (IT)","Passengers disembarked","Thousand passengers","9 072"
"2009","Toscana","Passengers embarked and disembarked","Thousand passengers","8 374"
"2009","Toscana","Passengers embarked","Thousand passengers","5 925"
"2009","Toscana","Passengers disembarked","Thousand passengers","6 715"
"2009","Marche","Passengers embarked and disembarked","Thousand passengers","1 461"
"2009","Marche","Passengers embarked","Thousand passengers","739"
"2009","Marche","Passengers disembarked","Thousand passengers","722"
"2009","Lazio","Passengers embarked and disembarked","Thousand passengers","3 084"
"2009","Lazio","Passengers embarked","Thousand passengers","1 645"
"2009","Lazio","Passengers disembarked","Thousand passengers","1 636"
"2009","Sud","Passengers embarked and disembarked","Thousand passengers","25 486"
"2009","Sud","Passengers embarked","Thousand passengers","16 777"
"2009","Sud","Passengers disembarked","Thousand passengers","18 244"
"2009","Abruzzo","Passengers embarked and disembarked","Thousand passengers",":"
"2009","Abruzzo","Passengers embarked","Thousand passengers",":"
"2009","Abruzzo","Passengers disembarked","Thousand passengers",":"
"2009","Molise","Passengers embarked and disembarked","Thousand passengers",":"
"2009","Molise","Passengers embarked","Thousand passengers",":"
"2009","Molise","Passengers disembarked","Thousand passengers",":"
"2009","Campania","Passengers embarked and disembarked","Thousand passengers","12 544"
"2009","Campania","Passengers embarked","Thousand passengers","10 865"
"2009","Campania","Passengers disembarked","Thousand passengers","11 213"
"2009","Puglia","Passengers embarked and disembarked","Thousand passengers","1 896"
"2009","Puglia","Passengers embarked","Thousand passengers","946"
"2009","Puglia","Passengers disembarked","Thousand passengers","950"
"2009","Calabria","Passengers embarked and disembarked","Thousand passengers","11 047"
"2009","Calabria","Passengers embarked","Thousand passengers","4 965"
"2009","Calabria","Passengers disembarked","Thousand passengers","6 081"
"2009","Isole","Passengers embarked and disembarked","Thousand passengers","24 198"
"2009","Isole","Passengers embarked","Thousand passengers","14 777"
"2009","Isole","Passengers disembarked","Thousand passengers","14 600"
"2009","Sicilia","Passengers embarked and disembarked","Thousand passengers","13 816"
"2009","Sicilia","Passengers embarked","Thousand passengers","8 131"
"2009","Sicilia","Passengers disembarked","Thousand passengers","7 682"
"2009","Sardegna","Passengers embarked and disembarked","Thousand passengers","10 441"
"2009","Sardegna","Passengers embarked","Thousand passengers","6 646"
"2009","Sardegna","Passengers disembarked","Thousand passengers","6 919"
"2010","Italy","Passengers embarked and disembarked","Thousand passengers","44 559"
"2010","Italy","Passengers embarked","Thousand passengers","41 167"
"2010","Italy","Passengers disembarked","Thousand passengers","41 031"
"2010","Nord-Ovest","Passengers embarked and disembarked","Thousand passengers","2 670"
"2010","Nord-Ovest","Passengers embarked","Thousand passengers","1 346"
"2010","Nord-Ovest","Passengers disembarked","Thousand passengers","1 324"
"2010","Liguria","Passengers embarked and disembarked","Thousand passengers","2 670"
"2010","Liguria","Passengers embarked","Thousand passengers","1 346"
"2010","Liguria","Passengers disembarked","Thousand passengers","1 324"
"2010","Nord-Est","Passengers embarked and disembarked","Thousand passengers","354"
"2010","Nord-Est","Passengers embarked","Thousand passengers","180"
"2010","Nord-Est","Passengers disembarked","Thousand passengers","174"
"2010","Veneto","Passengers embarked and disembarked","Thousand passengers","354"
"2010","Veneto","Passengers embarked","Thousand passengers","180"
"2010","Veneto","Passengers disembarked","Thousand passengers","174"
"2010","Friuli-Venezia Giulia","Passengers embarked and disembarked","Thousand passengers",":"
"2010","Friuli-Venezia Giulia","Passengers embarked","Thousand passengers",":"
"2010","Friuli-Venezia Giulia","Passengers disembarked","Thousand passengers",":"
"2010","Emilia-Romagna","Passengers embarked and disembarked","Thousand passengers",":"
"2010","Emilia-Romagna","Passengers embarked","Thousand passengers",":"
"2010","Emilia-Romagna","Passengers disembarked","Thousand passengers",":"
"2010","Centro (IT)","Passengers embarked and disembarked","Thousand passengers","10 928"
"2010","Centro (IT)","Passengers embarked","Thousand passengers","7 416"
"2010","Centro (IT)","Passengers disembarked","Thousand passengers","7 177"
"2010","Toscana","Passengers embarked and disembarked","Thousand passengers","6 717"
"2010","Toscana","Passengers embarked","Thousand passengers","5 203"
"2010","Toscana","Passengers disembarked","Thousand passengers","4 985"
"2010","Marche","Passengers embarked and disembarked","Thousand passengers","1 517"
"2010","Marche","Passengers embarked","Thousand passengers","771"
"2010","Marche","Passengers disembarked","Thousand passengers","746"
"2010","Lazio","Passengers embarked and disembarked","Thousand passengers","2 693"
"2010","Lazio","Passengers embarked","Thousand passengers","1 442"
"2010","Lazio","Passengers disembarked","Thousand passengers","1 446"
"2010","Sud","Passengers embarked and disembarked","Thousand passengers","24 303"
"2010","Sud","Passengers embarked","Thousand passengers","17 819"
"2010","Sud","Passengers disembarked","Thousand passengers","17 918"
"2010","Abruzzo","Passengers embarked and disembarked","Thousand passengers",":"
"2010","Abruzzo","Passengers embarked","Thousand passengers",":"
"2010","Abruzzo","Passengers disembarked","Thousand passengers",":"
"2010","Molise","Passengers embarked and disembarked","Thousand passengers",":"
"2010","Molise","Passengers embarked","Thousand passengers",":"
"2010","Molise","Passengers disembarked","Thousand passengers",":"
"2010","Campania","Passengers embarked and disembarked","Thousand passengers","12 428"
"2010","Campania","Passengers embarked","Thousand passengers","11 874"
"2010","Campania","Passengers disembarked","Thousand passengers","11 984"
"2010","Puglia","Passengers embarked and disembarked","Thousand passengers","1 987"
"2010","Puglia","Passengers embarked","Thousand passengers","999"
"2010","Puglia","Passengers disembarked","Thousand passengers","988"
"2010","Calabria","Passengers embarked and disembarked","Thousand passengers","9 891"
"2010","Calabria","Passengers embarked","Thousand passengers","4 945"
"2010","Calabria","Passengers disembarked","Thousand passengers","4 946"
"2010","Isole","Passengers embarked and disembarked","Thousand passengers","23 646"
"2010","Isole","Passengers embarked","Thousand passengers","14 252"
"2010","Isole","Passengers disembarked","Thousand passengers","14 271"
"2010","Sicilia","Passengers embarked and disembarked","Thousand passengers","14 492"
"2010","Sicilia","Passengers embarked","Thousand passengers","8 231"
"2010","Sicilia","Passengers disembarked","Thousand passengers","8 095"
"2010","Sardegna","Passengers embarked and disembarked","Thousand passengers","9 190"
"2010","Sardegna","Passengers embarked","Thousand passengers","6 021"
"2010","Sardegna","Passengers disembarked","Thousand passengers","6 176"
"2011","Italy","Passengers embarked and disembarked","Thousand passengers","40 998"
"2011","Italy","Passengers embarked","Thousand passengers","37 980"
"2011","Italy","Passengers disembarked","Thousand passengers","37 678"
"2011","Nord-Ovest","Passengers embarked and disembarked","Thousand passengers","1 939"
"2011","Nord-Ovest","Passengers embarked","Thousand passengers","1 003"
"2011","Nord-Ovest","Passengers disembarked","Thousand passengers","936"
"2011","Liguria","Passengers embarked and disembarked","Thousand passengers","1 939"
"2011","Liguria","Passengers embarked","Thousand passengers","1 003"
"2011","Liguria","Passengers disembarked","Thousand passengers","936"
"2011","Nord-Est","Passengers embarked and disembarked","Thousand passengers","288"
"2011","Nord-Est","Passengers embarked","Thousand passengers","133"
"2011","Nord-Est","Passengers disembarked","Thousand passengers","155"
"2011","Veneto","Passengers embarked and disembarked","Thousand passengers","288"
"2011","Veneto","Passengers embarked","Thousand passengers","133"
"2011","Veneto","Passengers disembarked","Thousand passengers","155"
"2011","Friuli-Venezia Giulia","Passengers embarked and disembarked","Thousand passengers",":"
"2011","Friuli-Venezia Giulia","Passengers embarked","Thousand passengers",":"
"2011","Friuli-Venezia Giulia","Passengers disembarked","Thousand passengers",":"
"2011","Emilia-Romagna","Passengers embarked and disembarked","Thousand passengers",":"
"2011","Emilia-Romagna","Passengers embarked","Thousand passengers",":"
"2011","Emilia-Romagna","Passengers disembarked","Thousand passengers",":"
"2011","Centro (IT)","Passengers embarked and disembarked","Thousand passengers","11 033"
"2011","Centro (IT)","Passengers embarked","Thousand passengers","7 447"
"2011","Centro (IT)","Passengers disembarked","Thousand passengers","7 371"
"2011","Toscana","Passengers embarked and disembarked","Thousand passengers","6 934"
"2011","Toscana","Passengers embarked","Thousand passengers","5 306"
"2011","Toscana","Passengers disembarked","Thousand passengers","5 221"
"2011","Marche","Passengers embarked and disembarked","Thousand passengers","1 409"
"2011","Marche","Passengers embarked","Thousand passengers","721"
"2011","Marche","Passengers disembarked","Thousand passengers","688"
"2011","Lazio","Passengers embarked and disembarked","Thousand passengers","2 691"
"2011","Lazio","Passengers embarked","Thousand passengers","1 420"
"2011","Lazio","Passengers disembarked","Thousand passengers","1 463"
"2011","Sud","Passengers embarked and disembarked","Thousand passengers","22 059"
"2011","Sud","Passengers embarked","Thousand passengers","16 862"
"2011","Sud","Passengers disembarked","Thousand passengers","16 767"
"2011","Abruzzo","Passengers embarked and disembarked","Thousand passengers",":"
"2011","Abruzzo","Passengers embarked","Thousand passengers",":"
"2011","Abruzzo","Passengers disembarked","Thousand passengers",":"
"2011","Molise","Passengers embarked and disembarked","Thousand passengers","206"
"2011","Molise","Passengers embarked","Thousand passengers","103"
"2011","Molise","Passengers disembarked","Thousand passengers","103"
"2011","Campania","Passengers embarked and disembarked","Thousand passengers","12 180"
"2011","Campania","Passengers embarked","Thousand passengers","11 818"
"2011","Campania","Passengers disembarked","Thousand passengers","11 726"
"2011","Puglia","Passengers embarked and disembarked","Thousand passengers","2 175"
"2011","Puglia","Passengers embarked","Thousand passengers","1 054"
"2011","Puglia","Passengers disembarked","Thousand passengers","1 121"
"2011","Calabria","Passengers embarked and disembarked","Thousand passengers","7 704"
"2011","Calabria","Passengers embarked","Thousand passengers","3 887"
"2011","Calabria","Passengers disembarked","Thousand passengers","3 817"
"2011","Isole","Passengers embarked and disembarked","Thousand passengers","20 441"
"2011","Isole","Passengers embarked","Thousand passengers","12 528"
"2011","Isole","Passengers disembarked","Thousand passengers","12 442"
"2011","Sicilia","Passengers embarked and disembarked","Thousand passengers","11 679"
"2011","Sicilia","Passengers embarked","Thousand passengers","6 745"
"2011","Sicilia","Passengers disembarked","Thousand passengers","6 713"
"2011","Sardegna","Passengers embarked and disembarked","Thousand passengers","8 801"
"2011","Sardegna","Passengers embarked","Thousand passengers","5 784"
"2011","Sardegna","Passengers disembarked","Thousand passengers","5 730"
"2012","Italy","Passengers embarked and disembarked","Thousand passengers","37 645"
"2012","Italy","Passengers embarked","Thousand passengers","34 580"
"2012","Italy","Passengers disembarked","Thousand passengers","34 669"
"2012","Nord-Ovest","Passengers embarked and disembarked","Thousand passengers","1 981"
"2012","Nord-Ovest","Passengers embarked","Thousand passengers","1 016"
"2012","Nord-Ovest","Passengers disembarked","Thousand passengers","965"
"2012","Liguria","Passengers embarked and disembarked","Thousand passengers","1 981"
"2012","Liguria","Passengers embarked","Thousand passengers","1 016"
"2012","Liguria","Passengers disembarked","Thousand passengers","965"
"2012","Nord-Est","Passengers embarked and disembarked","Thousand passengers","220"
"2012","Nord-Est","Passengers embarked","Thousand passengers","105"
"2012","Nord-Est","Passengers disembarked","Thousand passengers","114"
"2012","Veneto","Passengers embarked and disembarked","Thousand passengers","220"
"2012","Veneto","Passengers embarked","Thousand passengers","105"
"2012","Veneto","Passengers disembarked","Thousand passengers","114"
"2012","Friuli-Venezia Giulia","Passengers embarked and disembarked","Thousand passengers",":"
"2012","Friuli-Venezia Giulia","Passengers embarked","Thousand passengers",":"
"2012","Friuli-Venezia Giulia","Passengers disembarked","Thousand passengers",":"
"2012","Emilia-Romagna","Passengers embarked and disembarked","Thousand passengers",":"
"2012","Emilia-Romagna","Passengers embarked","Thousand passengers",":"
"2012","Emilia-Romagna","Passengers disembarked","Thousand passengers",":"
"2012","Centro (IT)","Passengers embarked and disembarked","Thousand passengers","8 915"
"2012","Centro (IT)","Passengers embarked","Thousand passengers","6 421"
"2012","Centro (IT)","Passengers disembarked","Thousand passengers","6 431"
"2012","Toscana","Passengers embarked and disembarked","Thousand passengers","5 813"
"2012","Toscana","Passengers embarked","Thousand passengers","4 788"
"2012","Toscana","Passengers disembarked","Thousand passengers","4 786"
"2012","Marche","Passengers embarked and disembarked","Thousand passengers","1 065"
"2012","Marche","Passengers embarked","Thousand passengers","541"
"2012","Marche","Passengers disembarked","Thousand passengers","525"
"2012","Lazio","Passengers embarked and disembarked","Thousand passengers","2 037"
"2012","Lazio","Passengers embarked","Thousand passengers","1 093"
"2012","Lazio","Passengers disembarked","Thousand passengers","1 120"
"2012","Sud","Passengers embarked and disembarked","Thousand passengers","21 390"
"2012","Sud","Passengers embarked","Thousand passengers","16 145"
"2012","Sud","Passengers disembarked","Thousand passengers","16 096"
"2012","Abruzzo","Passengers embarked and disembarked","Thousand passengers",":"
"2012","Abruzzo","Passengers embarked","Thousand passengers",":"
"2012","Abruzzo","Passengers disembarked","Thousand passengers",":"
"2012","Molise","Passengers embarked and disembarked","Thousand passengers","194"
"2012","Molise","Passengers embarked","Thousand passengers","95"
"2012","Molise","Passengers disembarked","Thousand passengers","99"
"2012","Campania","Passengers embarked and disembarked","Thousand passengers","11 664"
"2012","Campania","Passengers embarked","Thousand passengers","11 153"
"2012","Campania","Passengers disembarked","Thousand passengers","11 170"
"2012","Puglia","Passengers embarked and disembarked","Thousand passengers","1 963"
"2012","Puglia","Passengers embarked","Thousand passengers","930"
"2012","Puglia","Passengers disembarked","Thousand passengers","1 033"
"2012","Calabria","Passengers embarked and disembarked","Thousand passengers","7 760"
"2012","Calabria","Passengers embarked","Thousand passengers","3 966"
"2012","Calabria","Passengers disembarked","Thousand passengers","3 794"
"2012","Isole","Passengers embarked and disembarked","Thousand passengers","18 062"
"2012","Isole","Passengers embarked","Thousand passengers","10 836"
"2012","Isole","Passengers disembarked","Thousand passengers","11 012"
"2012","Sicilia","Passengers embarked and disembarked","Thousand passengers","11 395"
"2012","Sicilia","Passengers embarked","Thousand passengers","6 271"
"2012","Sicilia","Passengers disembarked","Thousand passengers","6 388"
"2012","Sardegna","Passengers embarked and disembarked","Thousand passengers","6 702"
"2012","Sardegna","Passengers embarked","Thousand passengers","4 564"
"2012","Sardegna","Passengers disembarked","Thousand passengers","4 624"
"2013","Italy","Passengers embarked and disembarked","Thousand passengers","36 107"
"2013","Italy","Passengers embarked","Thousand passengers","33 093"
"2013","Italy","Passengers disembarked","Thousand passengers","33 348"
"2013","Nord-Ovest","Passengers embarked and disembarked","Thousand passengers","1 957"
"2013","Nord-Ovest","Passengers embarked","Thousand passengers","966"
"2013","Nord-Ovest","Passengers disembarked","Thousand passengers","990"
"2013","Liguria","Passengers embarked and disembarked","Thousand passengers","1 957"
"2013","Liguria","Passengers embarked","Thousand passengers","966"
"2013","Liguria","Passengers disembarked","Thousand passengers","990"
"2013","Nord-Est","Passengers embarked and disembarked","Thousand passengers","191"
"2013","Nord-Est","Passengers embarked","Thousand passengers","91"
"2013","Nord-Est","Passengers disembarked","Thousand passengers","100"
"2013","Veneto","Passengers embarked and disembarked","Thousand passengers","191"
"2013","Veneto","Passengers embarked","Thousand passengers","91"
"2013","Veneto","Passengers disembarked","Thousand passengers","100"
"2013","Friuli-Venezia Giulia","Passengers embarked and disembarked","Thousand passengers",":"
"2013","Friuli-Venezia Giulia","Passengers embarked","Thousand passengers",":"
"2013","Friuli-Venezia Giulia","Passengers disembarked","Thousand passengers",":"
"2013","Emilia-Romagna","Passengers embarked and disembarked","Thousand passengers",":"
"2013","Emilia-Romagna","Passengers embarked","Thousand passengers",":"
"2013","Emilia-Romagna","Passengers disembarked","Thousand passengers",":"
"2013","Centro (IT)","Passengers embarked and disembarked","Thousand passengers","8 779"
"2013","Centro (IT)","Passengers embarked","Thousand passengers","6 287"
"2013","Centro (IT)","Passengers disembarked","Thousand passengers","6 315"
"2013","Toscana","Passengers embarked and disembarked","Thousand passengers","5 854"
"2013","Toscana","Passengers embarked","Thousand passengers","4 749"
"2013","Toscana","Passengers disembarked","Thousand passengers","4 762"
"2013","Marche","Passengers embarked and disembarked","Thousand passengers","1 065"
"2013","Marche","Passengers embarked","Thousand passengers","542"
"2013","Marche","Passengers disembarked","Thousand passengers","523"
"2013","Lazio","Passengers embarked and disembarked","Thousand passengers","1 860"
"2013","Lazio","Passengers embarked","Thousand passengers","997"
"2013","Lazio","Passengers disembarked","Thousand passengers","1 030"
"2013","Sud","Passengers embarked and disembarked","Thousand passengers","19 802"
"2013","Sud","Passengers embarked","Thousand passengers","14 935"
"2013","Sud","Passengers disembarked","Thousand passengers","15 244"
"2013","Abruzzo","Passengers embarked and disembarked","Thousand passengers",":"
"2013","Abruzzo","Passengers embarked","Thousand passengers",":"
"2013","Abruzzo","Passengers disembarked","Thousand passengers",":"
"2013","Molise","Passengers embarked and disembarked","Thousand passengers","170"
"2013","Molise","Passengers embarked","Thousand passengers","85"
"2013","Molise","Passengers disembarked","Thousand passengers","85"
"2013","Campania","Passengers embarked and disembarked","Thousand passengers","11 229"
"2013","Campania","Passengers embarked","Thousand passengers","10 632"
"2013","Campania","Passengers disembarked","Thousand passengers","10 803"
"2013","Puglia","Passengers embarked and disembarked","Thousand passengers","1 815"
"2013","Puglia","Passengers embarked","Thousand passengers","872"
"2013","Puglia","Passengers disembarked","Thousand passengers","943"
"2013","Calabria","Passengers embarked and disembarked","Thousand passengers","6 758"
"2013","Calabria","Passengers embarked","Thousand passengers","3 345"
"2013","Calabria","Passengers disembarked","Thousand passengers","3 413"
"2013","Isole","Passengers embarked and disembarked","Thousand passengers","17 262"
"2013","Isole","Passengers embarked","Thousand passengers","10 742"
"2013","Isole","Passengers disembarked","Thousand passengers","10 611"
"2013","Sicilia","Passengers embarked and disembarked","Thousand passengers","10 517"
"2013","Sicilia","Passengers embarked","Thousand passengers","6 050"
"2013","Sicilia","Passengers disembarked","Thousand passengers","5 937"
"2013","Sardegna","Passengers embarked and disembarked","Thousand passengers","6 787"
"2013","Sardegna","Passengers embarked","Thousand passengers","4 692"
"2013","Sardegna","Passengers disembarked","Thousand passengers","4 674"
"2014","Italy","Passengers embarked and disembarked","Thousand passengers","38 604"
"2014","Italy","Passengers embarked","Thousand passengers","33 441"
"2014","Italy","Passengers disembarked","Thousand passengers","33 478"
"2014","Nord-Ovest","Passengers embarked and disembarked","Thousand passengers","1 924"
"2014","Nord-Ovest","Passengers embarked","Thousand passengers","953"
"2014","Nord-Ovest","Passengers disembarked","Thousand passengers","971"
"2014","Liguria","Passengers embarked and disembarked","Thousand passengers","1 924"
"2014","Liguria","Passengers embarked","Thousand passengers","953"
"2014","Liguria","Passengers disembarked","Thousand passengers","971"
"2014","Nord-Est","Passengers embarked and disembarked","Thousand passengers","282"
"2014","Nord-Est","Passengers embarked","Thousand passengers","135"
"2014","Nord-Est","Passengers disembarked","Thousand passengers","147"
"2014","Veneto","Passengers embarked and disembarked","Thousand passengers","282"
"2014","Veneto","Passengers embarked","Thousand passengers","135"
"2014","Veneto","Passengers disembarked","Thousand passengers","147"
"2014","Friuli-Venezia Giulia","Passengers embarked and disembarked","Thousand passengers",":"
"2014","Friuli-Venezia Giulia","Passengers embarked","Thousand passengers",":"
"2014","Friuli-Venezia Giulia","Passengers disembarked","Thousand passengers",":"
"2014","Emilia-Romagna","Passengers embarked and disembarked","Thousand passengers",":"
"2014","Emilia-Romagna","Passengers embarked","Thousand passengers",":"
"2014","Emilia-Romagna","Passengers disembarked","Thousand passengers",":"
"2014","Centro (IT)","Passengers embarked and disembarked","Thousand passengers","8 585"
"2014","Centro (IT)","Passengers embarked","Thousand passengers","5 721"
"2014","Centro (IT)","Passengers disembarked","Thousand passengers","5 730"
"2014","Toscana","Passengers embarked and disembarked","Thousand passengers","5 745"
"2014","Toscana","Passengers embarked","Thousand passengers","4 290"
"2014","Toscana","Passengers disembarked","Thousand passengers","4 321"
"2014","Marche","Passengers embarked and disembarked","Thousand passengers","1 043"
"2014","Marche","Passengers embarked","Thousand passengers","525"
"2014","Marche","Passengers disembarked","Thousand passengers","518"
"2014","Lazio","Passengers embarked and disembarked","Thousand passengers","1 797"
"2014","Lazio","Passengers embarked","Thousand passengers","906"
"2014","Lazio","Passengers disembarked","Thousand passengers","891"
"2014","Sud","Passengers embarked and disembarked","Thousand passengers","19 655"
"2014","Sud","Passengers embarked","Thousand passengers","15 440"
"2014","Sud","Passengers disembarked","Thousand passengers","14 811"
"2014","Abruzzo","Passengers embarked and disembarked","Thousand passengers",":"
"2014","Abruzzo","Passengers embarked","Thousand passengers",":"
"2014","Abruzzo","Passengers disembarked","Thousand passengers",":"
"2014","Molise","Passengers embarked and disembarked","Thousand passengers",":"
"2014","Molise","Passengers embarked","Thousand passengers",":"
"2014","Molise","Passengers disembarked","Thousand passengers",":"
"2014","Campania","Passengers embarked and disembarked","Thousand passengers","11 730"
"2014","Campania","Passengers embarked","Thousand passengers","11 175"
"2014","Campania","Passengers disembarked","Thousand passengers","11 151"
"2014","Puglia","Passengers embarked and disembarked","Thousand passengers","1 739"
"2014","Puglia","Passengers embarked","Thousand passengers","860"
"2014","Puglia","Passengers disembarked","Thousand passengers","879"
"2014","Calabria","Passengers embarked and disembarked","Thousand passengers","6 186"
"2014","Calabria","Passengers embarked","Thousand passengers","3 405"
"2014","Calabria","Passengers disembarked","Thousand passengers","2 781"
"2014","Isole","Passengers embarked and disembarked","Thousand passengers","16 503"
"2014","Isole","Passengers embarked","Thousand passengers","9 610"
"2014","Isole","Passengers disembarked","Thousand passengers","10 221"
"2014","Sicilia","Passengers embarked and disembarked","Thousand passengers","10 246"
"2014","Sicilia","Passengers embarked","Thousand passengers","5 575"
"2014","Sicilia","Passengers disembarked","Thousand passengers","6 232"
"2014","Sardegna","Passengers embarked and disembarked","Thousand passengers","6 299"
"2014","Sardegna","Passengers embarked","Thousand passengers","4 035"
"2014","Sardegna","Passengers disembarked","Thousand passengers","3 989"
"2015","Italy","Passengers embarked and disembarked","Thousand passengers","37 411"
"2015","Italy","Passengers embarked","Thousand passengers","32 226"
"2015","Italy","Passengers disembarked","Thousand passengers","32 363"
"2015","Nord-Ovest","Passengers embarked and disembarked","Thousand passengers","2 122"
"2015","Nord-Ovest","Passengers embarked","Thousand passengers","1 067"
"2015","Nord-Ovest","Passengers disembarked","Thousand passengers","1 055"
"2015","Liguria","Passengers embarked and disembarked","Thousand passengers","2 122"
"2015","Liguria","Passengers embarked","Thousand passengers","1 067"
"2015","Liguria","Passengers disembarked","Thousand passengers","1 055"
"2015","Nord-Est","Passengers embarked and disembarked","Thousand passengers","223"
"2015","Nord-Est","Passengers embarked","Thousand passengers","110"
"2015","Nord-Est","Passengers disembarked","Thousand passengers","113"
"2015","Veneto","Passengers embarked and disembarked","Thousand passengers","223"
"2015","Veneto","Passengers embarked","Thousand passengers","110"
"2015","Veneto","Passengers disembarked","Thousand passengers","113"
"2015","Friuli-Venezia Giulia","Passengers embarked and disembarked","Thousand passengers",":"
"2015","Friuli-Venezia Giulia","Passengers embarked","Thousand passengers",":"
"2015","Friuli-Venezia Giulia","Passengers disembarked","Thousand passengers",":"
"2015","Emilia-Romagna","Passengers embarked and disembarked","Thousand passengers",":"
"2015","Emilia-Romagna","Passengers embarked","Thousand passengers",":"
"2015","Emilia-Romagna","Passengers disembarked","Thousand passengers",":"
"2015","Centro (IT)","Passengers embarked and disembarked","Thousand passengers","8 854"
"2015","Centro (IT)","Passengers embarked","Thousand passengers","5 910"
"2015","Centro (IT)","Passengers disembarked","Thousand passengers","5 875"
"2015","Toscana","Passengers embarked and disembarked","Thousand passengers","5 991"
"2015","Toscana","Passengers embarked","Thousand passengers","4 489"
"2015","Toscana","Passengers disembarked","Thousand passengers","4 432"
"2015","Marche","Passengers embarked and disembarked","Thousand passengers","972"
"2015","Marche","Passengers embarked","Thousand passengers","482"
"2015","Marche","Passengers disembarked","Thousand passengers","490"
"2015","Lazio","Passengers embarked and disembarked","Thousand passengers","1 892"
"2015","Lazio","Passengers embarked","Thousand passengers","940"
"2015","Lazio","Passengers disembarked","Thousand passengers","953"
"2015","Sud","Passengers embarked and disembarked","Thousand passengers","18 065"
"2015","Sud","Passengers embarked","Thousand passengers","13 567"
"2015","Sud","Passengers disembarked","Thousand passengers","13 814"
"2015","Abruzzo","Passengers embarked and disembarked","Thousand passengers",":"
"2015","Abruzzo","Passengers embarked","Thousand passengers",":"
"2015","Abruzzo","Passengers disembarked","Thousand passengers",":"
"2015","Molise","Passengers embarked and disembarked","Thousand passengers",":"
"2015","Molise","Passengers embarked","Thousand passengers",":"
"2015","Molise","Passengers disembarked","Thousand passengers",":"
"2015","Campania","Passengers embarked and disembarked","Thousand passengers","10 406"
"2015","Campania","Passengers embarked","Thousand passengers","9 846"
"2015","Campania","Passengers disembarked","Thousand passengers","9 875"
"2015","Puglia","Passengers embarked and disembarked","Thousand passengers","1 607"
"2015","Puglia","Passengers embarked","Thousand passengers","738"
"2015","Puglia","Passengers disembarked","Thousand passengers","869"
"2015","Calabria","Passengers embarked and disembarked","Thousand passengers","6 053"
"2015","Calabria","Passengers embarked","Thousand passengers","2 983"
"2015","Calabria","Passengers disembarked","Thousand passengers","3 070"
"2015","Isole","Passengers embarked and disembarked","Thousand passengers","16 555"
"2015","Isole","Passengers embarked","Thousand passengers","9 938"
"2015","Isole","Passengers disembarked","Thousand passengers","9 908"
"2015","Sicilia","Passengers embarked and disembarked","Thousand passengers","10 004"
"2015","Sicilia","Passengers embarked","Thousand passengers","5 813"
"2015","Sicilia","Passengers disembarked","Thousand passengers","5 734"
"2015","Sardegna","Passengers embarked and disembarked","Thousand passengers","6 599"
"2015","Sardegna","Passengers embarked","Thousand passengers","4 125"
"2015","Sardegna","Passengers disembarked","Thousand passengers","4 174"
"2016","Italy","Passengers embarked and disembarked","Thousand passengers","35 175"
"2016","Italy","Passengers embarked","Thousand passengers","30 950"
"2016","Italy","Passengers disembarked","Thousand passengers","30 979"
"2016","Nord-Ovest","Passengers embarked and disembarked","Thousand passengers","2 162"
"2016","Nord-Ovest","Passengers embarked","Thousand passengers","1 072"
"2016","Nord-Ovest","Passengers disembarked","Thousand passengers","1 090"
"2016","Liguria","Passengers embarked and disembarked","Thousand passengers","2 162"
"2016","Liguria","Passengers embarked","Thousand passengers","1 072"
"2016","Liguria","Passengers disembarked","Thousand passengers","1 090"
"2016","Nord-Est","Passengers embarked and disembarked","Thousand passengers","284"
"2016","Nord-Est","Passengers embarked","Thousand passengers","164"
"2016","Nord-Est","Passengers disembarked","Thousand passengers","121"
"2016","Veneto","Passengers embarked and disembarked","Thousand passengers","284"
"2016","Veneto","Passengers embarked","Thousand passengers","164"
"2016","Veneto","Passengers disembarked","Thousand passengers","121"
"2016","Friuli-Venezia Giulia","Passengers embarked and disembarked","Thousand passengers",":"
"2016","Friuli-Venezia Giulia","Passengers embarked","Thousand passengers",":"
"2016","Friuli-Venezia Giulia","Passengers disembarked","Thousand passengers",":"
"2016","Emilia-Romagna","Passengers embarked and disembarked","Thousand passengers",":"
"2016","Emilia-Romagna","Passengers embarked","Thousand passengers",":"
"2016","Emilia-Romagna","Passengers disembarked","Thousand passengers",":"
"2016","Centro (IT)","Passengers embarked and disembarked","Thousand passengers","8 966"
"2016","Centro (IT)","Passengers embarked","Thousand passengers","6 243"
"2016","Centro (IT)","Passengers disembarked","Thousand passengers","5 939"
"2016","Toscana","Passengers embarked and disembarked","Thousand passengers","6 139"
"2016","Toscana","Passengers embarked","Thousand passengers","4 676"
"2016","Toscana","Passengers disembarked","Thousand passengers","4 679"
"2016","Marche","Passengers embarked and disembarked","Thousand passengers","952"
"2016","Marche","Passengers embarked","Thousand passengers","487"
"2016","Marche","Passengers disembarked","Thousand passengers","465"
"2016","Lazio","Passengers embarked and disembarked","Thousand passengers","1 875"
"2016","Lazio","Passengers embarked","Thousand passengers","1 080"
"2016","Lazio","Passengers disembarked","Thousand passengers","795"
"2016","Sud","Passengers embarked and disembarked","Thousand passengers","16 742"
"2016","Sud","Passengers embarked","Thousand passengers","12 730"
"2016","Sud","Passengers disembarked","Thousand passengers","12 792"
"2016","Abruzzo","Passengers embarked and disembarked","Thousand passengers",":"
"2016","Abruzzo","Passengers embarked","Thousand passengers",":"
"2016","Abruzzo","Passengers disembarked","Thousand passengers",":"
"2016","Molise","Passengers embarked and disembarked","Thousand passengers",":"
"2016","Molise","Passengers embarked","Thousand passengers",":"
"2016","Molise","Passengers disembarked","Thousand passengers",":"
"2016","Campania","Passengers embarked and disembarked","Thousand passengers","9 948"
"2016","Campania","Passengers embarked","Thousand passengers","9 347"
"2016","Campania","Passengers disembarked","Thousand passengers","9 380"
"2016","Puglia","Passengers embarked and disembarked","Thousand passengers","1 226"
"2016","Puglia","Passengers embarked","Thousand passengers","584"
"2016","Puglia","Passengers disembarked","Thousand passengers","641"
"2016","Calabria","Passengers embarked and disembarked","Thousand passengers","5 569"
"2016","Calabria","Passengers embarked","Thousand passengers","2 799"
"2016","Calabria","Passengers disembarked","Thousand passengers","2 770"
"2016","Isole","Passengers embarked and disembarked","Thousand passengers","16 198"
"2016","Isole","Passengers embarked","Thousand passengers","9 677"
"2016","Isole","Passengers disembarked","Thousand passengers","9 992"
"2016","Sicilia","Passengers embarked and disembarked","Thousand passengers","9 549"
"2016","Sicilia","Passengers embarked","Thousand passengers","5 686"
"2016","Sicilia","Passengers disembarked","Thousand passengers","5 698"
"2016","Sardegna","Passengers embarked and disembarked","Thousand passengers","6 719"
"2016","Sardegna","Passengers embarked","Thousand passengers","3 992"
"2016","Sardegna","Passengers disembarked","Thousand passengers","4 295"
"2017","Italy","Passengers embarked and disembarked","Thousand passengers","38 888"
"2017","Italy","Passengers embarked","Thousand passengers","34 295"
"2017","Italy","Passengers disembarked","Thousand passengers","34 249"
"2017","Nord-Ovest","Passengers embarked and disembarked","Thousand passengers","2 248"
"2017","Nord-Ovest","Passengers embarked","Thousand passengers","1 129"
"2017","Nord-Ovest","Passengers disembarked","Thousand passengers","1 119"
"2017","Liguria","Passengers embarked and disembarked","Thousand passengers","2 248"
"2017","Liguria","Passengers embarked","Thousand passengers","1 129"
"2017","Liguria","Passengers disembarked","Thousand passengers","1 119"
"2017","Nord-Est","Passengers embarked and disembarked","Thousand passengers",":"
"2017","Nord-Est","Passengers embarked","Thousand passengers",":"
"2017","Nord-Est","Passengers disembarked","Thousand passengers",":"
"2017","Veneto","Passengers embarked and disembarked","Thousand passengers",":"
"2017","Veneto","Passengers embarked","Thousand passengers",":"
"2017","Veneto","Passengers disembarked","Thousand passengers",":"
"2017","Friuli-Venezia Giulia","Passengers embarked and disembarked","Thousand passengers",":"
"2017","Friuli-Venezia Giulia","Passengers embarked","Thousand passengers",":"
"2017","Friuli-Venezia Giulia","Passengers disembarked","Thousand passengers",":"
"2017","Emilia-Romagna","Passengers embarked and disembarked","Thousand passengers",":"
"2017","Emilia-Romagna","Passengers embarked","Thousand passengers",":"
"2017","Emilia-Romagna","Passengers disembarked","Thousand passengers",":"
"2017","Centro (IT)","Passengers embarked and disembarked","Thousand passengers","8 715"
"2017","Centro (IT)","Passengers embarked","Thousand passengers","5 722"
"2017","Centro (IT)","Passengers disembarked","Thousand passengers","5 677"
"2017","Toscana","Passengers embarked and disembarked","Thousand passengers","5 784"
"2017","Toscana","Passengers embarked","Thousand passengers","4 273"
"2017","Toscana","Passengers disembarked","Thousand passengers","4 195"
"2017","Marche","Passengers embarked and disembarked","Thousand passengers","1 034"
"2017","Marche","Passengers embarked","Thousand passengers","521"
"2017","Marche","Passengers disembarked","Thousand passengers","512"
"2017","Lazio","Passengers embarked and disembarked","Thousand passengers","1 898"
"2017","Lazio","Passengers embarked","Thousand passengers","928"
"2017","Lazio","Passengers disembarked","Thousand passengers","970"
"2017","Sud","Passengers embarked and disembarked","Thousand passengers","20 774"
"2017","Sud","Passengers embarked","Thousand passengers","15 243"
"2017","Sud","Passengers disembarked","Thousand passengers","15 152"
"2017","Abruzzo","Passengers embarked and disembarked","Thousand passengers",":"
"2017","Abruzzo","Passengers embarked","Thousand passengers",":"
"2017","Abruzzo","Passengers disembarked","Thousand passengers",":"
"2017","Molise","Passengers embarked and disembarked","Thousand passengers","212"
"2017","Molise","Passengers embarked","Thousand passengers","106"
"2017","Molise","Passengers disembarked","Thousand passengers","106"
"2017","Campania","Passengers embarked and disembarked","Thousand passengers","10 516"
"2017","Campania","Passengers embarked","Thousand passengers","9 944"
"2017","Campania","Passengers disembarked","Thousand passengers","9 981"
"2017","Puglia","Passengers embarked and disembarked","Thousand passengers","1 657"
"2017","Puglia","Passengers embarked","Thousand passengers","817"
"2017","Puglia","Passengers disembarked","Thousand passengers","840"
"2017","Calabria","Passengers embarked and disembarked","Thousand passengers","8 602"
"2017","Calabria","Passengers embarked","Thousand passengers","4 376"
"2017","Calabria","Passengers disembarked","Thousand passengers","4 226"
"2017","Isole","Passengers embarked and disembarked","Thousand passengers","19 149"
"2017","Isole","Passengers embarked","Thousand passengers","10 937"
"2017","Isole","Passengers disembarked","Thousand passengers","10 940"
"2017","Sicilia","Passengers embarked and disembarked","Thousand passengers","12 128"
"2017","Sicilia","Passengers embarked","Thousand passengers","6 691"
"2017","Sicilia","Passengers disembarked","Thousand passengers","6 696"
"2017","Sardegna","Passengers embarked and disembarked","Thousand passengers","7 076"
"2017","Sardegna","Passengers embarked","Thousand passengers","4 246"
"2017","Sardegna","Passengers disembarked","Thousand passengers","4 245"
"2018","Italy","Passengers embarked and disembarked","Thousand passengers","45 040"
"2018","Italy","Passengers embarked","Thousand passengers","39 658"
"2018","Italy","Passengers disembarked","Thousand passengers","39 683"
"2018","Nord-Ovest","Passengers embarked and disembarked","Thousand passengers","2 618"
"2018","Nord-Ovest","Passengers embarked","Thousand passengers","1 326"
"2018","Nord-Ovest","Passengers disembarked","Thousand passengers","1 292"
"2018","Liguria","Passengers embarked and disembarked","Thousand passengers","2 618"
"2018","Liguria","Passengers embarked","Thousand passengers","1 326"
"2018","Liguria","Passengers disembarked","Thousand passengers","1 292"
"2018","Nord-Est","Passengers embarked and disembarked","Thousand passengers",":"
"2018","Nord-Est","Passengers embarked","Thousand passengers",":"
"2018","Nord-Est","Passengers disembarked","Thousand passengers",":"
"2018","Veneto","Passengers embarked and disembarked","Thousand passengers",":"
"2018","Veneto","Passengers embarked","Thousand passengers",":"
"2018","Veneto","Passengers disembarked","Thousand passengers",":"
"2018","Friuli-Venezia Giulia","Passengers embarked and disembarked","Thousand passengers",":"
"2018","Friuli-Venezia Giulia","Passengers embarked","Thousand passengers",":"
"2018","Friuli-Venezia Giulia","Passengers disembarked","Thousand passengers",":"
"2018","Emilia-Romagna","Passengers embarked and disembarked","Thousand passengers",":"
"2018","Emilia-Romagna","Passengers embarked","Thousand passengers",":"
"2018","Emilia-Romagna","Passengers disembarked","Thousand passengers",":"
"2018","Centro (IT)","Passengers embarked and disembarked","Thousand passengers","9 915"
"2018","Centro (IT)","Passengers embarked","Thousand passengers","6 618"
"2018","Centro (IT)","Passengers disembarked","Thousand passengers","6 443"
"2018","Toscana","Passengers embarked and disembarked","Thousand passengers","6 524"
"2018","Toscana","Passengers embarked","Thousand passengers","4 794"
"2018","Toscana","Passengers disembarked","Thousand passengers","4 646"
"2018","Marche","Passengers embarked and disembarked","Thousand passengers","1 084"
"2018","Marche","Passengers embarked","Thousand passengers","552"
"2018","Marche","Passengers disembarked","Thousand passengers","533"
"2018","Lazio","Passengers embarked and disembarked","Thousand passengers","2 307"
"2018","Lazio","Passengers embarked","Thousand passengers","1 272"
"2018","Lazio","Passengers disembarked","Thousand passengers","1 265"
"2018","Sud","Passengers embarked and disembarked","Thousand passengers","23 532"
"2018","Sud","Passengers embarked","Thousand passengers","17 403"
"2018","Sud","Passengers disembarked","Thousand passengers","17 364"
"2018","Abruzzo","Passengers embarked and disembarked","Thousand passengers",":"
"2018","Abruzzo","Passengers embarked","Thousand passengers",":"
"2018","Abruzzo","Passengers disembarked","Thousand passengers",":"
"2018","Molise","Passengers embarked and disembarked","Thousand passengers",":"
"2018","Molise","Passengers embarked","Thousand passengers",":"
"2018","Molise","Passengers disembarked","Thousand passengers",":"
"2018","Campania","Passengers embarked and disembarked","Thousand passengers","12 271"
"2018","Campania","Passengers embarked","Thousand passengers","11 751"
"2018","Campania","Passengers disembarked","Thousand passengers","11 754"
"2018","Puglia","Passengers embarked and disembarked","Thousand passengers","1 926"
"2018","Puglia","Passengers embarked","Thousand passengers","954"
"2018","Puglia","Passengers disembarked","Thousand passengers","972"
"2018","Calabria","Passengers embarked and disembarked","Thousand passengers","9 335"
"2018","Calabria","Passengers embarked","Thousand passengers","4 697"
"2018","Calabria","Passengers disembarked","Thousand passengers","4 638"
"2018","Isole","Passengers embarked and disembarked","Thousand passengers","21 885"
"2018","Isole","Passengers embarked","Thousand passengers","12 518"
"2018","Isole","Passengers disembarked","Thousand passengers","12 632"
"2018","Sicilia","Passengers embarked and disembarked","Thousand passengers","14 258"
"2018","Sicilia","Passengers embarked","Thousand passengers","7 940"
"2018","Sicilia","Passengers disembarked","Thousand passengers","7 983"
"2018","Sardegna","Passengers embarked and disembarked","Thousand passengers","7 686"
"2018","Sardegna","Passengers embarked","Thousand passengers","4 577"
"2018","Sardegna","Passengers disembarked","Thousand passengers","4 649"
