"TIME","GEO","TRA_MEAS","UNIT","Value"
"1997","Italy","Freight loaded","Thousand tonnes","132,782"
"1997","Italy","Freight unloaded","Thousand tonnes","291,156"
"1997","Nord-Ovest","Freight loaded","Thousand tonnes","13,338"
"1997","Nord-Ovest","Freight unloaded","Thousand tonnes","52,410"
"1997","Liguria","Freight loaded","Thousand tonnes","13,338"
"1997","Liguria","Freight unloaded","Thousand tonnes","52,410"
"1997","Nord-Est","Freight loaded","Thousand tonnes","12,522"
"1997","Nord-Est","Freight unloaded","Thousand tonnes","74,678"
"1997","Veneto","Freight loaded","Thousand tonnes","4,401"
"1997","Veneto","Freight unloaded","Thousand tonnes","19,493"
"1997","Friuli-Venezia Giulia","Freight loaded","Thousand tonnes","5,269"
"1997","Friuli-Venezia Giulia","Freight unloaded","Thousand tonnes","40,054"
"1997","Emilia-Romagna","Freight loaded","Thousand tonnes","2,852"
"1997","Emilia-Romagna","Freight unloaded","Thousand tonnes","15,130"
"1997","Centro (IT)","Freight loaded","Thousand tonnes","17,592"
"1997","Centro (IT)","Freight unloaded","Thousand tonnes","43,921"
"1997","Toscana","Freight loaded","Thousand tonnes","10,722"
"1997","Toscana","Freight unloaded","Thousand tonnes","21,621"
"1997","Marche","Freight loaded","Thousand tonnes","3,103"
"1997","Marche","Freight unloaded","Thousand tonnes","6,975"
"1997","Lazio","Freight loaded","Thousand tonnes","3,768"
"1997","Lazio","Freight unloaded","Thousand tonnes","15,325"
"1997","Sud","Freight loaded","Thousand tonnes","32,781"
"1997","Sud","Freight unloaded","Thousand tonnes","47,335"
"1997","Abruzzo","Freight loaded","Thousand tonnes","73"
"1997","Abruzzo","Freight unloaded","Thousand tonnes","1,279"
"1997","Molise","Freight loaded","Thousand tonnes","614"
"1997","Molise","Freight unloaded","Thousand tonnes","82"
"1997","Campania","Freight loaded","Thousand tonnes","8,826"
"1997","Campania","Freight unloaded","Thousand tonnes","9,497"
"1997","Puglia","Freight loaded","Thousand tonnes","16,162"
"1997","Puglia","Freight unloaded","Thousand tonnes","29,027"
"1997","Calabria","Freight loaded","Thousand tonnes","7,106"
"1997","Calabria","Freight unloaded","Thousand tonnes","7,450"
"1997","Isole","Freight loaded","Thousand tonnes","56,549"
"1997","Isole","Freight unloaded","Thousand tonnes","72,813"
"1997","Sicilia","Freight loaded","Thousand tonnes","32,698"
"1997","Sicilia","Freight unloaded","Thousand tonnes","42,411"
"1997","Sardegna","Freight loaded","Thousand tonnes","23,851"
"1997","Sardegna","Freight unloaded","Thousand tonnes","30,401"
"1998","Italy","Freight loaded","Thousand tonnes","133,691"
"1998","Italy","Freight unloaded","Thousand tonnes","297,357"
"1998","Nord-Ovest","Freight loaded","Thousand tonnes","16,472"
"1998","Nord-Ovest","Freight unloaded","Thousand tonnes","53,888"
"1998","Liguria","Freight loaded","Thousand tonnes","16,472"
"1998","Liguria","Freight unloaded","Thousand tonnes","53,888"
"1998","Nord-Est","Freight loaded","Thousand tonnes","12,424"
"1998","Nord-Est","Freight unloaded","Thousand tonnes","77,286"
"1998","Veneto","Freight loaded","Thousand tonnes","4,220"
"1998","Veneto","Freight unloaded","Thousand tonnes","20,179"
"1998","Friuli-Venezia Giulia","Freight loaded","Thousand tonnes","5,299"
"1998","Friuli-Venezia Giulia","Freight unloaded","Thousand tonnes","40,072"
"1998","Emilia-Romagna","Freight loaded","Thousand tonnes","2,905"
"1998","Emilia-Romagna","Freight unloaded","Thousand tonnes","17,036"
"1998","Centro (IT)","Freight loaded","Thousand tonnes","17,335"
"1998","Centro (IT)","Freight unloaded","Thousand tonnes","43,188"
"1998","Toscana","Freight loaded","Thousand tonnes","10,165"
"1998","Toscana","Freight unloaded","Thousand tonnes","22,219"
"1998","Marche","Freight loaded","Thousand tonnes","3,317"
"1998","Marche","Freight unloaded","Thousand tonnes","6,501"
"1998","Lazio","Freight loaded","Thousand tonnes","3,852"
"1998","Lazio","Freight unloaded","Thousand tonnes","14,468"
"1998","Sud","Freight loaded","Thousand tonnes","28,091"
"1998","Sud","Freight unloaded","Thousand tonnes","52,847"
"1998","Abruzzo","Freight loaded","Thousand tonnes","121"
"1998","Abruzzo","Freight unloaded","Thousand tonnes","1,113"
"1998","Molise","Freight loaded","Thousand tonnes",":"
"1998","Molise","Freight unloaded","Thousand tonnes",":"
"1998","Campania","Freight loaded","Thousand tonnes","7,194"
"1998","Campania","Freight unloaded","Thousand tonnes","10,845"
"1998","Puglia","Freight loaded","Thousand tonnes","14,782"
"1998","Puglia","Freight unloaded","Thousand tonnes","32,893"
"1998","Calabria","Freight loaded","Thousand tonnes","5,993"
"1998","Calabria","Freight unloaded","Thousand tonnes","7,996"
"1998","Isole","Freight loaded","Thousand tonnes","59,369"
"1998","Isole","Freight unloaded","Thousand tonnes","70,147"
"1998","Sicilia","Freight loaded","Thousand tonnes","35,515"
"1998","Sicilia","Freight unloaded","Thousand tonnes","39,768"
"1998","Sardegna","Freight loaded","Thousand tonnes","23,853"
"1998","Sardegna","Freight unloaded","Thousand tonnes","30,379"
"1999","Italy","Freight loaded","Thousand tonnes","127,524"
"1999","Italy","Freight unloaded","Thousand tonnes","282,236"
"1999","Nord-Ovest","Freight loaded","Thousand tonnes","16,899"
"1999","Nord-Ovest","Freight unloaded","Thousand tonnes","53,973"
"1999","Liguria","Freight loaded","Thousand tonnes","16,899"
"1999","Liguria","Freight unloaded","Thousand tonnes","53,973"
"1999","Nord-Est","Freight loaded","Thousand tonnes","12,336"
"1999","Nord-Est","Freight unloaded","Thousand tonnes","69,719"
"1999","Veneto","Freight loaded","Thousand tonnes","4,182"
"1999","Veneto","Freight unloaded","Thousand tonnes","20,791"
"1999","Friuli-Venezia Giulia","Freight loaded","Thousand tonnes","5,682"
"1999","Friuli-Venezia Giulia","Freight unloaded","Thousand tonnes","33,562"
"1999","Emilia-Romagna","Freight loaded","Thousand tonnes","2,473"
"1999","Emilia-Romagna","Freight unloaded","Thousand tonnes","15,366"
"1999","Centro (IT)","Freight loaded","Thousand tonnes","17,989"
"1999","Centro (IT)","Freight unloaded","Thousand tonnes","41,447"
"1999","Toscana","Freight loaded","Thousand tonnes","10,899"
"1999","Toscana","Freight unloaded","Thousand tonnes","21,555"
"1999","Marche","Freight loaded","Thousand tonnes","3,762"
"1999","Marche","Freight unloaded","Thousand tonnes","6,598"
"1999","Lazio","Freight loaded","Thousand tonnes","3,328"
"1999","Lazio","Freight unloaded","Thousand tonnes","13,294"
"1999","Sud","Freight loaded","Thousand tonnes","26,632"
"1999","Sud","Freight unloaded","Thousand tonnes","53,785"
"1999","Abruzzo","Freight loaded","Thousand tonnes","217"
"1999","Abruzzo","Freight unloaded","Thousand tonnes","1,043"
"1999","Molise","Freight loaded","Thousand tonnes",":"
"1999","Molise","Freight unloaded","Thousand tonnes",":"
"1999","Campania","Freight loaded","Thousand tonnes","5,981"
"1999","Campania","Freight unloaded","Thousand tonnes","11,321"
"1999","Puglia","Freight loaded","Thousand tonnes","12,378"
"1999","Puglia","Freight unloaded","Thousand tonnes","30,830"
"1999","Calabria","Freight loaded","Thousand tonnes","8,056"
"1999","Calabria","Freight unloaded","Thousand tonnes","10,591"
"1999","Isole","Freight loaded","Thousand tonnes","53,668"
"1999","Isole","Freight unloaded","Thousand tonnes","63,311"
"1999","Sicilia","Freight loaded","Thousand tonnes","31,826"
"1999","Sicilia","Freight unloaded","Thousand tonnes","34,170"
"1999","Sardegna","Freight loaded","Thousand tonnes","21,842"
"1999","Sardegna","Freight unloaded","Thousand tonnes","29,141"
"2000","Italy","Freight loaded","Thousand tonnes","122,550"
"2000","Italy","Freight unloaded","Thousand tonnes","304,888"
"2000","Nord-Ovest","Freight loaded","Thousand tonnes","16,427"
"2000","Nord-Ovest","Freight unloaded","Thousand tonnes","52,899"
"2000","Liguria","Freight loaded","Thousand tonnes","16,427"
"2000","Liguria","Freight unloaded","Thousand tonnes","52,899"
"2000","Nord-Est","Freight loaded","Thousand tonnes","12,828"
"2000","Nord-Est","Freight unloaded","Thousand tonnes","86,190"
"2000","Veneto","Freight loaded","Thousand tonnes","4,622"
"2000","Veneto","Freight unloaded","Thousand tonnes","23,289"
"2000","Friuli-Venezia Giulia","Freight loaded","Thousand tonnes","5,362"
"2000","Friuli-Venezia Giulia","Freight unloaded","Thousand tonnes","43,254"
"2000","Emilia-Romagna","Freight loaded","Thousand tonnes","2,845"
"2000","Emilia-Romagna","Freight unloaded","Thousand tonnes","19,648"
"2000","Centro (IT)","Freight loaded","Thousand tonnes","14,395"
"2000","Centro (IT)","Freight unloaded","Thousand tonnes","42,777"
"2000","Toscana","Freight loaded","Thousand tonnes","9,561"
"2000","Toscana","Freight unloaded","Thousand tonnes","23,217"
"2000","Marche","Freight loaded","Thousand tonnes","2,811"
"2000","Marche","Freight unloaded","Thousand tonnes","6,622"
"2000","Lazio","Freight loaded","Thousand tonnes","2,023"
"2000","Lazio","Freight unloaded","Thousand tonnes","12,938"
"2000","Sud","Freight loaded","Thousand tonnes","30,229"
"2000","Sud","Freight unloaded","Thousand tonnes","52,189"
"2000","Abruzzo","Freight loaded","Thousand tonnes","108"
"2000","Abruzzo","Freight unloaded","Thousand tonnes","1,190"
"2000","Molise","Freight loaded","Thousand tonnes",":"
"2000","Molise","Freight unloaded","Thousand tonnes",":"
"2000","Campania","Freight loaded","Thousand tonnes","5,721"
"2000","Campania","Freight unloaded","Thousand tonnes","9,492"
"2000","Puglia","Freight loaded","Thousand tonnes","13,502"
"2000","Puglia","Freight unloaded","Thousand tonnes","30,767"
"2000","Calabria","Freight loaded","Thousand tonnes","10,898"
"2000","Calabria","Freight unloaded","Thousand tonnes","10,740"
"2000","Isole","Freight loaded","Thousand tonnes","48,671"
"2000","Isole","Freight unloaded","Thousand tonnes","70,832"
"2000","Sicilia","Freight loaded","Thousand tonnes","30,603"
"2000","Sicilia","Freight unloaded","Thousand tonnes","44,206"
"2000","Sardegna","Freight loaded","Thousand tonnes","18,069"
"2000","Sardegna","Freight unloaded","Thousand tonnes","26,626"
"2001","Italy","Freight loaded","Thousand tonnes","116,502"
"2001","Italy","Freight unloaded","Thousand tonnes","307,382"
"2001","Nord-Ovest","Freight loaded","Thousand tonnes","15,953"
"2001","Nord-Ovest","Freight unloaded","Thousand tonnes","52,292"
"2001","Liguria","Freight loaded","Thousand tonnes","15,953"
"2001","Liguria","Freight unloaded","Thousand tonnes","52,292"
"2001","Nord-Est","Freight loaded","Thousand tonnes","11,769"
"2001","Nord-Est","Freight unloaded","Thousand tonnes","87,851"
"2001","Veneto","Freight loaded","Thousand tonnes","4,112"
"2001","Veneto","Freight unloaded","Thousand tonnes","23,461"
"2001","Friuli-Venezia Giulia","Freight loaded","Thousand tonnes","4,952"
"2001","Friuli-Venezia Giulia","Freight unloaded","Thousand tonnes","44,219"
"2001","Emilia-Romagna","Freight loaded","Thousand tonnes","2,705"
"2001","Emilia-Romagna","Freight unloaded","Thousand tonnes","20,171"
"2001","Centro (IT)","Freight loaded","Thousand tonnes","14,117"
"2001","Centro (IT)","Freight unloaded","Thousand tonnes","40,683"
"2001","Toscana","Freight loaded","Thousand tonnes","9,638"
"2001","Toscana","Freight unloaded","Thousand tonnes","22,264"
"2001","Marche","Freight loaded","Thousand tonnes","2,596"
"2001","Marche","Freight unloaded","Thousand tonnes","6,851"
"2001","Lazio","Freight loaded","Thousand tonnes","1,882"
"2001","Lazio","Freight unloaded","Thousand tonnes","11,568"
"2001","Sud","Freight loaded","Thousand tonnes","28,604"
"2001","Sud","Freight unloaded","Thousand tonnes","54,453"
"2001","Abruzzo","Freight loaded","Thousand tonnes","105"
"2001","Abruzzo","Freight unloaded","Thousand tonnes","1,218"
"2001","Molise","Freight loaded","Thousand tonnes",":"
"2001","Molise","Freight unloaded","Thousand tonnes",":"
"2001","Campania","Freight loaded","Thousand tonnes","5,565"
"2001","Campania","Freight unloaded","Thousand tonnes","9,580"
"2001","Puglia","Freight loaded","Thousand tonnes","12,548"
"2001","Puglia","Freight unloaded","Thousand tonnes","32,838"
"2001","Calabria","Freight loaded","Thousand tonnes","10,387"
"2001","Calabria","Freight unloaded","Thousand tonnes","10,817"
"2001","Isole","Freight loaded","Thousand tonnes","46,060"
"2001","Isole","Freight unloaded","Thousand tonnes","72,102"
"2001","Sicilia","Freight loaded","Thousand tonnes","30,146"
"2001","Sicilia","Freight unloaded","Thousand tonnes","46,894"
"2001","Sardegna","Freight loaded","Thousand tonnes","15,914"
"2001","Sardegna","Freight unloaded","Thousand tonnes","25,209"
"2002","Italy","Freight loaded","Thousand tonnes","128,248"
"2002","Italy","Freight unloaded","Thousand tonnes","312,101"
"2002","Nord-Ovest","Freight loaded","Thousand tonnes","16,096"
"2002","Nord-Ovest","Freight unloaded","Thousand tonnes","54,128"
"2002","Liguria","Freight loaded","Thousand tonnes","16,096"
"2002","Liguria","Freight unloaded","Thousand tonnes","54,128"
"2002","Nord-Est","Freight loaded","Thousand tonnes","12,612"
"2002","Nord-Est","Freight unloaded","Thousand tonnes","88,646"
"2002","Veneto","Freight loaded","Thousand tonnes","4,155"
"2002","Veneto","Freight unloaded","Thousand tonnes","24,939"
"2002","Friuli-Venezia Giulia","Freight loaded","Thousand tonnes","5,362"
"2002","Friuli-Venezia Giulia","Freight unloaded","Thousand tonnes","43,143"
"2002","Emilia-Romagna","Freight loaded","Thousand tonnes","3,095"
"2002","Emilia-Romagna","Freight unloaded","Thousand tonnes","20,563"
"2002","Centro (IT)","Freight loaded","Thousand tonnes","14,750"
"2002","Centro (IT)","Freight unloaded","Thousand tonnes","41,539"
"2002","Toscana","Freight loaded","Thousand tonnes","10,427"
"2002","Toscana","Freight unloaded","Thousand tonnes","22,532"
"2002","Marche","Freight loaded","Thousand tonnes","2,627"
"2002","Marche","Freight unloaded","Thousand tonnes","7,339"
"2002","Lazio","Freight loaded","Thousand tonnes","1,696"
"2002","Lazio","Freight unloaded","Thousand tonnes","11,668"
"2002","Sud","Freight loaded","Thousand tonnes","33,364"
"2002","Sud","Freight unloaded","Thousand tonnes","55,489"
"2002","Abruzzo","Freight loaded","Thousand tonnes","126"
"2002","Abruzzo","Freight unloaded","Thousand tonnes","1,226"
"2002","Molise","Freight loaded","Thousand tonnes",":"
"2002","Molise","Freight unloaded","Thousand tonnes",":"
"2002","Campania","Freight loaded","Thousand tonnes","5,965"
"2002","Campania","Freight unloaded","Thousand tonnes","10,530"
"2002","Puglia","Freight loaded","Thousand tonnes","14,442"
"2002","Puglia","Freight unloaded","Thousand tonnes","31,027"
"2002","Calabria","Freight loaded","Thousand tonnes","12,832"
"2002","Calabria","Freight unloaded","Thousand tonnes","12,706"
"2002","Isole","Freight loaded","Thousand tonnes","51,425"
"2002","Isole","Freight unloaded","Thousand tonnes","72,299"
"2002","Sicilia","Freight loaded","Thousand tonnes","34,039"
"2002","Sicilia","Freight unloaded","Thousand tonnes","46,093"
"2002","Sardegna","Freight loaded","Thousand tonnes","17,386"
"2002","Sardegna","Freight unloaded","Thousand tonnes","26,207"
"2003","Italy","Freight loaded","Thousand tonnes","136,407"
"2003","Italy","Freight unloaded","Thousand tonnes","326,334"
"2003","Nord-Ovest","Freight loaded","Thousand tonnes","17,629"
"2003","Nord-Ovest","Freight unloaded","Thousand tonnes","56,245"
"2003","Liguria","Freight loaded","Thousand tonnes","17,629"
"2003","Liguria","Freight unloaded","Thousand tonnes","56,245"
"2003","Nord-Est","Freight loaded","Thousand tonnes","11,177"
"2003","Nord-Est","Freight unloaded","Thousand tonnes","90,907"
"2003","Veneto","Freight loaded","Thousand tonnes","3,792"
"2003","Veneto","Freight unloaded","Thousand tonnes","26,605"
"2003","Friuli-Venezia Giulia","Freight loaded","Thousand tonnes","4,358"
"2003","Friuli-Venezia Giulia","Freight unloaded","Thousand tonnes","42,491"
"2003","Emilia-Romagna","Freight loaded","Thousand tonnes","3,027"
"2003","Emilia-Romagna","Freight unloaded","Thousand tonnes","21,812"
"2003","Centro (IT)","Freight loaded","Thousand tonnes","15,005"
"2003","Centro (IT)","Freight unloaded","Thousand tonnes","41,608"
"2003","Toscana","Freight loaded","Thousand tonnes","10,217"
"2003","Toscana","Freight unloaded","Thousand tonnes","22,309"
"2003","Marche","Freight loaded","Thousand tonnes","2,700"
"2003","Marche","Freight unloaded","Thousand tonnes","6,704"
"2003","Lazio","Freight loaded","Thousand tonnes","2,087"
"2003","Lazio","Freight unloaded","Thousand tonnes","12,595"
"2003","Sud","Freight loaded","Thousand tonnes","35,837"
"2003","Sud","Freight unloaded","Thousand tonnes","60,510"
"2003","Abruzzo","Freight loaded","Thousand tonnes","74"
"2003","Abruzzo","Freight unloaded","Thousand tonnes","1,254"
"2003","Molise","Freight loaded","Thousand tonnes",":"
"2003","Molise","Freight unloaded","Thousand tonnes",":"
"2003","Campania","Freight loaded","Thousand tonnes","6,605"
"2003","Campania","Freight unloaded","Thousand tonnes","11,710"
"2003","Puglia","Freight loaded","Thousand tonnes","16,162"
"2003","Puglia","Freight unloaded","Thousand tonnes","34,219"
"2003","Calabria","Freight loaded","Thousand tonnes","12,997"
"2003","Calabria","Freight unloaded","Thousand tonnes","13,328"
"2003","Isole","Freight loaded","Thousand tonnes","56,759"
"2003","Isole","Freight unloaded","Thousand tonnes","77,064"
"2003","Sicilia","Freight loaded","Thousand tonnes","37,149"
"2003","Sicilia","Freight unloaded","Thousand tonnes","48,572"
"2003","Sardegna","Freight loaded","Thousand tonnes","19,610"
"2003","Sardegna","Freight unloaded","Thousand tonnes","28,492"
"2004","Italy","Freight loaded","Thousand tonnes","141,545"
"2004","Italy","Freight unloaded","Thousand tonnes","330,484"
"2004","Nord-Ovest","Freight loaded","Thousand tonnes","17,518"
"2004","Nord-Ovest","Freight unloaded","Thousand tonnes","55,682"
"2004","Liguria","Freight loaded","Thousand tonnes","17,518"
"2004","Liguria","Freight unloaded","Thousand tonnes","55,682"
"2004","Nord-Est","Freight loaded","Thousand tonnes","11,267"
"2004","Nord-Est","Freight unloaded","Thousand tonnes","92,726"
"2004","Veneto","Freight loaded","Thousand tonnes","4,067"
"2004","Veneto","Freight unloaded","Thousand tonnes","27,332"
"2004","Friuli-Venezia Giulia","Freight loaded","Thousand tonnes","4,332"
"2004","Friuli-Venezia Giulia","Freight unloaded","Thousand tonnes","42,857"
"2004","Emilia-Romagna","Freight loaded","Thousand tonnes","2,869"
"2004","Emilia-Romagna","Freight unloaded","Thousand tonnes","22,538"
"2004","Centro (IT)","Freight loaded","Thousand tonnes","14,160"
"2004","Centro (IT)","Freight unloaded","Thousand tonnes","40,818"
"2004","Toscana","Freight loaded","Thousand tonnes","9,494"
"2004","Toscana","Freight unloaded","Thousand tonnes","22,292"
"2004","Marche","Freight loaded","Thousand tonnes","2,504"
"2004","Marche","Freight unloaded","Thousand tonnes","6,725"
"2004","Lazio","Freight loaded","Thousand tonnes","2,161"
"2004","Lazio","Freight unloaded","Thousand tonnes","11,801"
"2004","Sud","Freight loaded","Thousand tonnes","39,104"
"2004","Sud","Freight unloaded","Thousand tonnes","63,925"
"2004","Abruzzo","Freight loaded","Thousand tonnes","58"
"2004","Abruzzo","Freight unloaded","Thousand tonnes","1,322"
"2004","Molise","Freight loaded","Thousand tonnes",":"
"2004","Molise","Freight unloaded","Thousand tonnes",":"
"2004","Campania","Freight loaded","Thousand tonnes","5,494"
"2004","Campania","Freight unloaded","Thousand tonnes","10,560"
"2004","Puglia","Freight loaded","Thousand tonnes","18,863"
"2004","Puglia","Freight unloaded","Thousand tonnes","36,290"
"2004","Calabria","Freight loaded","Thousand tonnes","14,689"
"2004","Calabria","Freight unloaded","Thousand tonnes","15,753"
"2004","Isole","Freight loaded","Thousand tonnes","59,495"
"2004","Isole","Freight unloaded","Thousand tonnes","77,333"
"2004","Sicilia","Freight loaded","Thousand tonnes","38,088"
"2004","Sicilia","Freight unloaded","Thousand tonnes","46,481"
"2004","Sardegna","Freight loaded","Thousand tonnes","21,407"
"2004","Sardegna","Freight unloaded","Thousand tonnes","30,851"
"2005","Italy","Freight loaded","Thousand tonnes","156,171"
"2005","Italy","Freight unloaded","Thousand tonnes","340,198"
"2005","Nord-Ovest","Freight loaded","Thousand tonnes","18,117"
"2005","Nord-Ovest","Freight unloaded","Thousand tonnes","52,565"
"2005","Liguria","Freight loaded","Thousand tonnes","18,117"
"2005","Liguria","Freight unloaded","Thousand tonnes","52,565"
"2005","Nord-Est","Freight loaded","Thousand tonnes","12,485"
"2005","Nord-Est","Freight unloaded","Thousand tonnes","93,669"
"2005","Veneto","Freight loaded","Thousand tonnes","4,718"
"2005","Veneto","Freight unloaded","Thousand tonnes","28,454"
"2005","Friuli-Venezia Giulia","Freight loaded","Thousand tonnes","4,730"
"2005","Friuli-Venezia Giulia","Freight unloaded","Thousand tonnes","43,999"
"2005","Emilia-Romagna","Freight loaded","Thousand tonnes","3,037"
"2005","Emilia-Romagna","Freight unloaded","Thousand tonnes","21,216"
"2005","Centro (IT)","Freight loaded","Thousand tonnes","16,907"
"2005","Centro (IT)","Freight unloaded","Thousand tonnes","42,505"
"2005","Toscana","Freight loaded","Thousand tonnes","11,238"
"2005","Toscana","Freight unloaded","Thousand tonnes","23,638"
"2005","Marche","Freight loaded","Thousand tonnes","2,785"
"2005","Marche","Freight unloaded","Thousand tonnes","6,438"
"2005","Lazio","Freight loaded","Thousand tonnes","2,884"
"2005","Lazio","Freight unloaded","Thousand tonnes","12,428"
"2005","Sud","Freight loaded","Thousand tonnes","42,647"
"2005","Sud","Freight unloaded","Thousand tonnes","68,081"
"2005","Abruzzo","Freight loaded","Thousand tonnes","63"
"2005","Abruzzo","Freight unloaded","Thousand tonnes","1,286"
"2005","Molise","Freight loaded","Thousand tonnes",":"
"2005","Molise","Freight unloaded","Thousand tonnes",":"
"2005","Campania","Freight loaded","Thousand tonnes","5,353"
"2005","Campania","Freight unloaded","Thousand tonnes","10,468"
"2005","Puglia","Freight loaded","Thousand tonnes","22,110"
"2005","Puglia","Freight unloaded","Thousand tonnes","40,684"
"2005","Calabria","Freight loaded","Thousand tonnes","15,121"
"2005","Calabria","Freight unloaded","Thousand tonnes","15,644"
"2005","Isole","Freight loaded","Thousand tonnes","64,288"
"2005","Isole","Freight unloaded","Thousand tonnes","82,839"
"2005","Sicilia","Freight loaded","Thousand tonnes","43,696"
"2005","Sicilia","Freight unloaded","Thousand tonnes","53,126"
"2005","Sardegna","Freight loaded","Thousand tonnes","20,593"
"2005","Sardegna","Freight unloaded","Thousand tonnes","29,713"
"2006","Italy","Freight loaded","Thousand tonnes","157,340"
"2006","Italy","Freight unloaded","Thousand tonnes","348,648"
"2006","Nord-Ovest","Freight loaded","Thousand tonnes","18,719"
"2006","Nord-Ovest","Freight unloaded","Thousand tonnes","56,268"
"2006","Liguria","Freight loaded","Thousand tonnes","18,719"
"2006","Liguria","Freight unloaded","Thousand tonnes","56,268"
"2006","Nord-Est","Freight loaded","Thousand tonnes","14,420"
"2006","Nord-Est","Freight unloaded","Thousand tonnes","98,546"
"2006","Veneto","Freight loaded","Thousand tonnes","5,608"
"2006","Veneto","Freight unloaded","Thousand tonnes","29,318"
"2006","Friuli-Venezia Giulia","Freight loaded","Thousand tonnes","5,571"
"2006","Friuli-Venezia Giulia","Freight unloaded","Thousand tonnes","44,830"
"2006","Emilia-Romagna","Freight loaded","Thousand tonnes","3,241"
"2006","Emilia-Romagna","Freight unloaded","Thousand tonnes","24,398"
"2006","Centro (IT)","Freight loaded","Thousand tonnes","16,882"
"2006","Centro (IT)","Freight unloaded","Thousand tonnes","44,543"
"2006","Toscana","Freight loaded","Thousand tonnes","11,140"
"2006","Toscana","Freight unloaded","Thousand tonnes","25,817"
"2006","Marche","Freight loaded","Thousand tonnes","2,743"
"2006","Marche","Freight unloaded","Thousand tonnes","6,405"
"2006","Lazio","Freight loaded","Thousand tonnes","2,999"
"2006","Lazio","Freight unloaded","Thousand tonnes","12,321"
"2006","Sud","Freight loaded","Thousand tonnes","44,794"
"2006","Sud","Freight unloaded","Thousand tonnes","69,532"
"2006","Abruzzo","Freight loaded","Thousand tonnes","86"
"2006","Abruzzo","Freight unloaded","Thousand tonnes","1,432"
"2006","Molise","Freight loaded","Thousand tonnes",":"
"2006","Molise","Freight unloaded","Thousand tonnes",":"
"2006","Campania","Freight loaded","Thousand tonnes","5,733"
"2006","Campania","Freight unloaded","Thousand tonnes","10,810"
"2006","Puglia","Freight loaded","Thousand tonnes","24,369"
"2006","Puglia","Freight unloaded","Thousand tonnes","42,119"
"2006","Calabria","Freight loaded","Thousand tonnes","14,607"
"2006","Calabria","Freight unloaded","Thousand tonnes","15,171"
"2006","Isole","Freight loaded","Thousand tonnes","61,322"
"2006","Isole","Freight unloaded","Thousand tonnes","79,317"
"2006","Sicilia","Freight loaded","Thousand tonnes","38,392"
"2006","Sicilia","Freight unloaded","Thousand tonnes","46,741"
"2006","Sardegna","Freight loaded","Thousand tonnes","22,929"
"2006","Sardegna","Freight unloaded","Thousand tonnes","32,577"
"2007","Italy","Freight loaded","Thousand tonnes","170,084"
"2007","Italy","Freight unloaded","Thousand tonnes","355,336"
"2007","Nord-Ovest","Freight loaded","Thousand tonnes","21,231"
"2007","Nord-Ovest","Freight unloaded","Thousand tonnes","59,823"
"2007","Liguria","Freight loaded","Thousand tonnes","21,231"
"2007","Liguria","Freight unloaded","Thousand tonnes","59,823"
"2007","Nord-Est","Freight loaded","Thousand tonnes","13,961"
"2007","Nord-Est","Freight unloaded","Thousand tonnes","93,931"
"2007","Veneto","Freight loaded","Thousand tonnes","5,363"
"2007","Veneto","Freight unloaded","Thousand tonnes","29,668"
"2007","Friuli-Venezia Giulia","Freight loaded","Thousand tonnes","5,261"
"2007","Friuli-Venezia Giulia","Freight unloaded","Thousand tonnes","40,591"
"2007","Emilia-Romagna","Freight loaded","Thousand tonnes","3,337"
"2007","Emilia-Romagna","Freight unloaded","Thousand tonnes","23,671"
"2007","Centro (IT)","Freight loaded","Thousand tonnes","21,457"
"2007","Centro (IT)","Freight unloaded","Thousand tonnes","47,103"
"2007","Toscana","Freight loaded","Thousand tonnes","14,507"
"2007","Toscana","Freight unloaded","Thousand tonnes","27,374"
"2007","Marche","Freight loaded","Thousand tonnes","3,595"
"2007","Marche","Freight unloaded","Thousand tonnes","6,978"
"2007","Lazio","Freight loaded","Thousand tonnes","3,356"
"2007","Lazio","Freight unloaded","Thousand tonnes","12,751"
"2007","Sud","Freight loaded","Thousand tonnes","46,529"
"2007","Sud","Freight unloaded","Thousand tonnes","71,233"
"2007","Abruzzo","Freight loaded","Thousand tonnes","75"
"2007","Abruzzo","Freight unloaded","Thousand tonnes","1,265"
"2007","Molise","Freight loaded","Thousand tonnes",":"
"2007","Molise","Freight unloaded","Thousand tonnes",":"
"2007","Campania","Freight loaded","Thousand tonnes","7,209"
"2007","Campania","Freight unloaded","Thousand tonnes","11,711"
"2007","Puglia","Freight loaded","Thousand tonnes","23,680"
"2007","Puglia","Freight unloaded","Thousand tonnes","42,132"
"2007","Calabria","Freight loaded","Thousand tonnes","15,566"
"2007","Calabria","Freight unloaded","Thousand tonnes","16,125"
"2007","Isole","Freight loaded","Thousand tonnes","65,971"
"2007","Isole","Freight unloaded","Thousand tonnes","82,986"
"2007","Sicilia","Freight loaded","Thousand tonnes","41,908"
"2007","Sicilia","Freight unloaded","Thousand tonnes","49,283"
"2007","Sardegna","Freight loaded","Thousand tonnes","24,062"
"2007","Sardegna","Freight unloaded","Thousand tonnes","33,703"
"2008","Italy","Freight loaded","Thousand tonnes","163,518"
"2008","Italy","Freight unloaded","Thousand tonnes","350,011"
"2008","Nord-Ovest","Freight loaded","Thousand tonnes","21,438"
"2008","Nord-Ovest","Freight unloaded","Thousand tonnes","58,415"
"2008","Liguria","Freight loaded","Thousand tonnes","21,438"
"2008","Liguria","Freight unloaded","Thousand tonnes","58,415"
"2008","Nord-Est","Freight loaded","Thousand tonnes","15,538"
"2008","Nord-Est","Freight unloaded","Thousand tonnes","91,191"
"2008","Veneto","Freight loaded","Thousand tonnes","5,727"
"2008","Veneto","Freight unloaded","Thousand tonnes","27,322"
"2008","Friuli-Venezia Giulia","Freight loaded","Thousand tonnes","5,922"
"2008","Friuli-Venezia Giulia","Freight unloaded","Thousand tonnes","37,683"
"2008","Emilia-Romagna","Freight loaded","Thousand tonnes","3,888"
"2008","Emilia-Romagna","Freight unloaded","Thousand tonnes","26,186"
"2008","Centro (IT)","Freight loaded","Thousand tonnes","17,668"
"2008","Centro (IT)","Freight unloaded","Thousand tonnes","47,548"
"2008","Toscana","Freight loaded","Thousand tonnes","10,482"
"2008","Toscana","Freight unloaded","Thousand tonnes","28,926"
"2008","Marche","Freight loaded","Thousand tonnes","4,113"
"2008","Marche","Freight unloaded","Thousand tonnes","6,890"
"2008","Lazio","Freight loaded","Thousand tonnes","3,073"
"2008","Lazio","Freight unloaded","Thousand tonnes","11,732"
"2008","Sud","Freight loaded","Thousand tonnes","44,640"
"2008","Sud","Freight unloaded","Thousand tonnes","69,169"
"2008","Abruzzo","Freight loaded","Thousand tonnes","104"
"2008","Abruzzo","Freight unloaded","Thousand tonnes","1,051"
"2008","Molise","Freight loaded","Thousand tonnes",":"
"2008","Molise","Freight unloaded","Thousand tonnes",":"
"2008","Campania","Freight loaded","Thousand tonnes","6,086"
"2008","Campania","Freight unloaded","Thousand tonnes","9,615"
"2008","Puglia","Freight loaded","Thousand tonnes","23,156"
"2008","Puglia","Freight unloaded","Thousand tonnes","42,270"
"2008","Calabria","Freight loaded","Thousand tonnes","15,293"
"2008","Calabria","Freight unloaded","Thousand tonnes","16,234"
"2008","Isole","Freight loaded","Thousand tonnes","63,536"
"2008","Isole","Freight unloaded","Thousand tonnes","83,377"
"2008","Sicilia","Freight loaded","Thousand tonnes","37,986"
"2008","Sicilia","Freight unloaded","Thousand tonnes","46,901"
"2008","Sardegna","Freight loaded","Thousand tonnes","25,550"
"2008","Sardegna","Freight unloaded","Thousand tonnes","36,477"
"2009","Italy","Freight loaded","Thousand tonnes","149,588"
"2009","Italy","Freight unloaded","Thousand tonnes","308,847"
"2009","Nord-Ovest","Freight loaded","Thousand tonnes","22,867"
"2009","Nord-Ovest","Freight unloaded","Thousand tonnes","50,681"
"2009","Liguria","Freight loaded","Thousand tonnes","22,867"
"2009","Liguria","Freight unloaded","Thousand tonnes","50,681"
"2009","Nord-Est","Freight loaded","Thousand tonnes","14,886"
"2009","Nord-Est","Freight unloaded","Thousand tonnes","86,739"
"2009","Veneto","Freight loaded","Thousand tonnes","5,210"
"2009","Veneto","Freight unloaded","Thousand tonnes","25,358"
"2009","Friuli-Venezia Giulia","Freight loaded","Thousand tonnes","5,505"
"2009","Friuli-Venezia Giulia","Freight unloaded","Thousand tonnes","41,704"
"2009","Emilia-Romagna","Freight loaded","Thousand tonnes","4,170"
"2009","Emilia-Romagna","Freight unloaded","Thousand tonnes","19,677"
"2009","Centro (IT)","Freight loaded","Thousand tonnes","17,898"
"2009","Centro (IT)","Freight unloaded","Thousand tonnes","37,822"
"2009","Toscana","Freight loaded","Thousand tonnes","11,229"
"2009","Toscana","Freight unloaded","Thousand tonnes","21,654"
"2009","Marche","Freight loaded","Thousand tonnes","3,895"
"2009","Marche","Freight unloaded","Thousand tonnes","6,318"
"2009","Lazio","Freight loaded","Thousand tonnes","2,774"
"2009","Lazio","Freight unloaded","Thousand tonnes","9,851"
"2009","Sud","Freight loaded","Thousand tonnes","38,706"
"2009","Sud","Freight unloaded","Thousand tonnes","63,546"
"2009","Abruzzo","Freight loaded","Thousand tonnes","56"
"2009","Abruzzo","Freight unloaded","Thousand tonnes","952"
"2009","Molise","Freight loaded","Thousand tonnes",":"
"2009","Molise","Freight unloaded","Thousand tonnes",":"
"2009","Campania","Freight loaded","Thousand tonnes","5,699"
"2009","Campania","Freight unloaded","Thousand tonnes","9,632"
"2009","Puglia","Freight loaded","Thousand tonnes","16,084"
"2009","Puglia","Freight unloaded","Thousand tonnes","35,435"
"2009","Calabria","Freight loaded","Thousand tonnes","16,867"
"2009","Calabria","Freight unloaded","Thousand tonnes","17,527"
"2009","Isole","Freight loaded","Thousand tonnes","52,872"
"2009","Isole","Freight unloaded","Thousand tonnes","69,717"
"2009","Sicilia","Freight loaded","Thousand tonnes","30,120"
"2009","Sicilia","Freight unloaded","Thousand tonnes","40,698"
"2009","Sardegna","Freight loaded","Thousand tonnes","22,752"
"2009","Sardegna","Freight unloaded","Thousand tonnes","29,018"
"2010","Italy","Freight loaded","Thousand tonnes","165,559"
"2010","Italy","Freight unloaded","Thousand tonnes","316,683"
"2010","Nord-Ovest","Freight loaded","Thousand tonnes","20,304"
"2010","Nord-Ovest","Freight unloaded","Thousand tonnes","50,087"
"2010","Liguria","Freight loaded","Thousand tonnes","20,304"
"2010","Liguria","Freight unloaded","Thousand tonnes","50,087"
"2010","Nord-Est","Freight loaded","Thousand tonnes","16,696"
"2010","Nord-Est","Freight unloaded","Thousand tonnes","84,951"
"2010","Veneto","Freight loaded","Thousand tonnes","5,539"
"2010","Veneto","Freight unloaded","Thousand tonnes","28,989"
"2010","Friuli-Venezia Giulia","Freight loaded","Thousand tonnes","8,339"
"2010","Friuli-Venezia Giulia","Freight unloaded","Thousand tonnes","36,594"
"2010","Emilia-Romagna","Freight loaded","Thousand tonnes","2,817"
"2010","Emilia-Romagna","Freight unloaded","Thousand tonnes","19,369"
"2010","Centro (IT)","Freight loaded","Thousand tonnes","20,297"
"2010","Centro (IT)","Freight unloaded","Thousand tonnes","36,451"
"2010","Toscana","Freight loaded","Thousand tonnes","12,993"
"2010","Toscana","Freight unloaded","Thousand tonnes","20,530"
"2010","Marche","Freight loaded","Thousand tonnes","4,002"
"2010","Marche","Freight unloaded","Thousand tonnes","5,933"
"2010","Lazio","Freight loaded","Thousand tonnes","3,302"
"2010","Lazio","Freight unloaded","Thousand tonnes","9,988"
"2010","Sud","Freight loaded","Thousand tonnes","45,401"
"2010","Sud","Freight unloaded","Thousand tonnes","69,081"
"2010","Abruzzo","Freight loaded","Thousand tonnes","56"
"2010","Abruzzo","Freight unloaded","Thousand tonnes","1,074"
"2010","Molise","Freight loaded","Thousand tonnes",":"
"2010","Molise","Freight unloaded","Thousand tonnes",":"
"2010","Campania","Freight loaded","Thousand tonnes","7,182"
"2010","Campania","Freight unloaded","Thousand tonnes","12,591"
"2010","Puglia","Freight loaded","Thousand tonnes","17,584"
"2010","Puglia","Freight unloaded","Thousand tonnes","32,659"
"2010","Calabria","Freight loaded","Thousand tonnes","20,579"
"2010","Calabria","Freight unloaded","Thousand tonnes","22,758"
"2010","Isole","Freight loaded","Thousand tonnes","62,545"
"2010","Isole","Freight unloaded","Thousand tonnes","75,822"
"2010","Sicilia","Freight loaded","Thousand tonnes","41,089"
"2010","Sicilia","Freight unloaded","Thousand tonnes","46,418"
"2010","Sardegna","Freight loaded","Thousand tonnes","21,456"
"2010","Sardegna","Freight unloaded","Thousand tonnes","29,403"
"2011","Italy","Freight loaded","Thousand tonnes","167,917"
"2011","Italy","Freight unloaded","Thousand tonnes","318,869"
"2011","Nord-Ovest","Freight loaded","Thousand tonnes","20,836"
"2011","Nord-Ovest","Freight unloaded","Thousand tonnes","51,066"
"2011","Liguria","Freight loaded","Thousand tonnes","20,836"
"2011","Liguria","Freight unloaded","Thousand tonnes","51,066"
"2011","Nord-Est","Freight loaded","Thousand tonnes","15,844"
"2011","Nord-Est","Freight unloaded","Thousand tonnes","88,122"
"2011","Veneto","Freight loaded","Thousand tonnes","5,304"
"2011","Veneto","Freight unloaded","Thousand tonnes","29,647"
"2011","Friuli-Venezia Giulia","Freight loaded","Thousand tonnes","8,177"
"2011","Friuli-Venezia Giulia","Freight unloaded","Thousand tonnes","38,556"
"2011","Emilia-Romagna","Freight loaded","Thousand tonnes","2,363"
"2011","Emilia-Romagna","Freight unloaded","Thousand tonnes","19,918"
"2011","Centro (IT)","Freight loaded","Thousand tonnes","21,168"
"2011","Centro (IT)","Freight unloaded","Thousand tonnes","34,364"
"2011","Toscana","Freight loaded","Thousand tonnes","13,644"
"2011","Toscana","Freight unloaded","Thousand tonnes","17,803"
"2011","Marche","Freight loaded","Thousand tonnes","3,495"
"2011","Marche","Freight unloaded","Thousand tonnes","5,746"
"2011","Lazio","Freight loaded","Thousand tonnes","4,030"
"2011","Lazio","Freight unloaded","Thousand tonnes","10,816"
"2011","Sud","Freight loaded","Thousand tonnes","43,357"
"2011","Sud","Freight unloaded","Thousand tonnes","69,212"
"2011","Abruzzo","Freight loaded","Thousand tonnes","97"
"2011","Abruzzo","Freight unloaded","Thousand tonnes","1,306"
"2011","Molise","Freight loaded","Thousand tonnes",":"
"2011","Molise","Freight unloaded","Thousand tonnes",":"
"2011","Campania","Freight loaded","Thousand tonnes","6,126"
"2011","Campania","Freight unloaded","Thousand tonnes","13,270"
"2011","Puglia","Freight loaded","Thousand tonnes","20,314"
"2011","Puglia","Freight unloaded","Thousand tonnes","36,849"
"2011","Calabria","Freight loaded","Thousand tonnes","16,821"
"2011","Calabria","Freight unloaded","Thousand tonnes","17,788"
"2011","Isole","Freight loaded","Thousand tonnes","66,682"
"2011","Isole","Freight unloaded","Thousand tonnes","76,067"
"2011","Sicilia","Freight loaded","Thousand tonnes","43,274"
"2011","Sicilia","Freight unloaded","Thousand tonnes","45,077"
"2011","Sardegna","Freight loaded","Thousand tonnes","23,408"
"2011","Sardegna","Freight unloaded","Thousand tonnes","30,990"
"2012","Italy","Freight loaded","Thousand tonnes","166,982"
"2012","Italy","Freight unloaded","Thousand tonnes","298,750"
"2012","Nord-Ovest","Freight loaded","Thousand tonnes","21,562"
"2012","Nord-Ovest","Freight unloaded","Thousand tonnes","48,011"
"2012","Liguria","Freight loaded","Thousand tonnes","21,562"
"2012","Liguria","Freight unloaded","Thousand tonnes","48,011"
"2012","Nord-Est","Freight loaded","Thousand tonnes","17,334"
"2012","Nord-Est","Freight unloaded","Thousand tonnes","83,727"
"2012","Veneto","Freight loaded","Thousand tonnes","5,725"
"2012","Veneto","Freight unloaded","Thousand tonnes","25,115"
"2012","Friuli-Venezia Giulia","Freight loaded","Thousand tonnes","8,601"
"2012","Friuli-Venezia Giulia","Freight unloaded","Thousand tonnes","39,218"
"2012","Emilia-Romagna","Freight loaded","Thousand tonnes","3,009"
"2012","Emilia-Romagna","Freight unloaded","Thousand tonnes","19,394"
"2012","Centro (IT)","Freight loaded","Thousand tonnes","20,581"
"2012","Centro (IT)","Freight unloaded","Thousand tonnes","36,436"
"2012","Toscana","Freight loaded","Thousand tonnes","12,711"
"2012","Toscana","Freight unloaded","Thousand tonnes","18,086"
"2012","Marche","Freight loaded","Thousand tonnes","3,005"
"2012","Marche","Freight unloaded","Thousand tonnes","5,311"
"2012","Lazio","Freight loaded","Thousand tonnes","4,866"
"2012","Lazio","Freight unloaded","Thousand tonnes","13,039"
"2012","Sud","Freight loaded","Thousand tonnes","42,774"
"2012","Sud","Freight unloaded","Thousand tonnes","60,765"
"2012","Abruzzo","Freight loaded","Thousand tonnes","89"
"2012","Abruzzo","Freight unloaded","Thousand tonnes","1,293"
"2012","Molise","Freight loaded","Thousand tonnes",":"
"2012","Molise","Freight unloaded","Thousand tonnes",":"
"2012","Campania","Freight loaded","Thousand tonnes","6,091"
"2012","Campania","Freight unloaded","Thousand tonnes","12,184"
"2012","Puglia","Freight loaded","Thousand tonnes","19,304"
"2012","Puglia","Freight unloaded","Thousand tonnes","31,018"
"2012","Calabria","Freight loaded","Thousand tonnes","17,291"
"2012","Calabria","Freight unloaded","Thousand tonnes","16,270"
"2012","Isole","Freight loaded","Thousand tonnes","64,731"
"2012","Isole","Freight unloaded","Thousand tonnes","69,812"
"2012","Sicilia","Freight loaded","Thousand tonnes","41,107"
"2012","Sicilia","Freight unloaded","Thousand tonnes","41,119"
"2012","Sardegna","Freight loaded","Thousand tonnes","23,624"
"2012","Sardegna","Freight unloaded","Thousand tonnes","28,693"
"2013","Italy","Freight loaded","Thousand tonnes","155,502"
"2013","Italy","Freight unloaded","Thousand tonnes","291,281"
"2013","Nord-Ovest","Freight loaded","Thousand tonnes","21,317"
"2013","Nord-Ovest","Freight unloaded","Thousand tonnes","45,442"
"2013","Liguria","Freight loaded","Thousand tonnes","21,317"
"2013","Liguria","Freight unloaded","Thousand tonnes","45,442"
"2013","Nord-Est","Freight loaded","Thousand tonnes","16,463"
"2013","Nord-Est","Freight unloaded","Thousand tonnes","86,814"
"2013","Veneto","Freight loaded","Thousand tonnes","5,835"
"2013","Veneto","Freight unloaded","Thousand tonnes","23,791"
"2013","Friuli-Venezia Giulia","Freight loaded","Thousand tonnes","7,473"
"2013","Friuli-Venezia Giulia","Freight unloaded","Thousand tonnes","43,655"
"2013","Emilia-Romagna","Freight loaded","Thousand tonnes","3,154"
"2013","Emilia-Romagna","Freight unloaded","Thousand tonnes","19,368"
"2013","Centro (IT)","Freight loaded","Thousand tonnes","17,990"
"2013","Centro (IT)","Freight unloaded","Thousand tonnes","36,478"
"2013","Toscana","Freight loaded","Thousand tonnes","12,042"
"2013","Toscana","Freight unloaded","Thousand tonnes","19,730"
"2013","Marche","Freight loaded","Thousand tonnes","2,529"
"2013","Marche","Freight unloaded","Thousand tonnes","4,668"
"2013","Lazio","Freight loaded","Thousand tonnes","3,419"
"2013","Lazio","Freight unloaded","Thousand tonnes","12,080"
"2013","Sud","Freight loaded","Thousand tonnes","36,665"
"2013","Sud","Freight unloaded","Thousand tonnes","55,722"
"2013","Abruzzo","Freight loaded","Thousand tonnes","49"
"2013","Abruzzo","Freight unloaded","Thousand tonnes","1,293"
"2013","Molise","Freight loaded","Thousand tonnes",":"
"2013","Molise","Freight unloaded","Thousand tonnes",":"
"2013","Campania","Freight loaded","Thousand tonnes","6,233"
"2013","Campania","Freight unloaded","Thousand tonnes","13,055"
"2013","Puglia","Freight loaded","Thousand tonnes","12,720"
"2013","Puglia","Freight unloaded","Thousand tonnes","25,124"
"2013","Calabria","Freight loaded","Thousand tonnes","17,663"
"2013","Calabria","Freight unloaded","Thousand tonnes","16,251"
"2013","Isole","Freight loaded","Thousand tonnes","62,934"
"2013","Isole","Freight unloaded","Thousand tonnes","65,535"
"2013","Sicilia","Freight loaded","Thousand tonnes","38,550"
"2013","Sicilia","Freight unloaded","Thousand tonnes","37,927"
"2013","Sardegna","Freight loaded","Thousand tonnes","24,384"
"2013","Sardegna","Freight unloaded","Thousand tonnes","27,607"
"2014","Italy","Freight loaded","Thousand tonnes","155,984"
"2014","Italy","Freight unloaded","Thousand tonnes","277,614"
"2014","Nord-Ovest","Freight loaded","Thousand tonnes","22,200"
"2014","Nord-Ovest","Freight unloaded","Thousand tonnes","44,995"
"2014","Liguria","Freight loaded","Thousand tonnes","22,200"
"2014","Liguria","Freight unloaded","Thousand tonnes","44,995"
"2014","Nord-Est","Freight loaded","Thousand tonnes","17,425"
"2014","Nord-Est","Freight unloaded","Thousand tonnes","81,674"
"2014","Veneto","Freight loaded","Thousand tonnes","4,590"
"2014","Veneto","Freight unloaded","Thousand tonnes","17,606"
"2014","Friuli-Venezia Giulia","Freight loaded","Thousand tonnes","8,449"
"2014","Friuli-Venezia Giulia","Freight unloaded","Thousand tonnes","44,271"
"2014","Emilia-Romagna","Freight loaded","Thousand tonnes","4,385"
"2014","Emilia-Romagna","Freight unloaded","Thousand tonnes","19,797"
"2014","Centro (IT)","Freight loaded","Thousand tonnes","18,208"
"2014","Centro (IT)","Freight unloaded","Thousand tonnes","35,151"
"2014","Toscana","Freight loaded","Thousand tonnes","11,396"
"2014","Toscana","Freight unloaded","Thousand tonnes","18,501"
"2014","Marche","Freight loaded","Thousand tonnes","3,382"
"2014","Marche","Freight unloaded","Thousand tonnes","5,852"
"2014","Lazio","Freight loaded","Thousand tonnes","3,430"
"2014","Lazio","Freight unloaded","Thousand tonnes","10,798"
"2014","Sud","Freight loaded","Thousand tonnes","39,369"
"2014","Sud","Freight unloaded","Thousand tonnes","51,399"
"2014","Abruzzo","Freight loaded","Thousand tonnes","111"
"2014","Abruzzo","Freight unloaded","Thousand tonnes","1,020"
"2014","Molise","Freight loaded","Thousand tonnes",":"
"2014","Molise","Freight unloaded","Thousand tonnes",":"
"2014","Campania","Freight loaded","Thousand tonnes","7,885"
"2014","Campania","Freight unloaded","Thousand tonnes","12,208"
"2014","Puglia","Freight loaded","Thousand tonnes","14,046"
"2014","Puglia","Freight unloaded","Thousand tonnes","22,091"
"2014","Calabria","Freight loaded","Thousand tonnes","17,327"
"2014","Calabria","Freight unloaded","Thousand tonnes","16,080"
"2014","Isole","Freight loaded","Thousand tonnes","58,674"
"2014","Isole","Freight unloaded","Thousand tonnes","61,146"
"2014","Sicilia","Freight loaded","Thousand tonnes","36,452"
"2014","Sicilia","Freight unloaded","Thousand tonnes","36,180"
"2014","Sardegna","Freight loaded","Thousand tonnes","22,223"
"2014","Sardegna","Freight unloaded","Thousand tonnes","24,966"
"2015","Italy","Freight loaded","Thousand tonnes","162,669"
"2015","Italy","Freight unloaded","Thousand tonnes","286,867"
"2015","Nord-Ovest","Freight loaded","Thousand tonnes","26,129"
"2015","Nord-Ovest","Freight unloaded","Thousand tonnes","44,910"
"2015","Liguria","Freight loaded","Thousand tonnes","26,129"
"2015","Liguria","Freight unloaded","Thousand tonnes","44,910"
"2015","Nord-Est","Freight loaded","Thousand tonnes","20,724"
"2015","Nord-Est","Freight unloaded","Thousand tonnes","86,026"
"2015","Veneto","Freight loaded","Thousand tonnes","7,776"
"2015","Veneto","Freight unloaded","Thousand tonnes","19,046"
"2015","Friuli-Venezia Giulia","Freight loaded","Thousand tonnes","9,140"
"2015","Friuli-Venezia Giulia","Freight unloaded","Thousand tonnes","45,500"
"2015","Emilia-Romagna","Freight loaded","Thousand tonnes","3,808"
"2015","Emilia-Romagna","Freight unloaded","Thousand tonnes","21,480"
"2015","Centro (IT)","Freight loaded","Thousand tonnes","21,772"
"2015","Centro (IT)","Freight unloaded","Thousand tonnes","37,900"
"2015","Toscana","Freight loaded","Thousand tonnes","14,088"
"2015","Toscana","Freight unloaded","Thousand tonnes","20,962"
"2015","Marche","Freight loaded","Thousand tonnes","3,973"
"2015","Marche","Freight unloaded","Thousand tonnes","5,660"
"2015","Lazio","Freight loaded","Thousand tonnes","3,710"
"2015","Lazio","Freight unloaded","Thousand tonnes","11,279"
"2015","Sud","Freight loaded","Thousand tonnes","36,216"
"2015","Sud","Freight unloaded","Thousand tonnes","53,627"
"2015","Abruzzo","Freight loaded","Thousand tonnes","69"
"2015","Abruzzo","Freight unloaded","Thousand tonnes","1,104"
"2015","Molise","Freight loaded","Thousand tonnes",":"
"2015","Molise","Freight unloaded","Thousand tonnes",":"
"2015","Campania","Freight loaded","Thousand tonnes","9,211"
"2015","Campania","Freight unloaded","Thousand tonnes","14,394"
"2015","Puglia","Freight loaded","Thousand tonnes","10,583"
"2015","Puglia","Freight unloaded","Thousand tonnes","22,608"
"2015","Calabria","Freight loaded","Thousand tonnes","16,354"
"2015","Calabria","Freight unloaded","Thousand tonnes","15,521"
"2015","Isole","Freight loaded","Thousand tonnes","57,826"
"2015","Isole","Freight unloaded","Thousand tonnes","60,020"
"2015","Sicilia","Freight loaded","Thousand tonnes","33,323"
"2015","Sicilia","Freight unloaded","Thousand tonnes","33,546"
"2015","Sardegna","Freight loaded","Thousand tonnes","24,504"
"2015","Sardegna","Freight unloaded","Thousand tonnes","26,474"
"2016","Italy","Freight loaded","Thousand tonnes","163,302"
"2016","Italy","Freight unloaded","Thousand tonnes","290,181"
"2016","Nord-Ovest","Freight loaded","Thousand tonnes","28,173"
"2016","Nord-Ovest","Freight unloaded","Thousand tonnes","44,953"
"2016","Liguria","Freight loaded","Thousand tonnes","28,173"
"2016","Liguria","Freight unloaded","Thousand tonnes","44,953"
"2016","Nord-Est","Freight loaded","Thousand tonnes","19,028"
"2016","Nord-Est","Freight unloaded","Thousand tonnes","90,472"
"2016","Veneto","Freight loaded","Thousand tonnes","6,493"
"2016","Veneto","Freight unloaded","Thousand tonnes","20,402"
"2016","Friuli-Venezia Giulia","Freight loaded","Thousand tonnes","7,422"
"2016","Friuli-Venezia Giulia","Freight unloaded","Thousand tonnes","47,680"
"2016","Emilia-Romagna","Freight loaded","Thousand tonnes","5,113"
"2016","Emilia-Romagna","Freight unloaded","Thousand tonnes","22,391"
"2016","Centro (IT)","Freight loaded","Thousand tonnes","22,560"
"2016","Centro (IT)","Freight unloaded","Thousand tonnes","34,670"
"2016","Toscana","Freight loaded","Thousand tonnes","14,652"
"2016","Toscana","Freight unloaded","Thousand tonnes","18,375"
"2016","Marche","Freight loaded","Thousand tonnes","4,115"
"2016","Marche","Freight unloaded","Thousand tonnes","5,847"
"2016","Lazio","Freight loaded","Thousand tonnes","3,793"
"2016","Lazio","Freight unloaded","Thousand tonnes","10,448"
"2016","Sud","Freight loaded","Thousand tonnes","37,940"
"2016","Sud","Freight unloaded","Thousand tonnes","53,213"
"2016","Abruzzo","Freight loaded","Thousand tonnes","137"
"2016","Abruzzo","Freight unloaded","Thousand tonnes","992"
"2016","Molise","Freight loaded","Thousand tonnes",":"
"2016","Molise","Freight unloaded","Thousand tonnes",":"
"2016","Campania","Freight loaded","Thousand tonnes","9,306"
"2016","Campania","Freight unloaded","Thousand tonnes","13,794"
"2016","Puglia","Freight loaded","Thousand tonnes","12,484"
"2016","Puglia","Freight unloaded","Thousand tonnes","22,808"
"2016","Calabria","Freight loaded","Thousand tonnes","16,014"
"2016","Calabria","Freight unloaded","Thousand tonnes","15,619"
"2016","Isole","Freight loaded","Thousand tonnes","55,561"
"2016","Isole","Freight unloaded","Thousand tonnes","63,199"
"2016","Sicilia","Freight loaded","Thousand tonnes","31,180"
"2016","Sicilia","Freight unloaded","Thousand tonnes","37,359"
"2016","Sardegna","Freight loaded","Thousand tonnes","24,380"
"2016","Sardegna","Freight unloaded","Thousand tonnes","25,840"
"2017","Italy","Freight loaded","Thousand tonnes","167,368"
"2017","Italy","Freight unloaded","Thousand tonnes","298,471"
"2017","Nord-Ovest","Freight loaded","Thousand tonnes","31,376"
"2017","Nord-Ovest","Freight unloaded","Thousand tonnes","47,374"
"2017","Liguria","Freight loaded","Thousand tonnes","31,376"
"2017","Liguria","Freight unloaded","Thousand tonnes","47,374"
"2017","Nord-Est","Freight loaded","Thousand tonnes","19,958"
"2017","Nord-Est","Freight unloaded","Thousand tonnes","96,790"
"2017","Veneto","Freight loaded","Thousand tonnes","6,156"
"2017","Veneto","Freight unloaded","Thousand tonnes","20,143"
"2017","Friuli-Venezia Giulia","Freight loaded","Thousand tonnes","8,030"
"2017","Friuli-Venezia Giulia","Freight unloaded","Thousand tonnes","53,254"
"2017","Emilia-Romagna","Freight loaded","Thousand tonnes","5,773"
"2017","Emilia-Romagna","Freight unloaded","Thousand tonnes","23,393"
"2017","Centro (IT)","Freight loaded","Thousand tonnes","22,124"
"2017","Centro (IT)","Freight unloaded","Thousand tonnes","34,472"
"2017","Toscana","Freight loaded","Thousand tonnes","14,141"
"2017","Toscana","Freight unloaded","Thousand tonnes","18,847"
"2017","Marche","Freight loaded","Thousand tonnes","4,190"
"2017","Marche","Freight unloaded","Thousand tonnes","5,730"
"2017","Lazio","Freight loaded","Thousand tonnes","3,793"
"2017","Lazio","Freight unloaded","Thousand tonnes","9,895"
"2017","Sud","Freight loaded","Thousand tonnes","37,070"
"2017","Sud","Freight unloaded","Thousand tonnes","51,341"
"2017","Abruzzo","Freight loaded","Thousand tonnes","124"
"2017","Abruzzo","Freight unloaded","Thousand tonnes","863"
"2017","Molise","Freight loaded","Thousand tonnes",":"
"2017","Molise","Freight unloaded","Thousand tonnes",":"
"2017","Campania","Freight loaded","Thousand tonnes","9,565"
"2017","Campania","Freight unloaded","Thousand tonnes","13,899"
"2017","Puglia","Freight loaded","Thousand tonnes","12,606"
"2017","Puglia","Freight unloaded","Thousand tonnes","22,541"
"2017","Calabria","Freight loaded","Thousand tonnes","14,776"
"2017","Calabria","Freight unloaded","Thousand tonnes","14,038"
"2017","Isole","Freight loaded","Thousand tonnes","56,805"
"2017","Isole","Freight unloaded","Thousand tonnes","63,517"
"2017","Sicilia","Freight loaded","Thousand tonnes","35,168"
"2017","Sicilia","Freight unloaded","Thousand tonnes","38,265"
"2017","Sardegna","Freight loaded","Thousand tonnes","21,637"
"2017","Sardegna","Freight unloaded","Thousand tonnes","25,253"
"2018","Italy","Freight loaded","Thousand tonnes","185,389"
"2018","Italy","Freight unloaded","Thousand tonnes","305,446"
"2018","Nord-Ovest","Freight loaded","Thousand tonnes","31,879"
"2018","Nord-Ovest","Freight unloaded","Thousand tonnes","49,186"
"2018","Liguria","Freight loaded","Thousand tonnes","31,879"
"2018","Liguria","Freight unloaded","Thousand tonnes","49,186"
"2018","Nord-Est","Freight loaded","Thousand tonnes","26,165"
"2018","Nord-Est","Freight unloaded","Thousand tonnes","96,968"
"2018","Veneto","Freight loaded","Thousand tonnes","7,078"
"2018","Veneto","Freight unloaded","Thousand tonnes","21,146"
"2018","Friuli-Venezia Giulia","Freight loaded","Thousand tonnes","13,368"
"2018","Friuli-Venezia Giulia","Freight unloaded","Thousand tonnes","50,318"
"2018","Emilia-Romagna","Freight loaded","Thousand tonnes","5,719"
"2018","Emilia-Romagna","Freight unloaded","Thousand tonnes","25,505"
"2018","Centro (IT)","Freight loaded","Thousand tonnes","24,760"
"2018","Centro (IT)","Freight unloaded","Thousand tonnes","38,810"
"2018","Toscana","Freight loaded","Thousand tonnes","15,825"
"2018","Toscana","Freight unloaded","Thousand tonnes","20,731"
"2018","Marche","Freight loaded","Thousand tonnes","4,539"
"2018","Marche","Freight unloaded","Thousand tonnes","6,272"
"2018","Lazio","Freight loaded","Thousand tonnes","4,396"
"2018","Lazio","Freight unloaded","Thousand tonnes","11,807"
"2018","Sud","Freight loaded","Thousand tonnes","39,606"
"2018","Sud","Freight unloaded","Thousand tonnes","52,573"
"2018","Abruzzo","Freight loaded","Thousand tonnes","152"
"2018","Abruzzo","Freight unloaded","Thousand tonnes","1,062"
"2018","Molise","Freight loaded","Thousand tonnes",":"
"2018","Molise","Freight unloaded","Thousand tonnes",":"
"2018","Campania","Freight loaded","Thousand tonnes","9,570"
"2018","Campania","Freight unloaded","Thousand tonnes","13,420"
"2018","Puglia","Freight loaded","Thousand tonnes","13,395"
"2018","Puglia","Freight unloaded","Thousand tonnes","21,623"
"2018","Calabria","Freight loaded","Thousand tonnes","16,489"
"2018","Calabria","Freight unloaded","Thousand tonnes","16,467"
"2018","Isole","Freight loaded","Thousand tonnes","62,953"
"2018","Isole","Freight unloaded","Thousand tonnes","63,600"
"2018","Sicilia","Freight loaded","Thousand tonnes","39,336"
"2018","Sicilia","Freight unloaded","Thousand tonnes","37,824"
"2018","Sardegna","Freight loaded","Thousand tonnes","23,618"
"2018","Sardegna","Freight unloaded","Thousand tonnes","25,776"
