Date,ABR_Deaths,ABR_Recovered,ABR_Tested,ABR_TestedPositive,BAS_Deaths,BAS_Recovered,BAS_Tested,BAS_TestedPositive,BZ_Deaths,BZ_Recovered,BZ_Tested,BZ_TestedPositive,CAL_Deaths,CAL_Recovered,CAL_Tested,CAL_TestedPositive,CAM_Deaths,CAM_Recovered,CAM_Tested,CAM_TestedPositive,EMR_Deaths,EMR_Recovered,EMR_Tested,EMR_TestedPositive,FVG_Deaths,FVG_Recovered,FVG_Tested,FVG_TestedPositive,LAZ_Deaths,LAZ_Recovered,LAZ_Tested,LAZ_TestedPositive,LIG_Deaths,LIG_Recovered,LIG_Tested,LIG_TestedPositive,LOM_Deaths,LOM_Recovered,LOM_Tested,LOM_TestedPositive,MAR_Deaths,MAR_Recovered,MAR_Tested,MAR_TestedPositive,MOL_Deaths,MOL_Recovered,MOL_Tested,MOL_TestedPositive,PIE_Deaths,PIE_Recovered,PIE_Tested,PIE_TestedPositive,PUG_Deaths,PUG_Recovered,PUG_Tested,PUG_TestedPositive,SAR_Deaths,SAR_Recovered,SAR_Tested,SAR_TestedPositive,SIC_Deaths,SIC_Recovered,SIC_Tested,SIC_TestedPositive,TN_Deaths,TN_Recovered,TN_Tested,TN_TestedPositive,TOS_Deaths,TOS_Recovered,TOS_Tested,TOS_TestedPositive,UMB_Deaths,UMB_Recovered,UMB_Tested,UMB_TestedPositive,VDA_Deaths,VDA_Recovered,VDA_Tested,VDA_TestedPositive,VEN_Deaths,VEN_Recovered,VEN_Tested,VEN_TestedPositive
2020-02-25,0,0,0,0,0,0,0,0,0,0,0,1,0,0,1,0,0,0,0,0,0,0,243,8,0,0,31,0,0,0,0,0,0,0,38,1,3,0,2237,68,0,0,5,0,0,0,0,0,0,0,0,0,0,0,0,0,0,0,0,0,0,0,0,3,0,0,0,0,0,0,156,2,0,0,8,0,0,0,0,0,0,0,1580,10
2020-02-26,0,0,8,0,0,0,0,0,0,0,0,0,0,0,1,0,0,0,0,0,1,0,186,21,0,0,25,0,0,2,0,0,0,0,27,10,0,0,-492,18,0,0,7,1,0,0,0,0,0,0,15,0,0,0,0,0,0,0,0,0,0,0,0,0,0,0,0,0,0,0,67,0,0,0,0,0,0,0,0,0,1,0,1120,28
2020-02-27,0,0,20,1,0,0,0,0,0,0,1,0,0,0,11,0,0,0,0,3,0,0,456,50,0,0,27,0,0,0,428,0,0,0,12,8,5,40,112,145,0,0,18,2,0,0,0,0,0,0,0,-1,0,0,0,1,0,0,0,0,0,2,0,1,0,0,29,0,0,0,47,0,0,0,0,0,0,0,2,0,0,0,1264,40
2020-02-28,0,0,0,0,0,0,0,0,0,0,0,0,0,0,7,1,0,0,203,1,1,0,244,48,0,0,28,0,0,0,59,0,0,0,34,0,3,0,1515,128,0,0,1,3,0,0,0,0,0,0,71,9,0,0,242,2,0,0,0,0,0,0,0,0,0,0,0,0,0,1,27,6,0,0,0,0,0,0,0,0,0,0,1250,40
2020-02-29,0,0,10,1,0,0,32,0,0,0,14,0,0,0,6,0,0,0,160,9,2,0,273,72,0,0,20,0,0,0,68,3,0,4,9,23,6,0,888,84,0,0,21,5,0,0,0,0,0,0,81,0,0,0,10,0,0,0,0,0,0,0,1,0,0,0,11,0,0,0,94,3,0,0,23,0,0,0,0,0,0,0,1245,40
2020-03-01,0,0,9,3,0,0,7,0,0,0,4,0,0,0,8,0,0,0,0,4,4,0,245,68,0,0,54,6,0,0,45,0,0,0,0,-17,1,33,1156,369,0,0,33,14,0,0,6,0,0,0,54,38,0,0,10,0,0,0,28,0,0,0,285,5,0,0,79,0,0,0,41,2,0,0,4,2,0,0,1,0,0,0,397,72
2020-03-02,0,0,0,0,0,0,0,0,0,0,0,0,0,0,4,0,0,0,0,0,3,0,178,50,0,0,26,3,0,0,49,1,0,0,0,-3,14,66,1046,270,1,0,36,10,0,0,7,0,0,0,72,2,0,0,16,1,0,0,0,0,0,0,16,-2,0,0,0,0,0,0,41,0,0,0,0,0,0,0,1,0,0,0,726,10
2020-03-03,0,0,0,1,0,0,3,1,0,0,0,0,0,0,0,0,0,0,32,13,7,4,39,85,0,0,85,4,0,0,104,7,1,0,0,2,17,0,1652,266,1,0,63,26,0,0,0,3,0,0,24,5,0,0,20,2,0,0,0,1,0,0,0,0,0,0,0,4,0,0,84,6,0,0,10,6,0,0,1,0,1,7,394,34
2020-03-04,0,0,33,1,0,0,6,0,0,0,0,0,0,0,7,0,0,0,24,1,4,2,488,124,0,0,22,5,0,0,118,16,0,0,12,2,18,111,2561,300,2,0,88,23,0,0,6,0,0,0,85,26,1,1,24,3,0,0,13,1,0,0,60,11,0,0,0,1,0,0,79,19,0,0,13,1,0,0,3,0,3,2,339,53
2020-03-05,0,0,11,1,0,0,6,0,0,0,0,0,0,0,7,1,0,0,42,14,8,4,384,154,0,0,21,3,0,0,180,14,2,0,13,2,25,126,216,431,0,0,125,40,0,0,5,4,2,0,0,26,0,0,37,5,0,0,8,0,0,0,0,0,0,0,0,2,0,0,0,23,0,0,30,0,0,0,6,2,4,8,1434,47
2020-03-06,0,0,0,1,0,0,9,2,0,0,16,3,0,0,46,2,0,0,0,12,7,7,252,172,0,3,180,10,1,0,198,10,0,1,83,4,37,93,1202,361,0,0,172,35,0,0,80,5,2,0,250,35,0,0,36,3,0,0,49,3,0,0,0,6,0,0,0,3,0,0,321,18,0,0,22,7,0,0,7,5,2,5,1074,81
2020-03-07,0,0,27,2,0,0,12,0,0,0,0,5,0,0,14,0,0,0,141,4,11,8,468,140,0,0,0,11,0,0,209,22,1,0,102,19,19,55,2222,808,2,0,231,48,0,0,8,2,1,0,253,64,1,0,0,9,0,0,0,0,0,0,276,11,0,0,72,4,0,0,234,34,0,0,24,8,0,0,4,1,1,3,1406,55
2020-03-08,0,0,40,6,0,0,48,1,0,0,0,0,0,0,0,5,0,1,368,40,8,2,740,170,1,0,420,15,2,0,347,11,2,0,70,27,113,26,2756,769,1,0,209,65,0,0,4,0,0,0,590,153,1,0,232,14,0,0,50,6,0,0,148,18,0,0,34,9,0,0,287,53,0,0,34,2,0,0,9,1,5,4,1489,127
2020-03-09,0,0,74,13,0,0,12,1,0,0,0,0,0,2,60,2,0,0,0,19,14,3,562,206,0,0,347,36,2,0,0,15,1,0,210,31,66,96,1601,1280,3,0,225,51,0,0,96,0,8,0,45,-10,0,0,58,10,0,0,36,8,0,0,45,1,0,0,39,10,1,0,400,42,0,0,15,2,0,0,26,6,2,1,38,74
2020-03-10,1,0,73,8,0,0,13,2,0,0,0,29,0,0,187,2,0,0,161,7,15,1,588,147,2,0,258,23,1,8,1662,14,1,0,83,32,135,250,1344,322,3,0,187,71,0,0,13,1,4,0,693,103,0,0,62,9,0,0,19,1,0,0,119,8,0,2,132,19,0,2,555,56,0,0,77,9,0,0,22,2,6,17,687,112
2020-03-11,0,0,0,0,0,0,7,1,0,0,39,37,0,0,45,6,1,3,234,27,28,7,1146,206,3,7,471,10,0,8,0,34,0,0,331,53,149,4,4150,1489,5,0,219,85,0,0,8,1,4,0,57,48,2,0,162,18,0,0,79,17,0,0,239,21,0,1,128,25,0,2,231,56,0,2,80,9,1,0,10,3,3,7,4757,167
2020-03-12,1,4,557,46,0,0,0,0,1,0,532,29,0,-1,78,14,0,0,176,25,33,5,960,208,2,1,531,41,3,0,2001,50,3,15,149,80,127,185,3905,1445,4,0,251,113,0,0,5,0,5,0,448,79,0,0,360,27,0,0,19,2,2,0,283,32,1,1,66,30,4,2,361,44,0,0,118,18,0,0,19,7,3,1,2038,361
2020-03-13,0,0,91,5,0,0,0,2,1,0,204,21,0,0,21,5,1,1,120,41,55,8,1187,316,2,0,545,90,2,5,899,77,6,4,268,71,146,113,3166,1095,5,0,311,133,0,0,5,1,20,0,226,260,0,2,180,25,0,0,202,4,0,0,473,15,1,0,253,56,0,3,884,106,1,0,118,12,0,0,71,1,10,45,2253,211
2020-03-14,0,0,274,23,0,0,0,0,1,0,324,48,0,0,207,22,4,18,265,52,40,3,1256,381,3,6,227,44,2,0,844,80,10,28,308,118,76,462,4438,1865,9,0,343,174,0,0,4,0,13,0,575,33,3,-1,232,37,0,0,26,4,0,2,150,26,0,1,160,43,1,0,546,160,0,1,172,31,0,0,42,14,13,7,1289,342
2020-03-15,1,2,187,25,0,0,53,1,2,0,362,31,1,0,173,8,3,5,277,61,43,14,2011,449,1,0,31,46,3,0,1010,79,6,-19,223,96,252,351,3231,1587,10,0,385,234,0,0,1,0,22,0,695,238,8,0,336,64,2,0,83,30,0,3,352,32,4,0,0,172,2,0,537,151,0,0,217,36,0,0,-1,15,8,13,5566,235
2020-03-16,1,1,114,39,0,0,22,1,1,0,243,37,0,0,146,21,0,0,304,67,62,20,1042,429,8,1,1444,39,3,8,985,87,17,9,216,108,202,357,3196,1377,11,0,279,109,1,5,5,4,30,0,1213,405,0,0,0,0,0,0,184,30,0,1,201,25,0,0,0,0,6,1,778,85,0,1,128,21,1,0,57,48,6,10,2506,301
2020-03-17,2,0,155,53,0,0,32,8,2,1,409,50,0,0,263,25,0,0,168,60,47,46,1414,409,8,-1,107,8,4,2,106,84,10,15,320,111,220,117,2884,1571,12,0,0,129,0,0,48,4,22,0,955,381,2,0,1060,110,0,0,206,10,1,0,263,24,1,5,721,7,3,1,817,187,0,0,230,33,0,0,111,31,11,6,426,231
2020-03-18,1,0,366,34,0,0,0,7,1,0,695,85,0,1,375,15,0,0,0,0,65,18,951,594,1,-2,0,68,9,8,1709,117,13,13,403,109,319,1003,2534,1493,23,0,884,197,0,1,60,3,21,0,973,444,1,0,356,43,0,0,132,17,0,4,378,45,0,2,460,70,5,5,879,277,1,0,278,50,1,0,88,29,14,31,5363,510
2020-03-19,4,1,355,122,0,0,91,10,5,0,724,60,2,0,674,40,8,2,859,192,73,25,2883,689,5,26,-906,137,6,2,0,99,18,15,436,172,209,290,3261,2171,23,0,403,169,1,0,65,18,21,3,1337,591,6,2,613,95,0,0,199,72,1,3,667,58,5,8,16,68,16,5,1267,152,0,0,353,87,3,0,122,50,21,33,3817,270
2020-03-20,6,2,286,64,0,0,90,15,3,0,865,112,1,0,348,38,0,0,301,97,109,62,2409,754,2,22,912,57,5,9,2744,185,28,16,446,162,381,517,4930,2380,22,0,658,244,3,0,0,4,34,5,1122,529,1,0,743,103,0,3,578,87,0,10,507,68,1,9,453,119,9,11,1532,311,5,0,349,61,1,0,206,49,16,23,4630,547
2020-03-21,5,3,340,80,0,0,79,14,3,0,746,73,1,3,360,28,5,-1,603,95,75,90,3867,737,4,19,991,134,7,1,0,182,33,24,510,215,546,755,9556,3251,17,2,570,172,2,1,23,11,29,0,726,291,3,0,828,94,2,2,385,37,2,1,415,82,15,5,0,140,25,2,1504,219,3,1,409,67,1,1,70,49,15,34,4354,586
2020-03-22,11,2,340,58,0,0,121,15,3,6,539,57,3,0,616,38,7,12,495,92,101,20,3402,850,5,7,806,84,3,4,3956,193,19,18,691,229,361,815,3868,1691,30,4,651,268,0,0,83,5,45,2,2000,668,2,3,543,111,3,0,105,9,2,0,697,140,7,0,394,172,19,7,1355,265,6,0,423,59,1,0,66,51,23,52,4029,505
2020-03-23,5,5,299,76,1,0,53,9,6,0,366,46,-1,0,407,19,20,7,870,90,76,74,3178,980,7,16,663,56,10,5,526,157,41,16,543,259,320,210,2644,1555,19,2,391,148,0,3,0,1,32,7,859,441,6,0,601,120,4,0,166,20,5,1,795,91,6,34,100,69,18,9,587,184,0,0,426,56,3,1,148,29,23,18,3444,383
2020-03-24,8,1,620,26,0,0,48,2,9,37,425,57,3,0,413,27,7,5,484,75,93,135,2327,719,10,-25,1102,62,17,40,0,188,19,34,454,192,402,582,3453,1942,28,0,447,167,1,0,40,6,59,0,1909,654,7,14,584,99,4,6,291,62,7,0,795,125,15,11,562,87,20,0,1850,238,3,0,547,71,7,0,82,7,24,54,5063,443
2020-03-25,6,2,688,124,0,0,113,21,5,23,140,77,1,2,572,32,18,0,675,98,92,163,4518,800,6,78,968,147,15,28,2298,173,23,32,610,189,296,624,4971,1643,56,0,667,198,0,2,8,0,75,2,1186,509,4,1,878,88,3,1,160,21,5,6,1142,148,18,11,402,112,13,3,2167,273,0,0,599,62,5,0,20,1,42,58,4699,494
2020-03-26,11,0,506,133,0,0,189,21,5,0,1095,48,3,0,875,42,9,5,1374,111,97,71,4350,762,2,39,1227,84,11,24,2102,195,26,35,702,262,387,558,6047,2543,23,1,727,180,0,2,90,30,0,116,1399,510,17,0,968,89,1,1,442,52,8,3,1346,170,12,27,486,75,16,41,3084,254,1,7,721,92,4,0,3,7,29,69,8882,493
2020-03-27,5,1,621,71,2,1,208,17,12,43,776,97,4,0,968,101,15,6,1267,144,93,168,5403,772,4,17,1120,94,12,9,1335,199,51,45,500,129,541,162,8147,2409,26,1,437,82,1,0,40,6,120,41,1651,558,4,7,1042,152,2,0,340,36,6,17,1421,86,16,8,323,94,19,8,2794,224,1,27,709,82,9,0,49,44,26,28,3868,562
2020-03-28,8,6,894,116,0,0,167,31,4,6,648,106,3,4,859,61,11,12,1003,138,77,115,5193,795,11,15,882,119,6,36,3073,210,27,73,373,126,542,961,6643,2117,28,0,824,177,0,2,97,14,48,27,1806,579,2,0,1267,124,5,16,424,94,18,7,2017,109,18,26,638,114,21,5,1867,367,7,4,891,85,4,0,128,59,49,119,5753,433
2020-03-29,12,6,727,160,1,0,164,20,0,0,969,105,4,1,725,59,8,10,1189,167,99,66,0,736,11,12,674,44,12,8,565,201,19,42,923,254,416,293,4895,1592,22,2,547,185,0,2,111,4,67,51,2547,535,15,2,861,91,1,0,373,14,8,5,718,101,9,21,389,89,17,13,1966,305,3,52,657,54,2,0,100,73,30,60,5404,428
2020-03-30,14,38,218,52,1,0,248,12,10,37,503,111,6,2,528,33,8,2,1164,193,95,86,-2001,412,9,44,606,21,14,59,5102,208,20,17,577,141,458,1082,3659,1154,31,4,548,126,0,0,37,7,65,54,1420,506,5,5,756,163,1,3,395,44,11,6,944,95,18,6,427,88,16,10,2520,290,2,89,465,28,7,14,56,0,21,32,5157,366
2020-03-31,13,21,810,56,2,2,210,12,2,0,635,46,5,3,314,12,8,0,1434,140,106,250,3542,543,6,35,896,92,12,24,1831,181,31,43,699,199,381,548,3583,1047,35,5,745,141,0,0,94,10,105,57,2180,589,19,3,956,91,3,2,264,40,5,3,876,92,17,15,596,64,13,7,3066,196,4,6,535,27,6,4,46,44,64,81,6297,431
2020-04-01,8,7,852,35,2,0,219,11,40,37,676,47,2,4,656,10,15,19,1325,139,88,89,3925,713,9,37,1088,92,7,46,1133,169,32,75,958,244,394,530,6809,1565,25,8,572,137,1,1,108,16,32,74,2402,494,19,22,1136,143,3,2,244,23,7,12,1202,71,9,21,702,124,9,44,3410,259,0,4,395,17,3,12,135,3,22,74,6508,470
2020-04-02,10,11,1037,61,1,0,165,9,13,0,726,61,3,2,696,22,19,42,1676,225,79,97,2050,546,7,19,1134,114,16,32,5765,169,28,79,735,122,367,814,6837,1292,26,11,647,136,1,2,72,5,97,132,2040,558,15,8,1345,131,6,0,469,49,5,6,997,73,14,15,821,133,15,34,4149,406,1,11,657,33,4,17,217,37,33,99,7574,486
2020-04-03,13,3,1243,66,1,0,195,15,10,21,1299,80,4,3,929,42,14,-5,1833,221,91,189,3175,599,7,43,2864,80,14,23,2201,167,31,66,865,183,351,791,6765,1455,54,2,735,132,0,0,149,11,60,152,2181,543,20,0,1370,105,1,4,508,31,8,2,853,68,17,17,497,106,22,84,3736,226,1,15,877,51,7,40,172,51,40,30,6170,353
2020-04-04,7,3,947,65,0,6,143,3,7,34,1069,33,4,4,706,8,5,2,2297,151,75,188,3393,608,9,86,1141,107,13,47,848,157,23,67,1153,238,345,222,6826,1598,17,228,794,111,0,3,126,30,85,165,2900,813,9,25,1053,58,0,4,311,49,10,1,1210,73,6,11,870,111,17,10,3426,172,2,22,1195,31,12,17,168,29,35,93,6799,360
2020-04-05,5,6,761,75,2,2,166,14,12,15,678,52,7,3,763,54,3,4,1605,132,74,161,2911,549,9,26,526,62,7,36,34,123,14,33,960,246,249,184,8107,1337,25,17,780,123,2,0,0,18,40,129,1358,653,9,19,1103,77,2,5,368,33,5,9,2008,62,7,16,613,65,18,27,3120,176,2,56,639,29,9,9,116,34,24,62,7621,402
2020-04-06,11,2,600,18,0,1,130,9,6,38,1102,78,2,4,556,22,15,6,1387,98,57,196,2177,467,4,18,620,55,10,27,2812,151,39,37,486,100,297,437,5005,1079,13,9,667,150,0,0,42,0,83,111,2584,562,13,21,1979,127,4,7,364,15,7,4,1560,52,13,7,654,63,25,13,1843,154,1,39,125,14,5,27,200,23,31,18,5378,362
2020-04-07,3,9,706,78,1,0,99,4,10,38,936,89,2,3,439,16,12,11,1253,90,72,200,3028,269,6,61,1264,50,9,44,1404,118,25,88,1046,208,282,635,4342,791,18,46,700,96,0,2,35,0,68,192,2998,419,14,34,1090,70,5,6,159,13,2,5,1393,51,14,62,900,128,19,27,3802,172,5,31,701,10,4,0,164,30,33,61,7254,337
2020-04-08,7,10,942,60,0,1,136,6,9,35,1104,24,0,4,905,26,5,21,2005,120,54,293,3176,409,5,24,1262,65,6,28,6239,117,34,82,942,149,238,649,8226,1089,22,303,913,149,0,6,421,2,59,196,4374,540,10,9,1344,120,7,14,813,40,8,20,2581,62,11,65,1228,126,23,53,4334,206,1,48,831,26,2,0,199,15,41,238,9705,485
2020-04-09,15,25,1001,72,1,0,178,6,4,30,1010,68,1,4,721,15,6,56,1880,76,82,213,3348,443,2,104,1407,81,9,70,2994,163,28,78,925,114,300,559,9396,1388,17,240,662,96,0,0,67,8,76,216,4312,639,6,13,1595,82,5,10,425,51,5,19,1304,73,13,55,1080,106,16,11,4476,173,1,39,1065,9,3,12,189,18,20,225,8209,523
2020-04-10,4,10,1241,83,0,1,222,5,4,46,991,52,4,2,939,27,4,4,2081,98,81,278,4169,451,8,34,1892,50,10,43,3662,154,27,96,1068,171,216,574,9372,1246,13,201,776,129,0,5,0,9,78,172,4650,490,13,45,1724,93,5,32,526,37,10,35,2414,70,7,85,643,108,46,10,6540,175,1,43,1155,4,2,16,186,11,37,253,9244,488
2020-04-11,8,9,1353,106,2,0,354,4,9,41,1320,2,1,7,856,14,7,29,2036,75,84,278,5875,507,6,54,1588,44,10,33,3472,140,25,128,1374,185,273,543,9977,1544,7,205,1090,127,1,2,132,3,101,301,5120,996,15,14,1651,95,4,12,676,28,6,22,2631,62,9,75,1665,154,13,48,3755,231,0,36,1336,7,0,35,136,23,38,207,10212,347
2020-04-12,6,16,1153,40,1,6,305,3,5,-110,1060,141,0,5,718,8,4,28,1667,87,83,203,4945,463,10,84,303,38,6,29,3713,122,15,103,1095,118,110,343,9530,1460,11,198,997,92,1,1,270,11,96,221,3978,652,7,28,1510,85,0,7,543,22,9,14,2311,52,9,56,1151,83,28,79,2884,277,0,46,1011,10,5,16,46,19,25,304,7530,309
2020-04-13,12,5,73,53,0,11,190,4,7,22,911,51,1,8,385,5,6,55,1322,66,51,145,2343,342,7,63,953,51,5,15,3792,123,11,59,1146,102,280,312,5260,1262,13,99,7322,78,0,0,51,0,97,117,2615,474,7,9,949,76,2,2,347,15,8,14,1213,42,7,68,789,73,23,37,2249,155,0,63,68,1,3,9,104,6,26,111,4635,174
2020-04-14,8,2,268,32,1,4,214,0,2,6,300,35,1,2,418,28,12,55,1324,99,90,262,2849,312,4,442,823,38,16,25,1904,143,33,78,1317,212,241,343,3778,1012,15,15,781,45,0,2,0,0,101,165,2508,556,11,2,1149,53,5,19,883,10,4,18,566,43,10,3,188,15,20,22,1380,137,1,3,216,1,3,40,112,20,24,187,5801,181
2020-04-15,8,11,1565,29,2,3,278,1,9,19,913,40,3,9,648,15,18,27,1440,38,83,395,4253,277,6,-477,2036,24,11,85,934,121,14,116,1347,128,235,34,7098,827,18,57,1169,77,0,0,333,6,88,311,3986,539,10,35,1447,66,3,50,502,23,6,18,1990,34,8,49,761,79,18,56,4079,139,1,40,1302,1,3,19,168,11,34,105,7466,192
2020-04-16,3,29,1286,72,1,3,312,16,2,24,1046,43,1,9,980,38,8,41,1762,80,55,316,5956,457,5,131,1966,72,5,46,6409,148,21,109,1152,103,231,541,10706,941,18,34,3449,79,1,2,112,0,79,212,5044,879,11,11,1640,74,2,6,401,3,6,11,2538,44,4,87,1238,74,29,52,5303,277,1,52,1229,7,1,42,265,13,41,314,8205,366
2020-04-17,3,2,1650,97,0,8,361,1,9,31,1282,29,1,9,1015,-18,7,148,2401,64,60,366,4721,348,3,-42,4264,59,16,58,2762,144,38,89,1236,149,243,454,10839,1041,21,32,4219,86,0,1,115,6,77,403,6006,695,8,30,2120,69,1,6,508,14,3,12,2767,46,20,159,1148,82,17,180,4580,167,2,48,1331,8,1,48,207,22,45,521,12173,384
2020-04-18,7,8,1580,44,1,5,346,2,5,50,1190,29,0,7,1137,20,7,12,2597,37,62,289,4394,350,2,79,3263,56,8,68,4798,144,31,129,1141,113,199,286,11818,1246,10,28,1912,53,0,-1,0,0,81,355,5130,661,7,37,2145,82,0,11,783,20,6,9,2543,47,6,54,1226,55,16,224,3672,127,0,70,1288,7,1,21,155,80,33,459,10607,318
2020-04-19,5,13,775,34,1,17,472,3,6,39,1473,55,2,10,966,24,4,60,1893,41,58,350,3696,376,3,77,1329,14,1,47,2254,87,31,118,2229,227,163,390,8824,855,12,26,1565,48,1,3,502,10,79,267,4725,593,2,26,2175,120,0,34,772,17,4,10,2057,45,12,103,1241,101,19,90,4072,135,1,-2,1064,4,1,1,156,15,28,449,8468,243
2020-04-20,5,11,151,91,0,5,340,0,4,36,1020,14,0,19,613,3,5,43,2903,45,56,281,4614,307,14,163,539,30,8,8,6016,60,29,106,1456,141,163,482,6331,735,15,12,1308,57,1,3,199,2,78,127,3100,292,10,4,1591,38,0,23,469,13,3,31,1601,42,6,94,1823,58,30,33,1882,135,0,13,392,1,2,12,122,0,25,316,5013,192
2020-04-21,8,42,1964,55,0,5,602,8,2,18,606,16,1,17,1067,9,8,126,2458,61,68,435,5348,225,2,-117,3339,17,14,29,2208,80,33,95,1179,95,203,1366,6711,960,12,33,1550,51,0,1,341,1,76,276,5765,606,25,28,1795,55,7,18,558,8,3,24,3720,76,10,34,399,24,19,23,4068,96,2,19,1077,4,-1,32,112,5,42,219,7259,277
2020-04-22,5,20,442,66,0,17,570,4,5,25,735,6,0,11,1120,13,10,-12,2153,50,57,445,5996,342,5,34,2369,25,7,12,4031,80,32,109,1804,154,161,736,13502,1161,11,24,2160,47,1,9,301,2,74,399,6079,784,11,35,2358,108,3,12,1000,11,2,18,3639,48,5,62,64,32,19,533,4175,97,1,39,1016,4,1,22,113,2,27,393,9474,334
2020-04-23,4,56,839,52,0,5,471,2,5,32,1272,19,0,7,1309,9,5,68,2623,53,65,463,5272,289,10,204,2049,41,5,51,7011,79,25,116,1852,131,200,1242,12016,1073,12,16,1170,28,1,6,139,0,71,300,6457,401,10,37,2068,109,2,21,958,7,5,24,3418,43,1,83,1566,81,18,58,4077,80,0,21,1356,5,0,39,203,1,25,184,10532,143
2020-04-24,6,33,1210,18,0,4,515,4,2,420,1068,21,4,8,895,10,4,75,3007,44,34,549,5359,247,2,-163,2584,24,9,63,3244,78,29,124,1721,124,166,430,11583,1091,8,25,1501,76,0,1,241,3,69,374,7330,682,11,34,2062,42,4,12,2045,3,5,31,3015,55,7,86,1539,49,19,116,3159,97,1,33,1513,1,2,111,35,4,38,556,8821,348
2020-04-25,7,40,1227,29,1,11,766,1,2,76,1546,20,0,19,1195,9,5,20,3190,17,44,357,5378,239,5,252,2873,21,3,20,4037,92,17,115,1562,128,163,445,12642,713,9,22,1833,30,1,6,386,5,68,425,5807,604,8,37,2156,31,1,23,462,14,6,81,3086,39,11,134,882,62,18,107,4159,138,1,27,1415,3,1,40,704,0,44,365,10081,162
2020-04-26,2,18,196,27,0,4,285,5,4,42,823,5,0,15,894,1,4,39,2697,32,39,208,5045,241,1,-151,1306,14,2,71,3323,85,21,119,1482,187,56,171,10857,920,5,12,1067,53,0,2,376,4,56,321,4035,394,8,10,1364,36,6,14,750,9,4,196,1853,35,5,113,1481,56,18,191,1899,132,1,2,630,2,1,64,169,6,27,347,9384,80
2020-04-27,4,49,356,15,0,2,287,0,1,68,1209,15,3,19,934,7,7,58,1509,18,45,283,3051,212,7,43,1259,60,8,86,3092,83,14,40,1432,154,124,191,5053,590,5,9,702,16,0,0,89,0,55,234,4206,278,6,29,984,10,0,10,294,3,3,11,546,30,2,74,1010,101,17,101,1654,32,1,10,254,2,2,22,416,5,29,357,3666,108
2020-04-28,11,54,1180,25,0,12,525,0,2,30,490,2,2,17,1968,1,6,100,1839,31,41,433,7610,252,7,30,3211,18,17,58,3895,75,13,126,1680,130,126,440,8573,869,9,15,1548,48,0,6,120,1,58,296,5183,352,2,13,1520,22,0,6,721,2,1,14,2358,35,5,167,687,30,16,123,4569,52,0,21,1058,9,2,32,346,8,64,324,8191,129
2020-04-29,5,33,1258,24,0,11,442,0,2,72,1088,9,1,15,1159,5,1,49,2528,30,40,364,4276,263,7,20,2618,15,17,88,4839,78,11,101,1501,117,104,304,14472,786,6,16,1592,35,0,2,134,0,67,329,6735,411,3,38,1838,49,7,9,1183,5,0,18,2352,20,4,142,1169,44,16,278,3865,61,1,25,1056,12,2,77,284,5,29,320,9438,117
2020-04-30,5,63,1382,7,0,3,1443,1,1,53,1079,11,0,19,989,6,0,22,3014,13,39,2519,5992,259,4,68,1161,15,10,128,4093,71,15,114,1542,104,93,416,11048,598,7,167,3583,37,0,4,536,1,63,393,5268,428,5,16,2126,43,0,22,1455,5,3,11,4309,26,2,138,1526,47,15,124,4367,60,1,28,1522,1,0,50,450,4,22,335,11571,135
2020-05-01,4,18,1389,18,0,10,495,11,3,52,1606,10,0,17,1151,4,0,41,3832,21,28,259,5407,208,5,66,3083,16,41,37,6208,56,17,149,2437,133,88,387,13701,737,5,22,1753,28,0,2,17,2,31,295,6034,395,6,23,1832,27,1,17,1488,18,2,12,3191,28,5,88,1304,16,12,292,4607,93,1,29,1303,1,0,2,138,5,20,486,13232,138
2020-05-02,3,45,531,16,0,4,453,2,1,60,901,7,2,12,874,0,3,44,3652,15,35,332,3871,206,1,23,2842,18,15,63,3274,84,11,95,2003,186,329,10,13058,533,5,24,1593,23,0,9,612,1,29,309,5911,495,1,26,1078,34,2,14,748,2,3,1,1492,19,2,58,1741,49,9,79,1767,80,0,9,310,1,0,-3,182,3,23,451,8519,126
2020-05-03,3,40,783,32,0,3,488,6,2,37,436,1,0,13,907,2,2,18,2906,25,28,416,4940,166,2,33,1135,13,11,109,3834,53,14,80,1290,47,42,225,7155,526,11,17,1578,21,1,0,0,0,26,306,3729,251,2,8,1073,11,0,45,747,4,2,8,1603,27,4,97,1516,66,9,66,2691,38,0,13,751,0,1,-6,149,6,14,212,7224,94
2020-05-04,2,33,409,4,0,21,691,0,3,31,433,5,0,32,603,4,2,27,4045,14,24,196,3352,159,2,39,431,4,16,22,2381,38,12,84,1600,53,63,133,7978,577,5,31,986,44,0,3,253,0,34,234,3870,192,5,14,724,9,0,34,315,-2,2,14,1211,15,1,92,966,11,9,78,1533,38,2,0,221,0,1,-1,171,1,12,108,5458,55
2020-05-05,3,50,1381,25,0,6,575,10,2,23,591,1,0,25,1071,1,3,198,2525,20,39,364,5739,100,4,71,3089,9,10,72,4014,67,11,133,1530,63,95,620,6455,500,4,12,1858,29,0,1,200,0,30,361,5238,152,4,19,1961,17,0,12,815,1,3,9,4140,12,3,124,809,3,8,111,4813,30,0,11,954,6,0,0,213,0,17,130,7292,29
2020-05-06,6,34,1314,22,0,8,627,3,0,34,964,1,1,8,1319,3,7,197,3480,14,32,362,5486,104,3,28,919,9,4,14,3587,81,11,186,2071,76,222,5881,14516,764,7,5,1781,29,0,1,368,3,31,599,6741,165,5,57,1816,26,0,20,1099,1,3,12,1693,14,4,74,1849,19,10,118,4293,26,0,9,1330,4,0,-14,156,3,23,381,8854,77
2020-05-07,7,39,1218,25,1,0,169,-16,0,37,863,9,0,14,1026,3,3,207,4477,9,29,459,5387,108,2,46,2583,13,5,119,4446,39,11,141,1753,94,134,324,15488,720,5,15,1980,31,0,10,341,1,35,550,6527,196,3,149,1852,49,0,45,1098,5,1,80,2696,7,1,74,1781,3,16,382,4509,26,0,31,1460,1,0,1,299,4,21,308,10406,74
2020-05-08,3,60,1082,6,0,2,505,-1,3,52,817,6,1,14,1126,1,7,141,4374,21,31,361,4827,111,0,25,890,9,6,66,4159,52,11,139,2085,78,94,572,10993,634,6,21,1487,18,0,8,265,22,23,572,6599,233,2,76,1928,11,0,36,1155,6,2,11,3016,13,0,40,1720,2,15,147,4234,38,1,22,1435,1,0,8,341,1,38,374,10737,65
2020-05-09,4,41,1087,8,1,6,656,0,1,37,950,9,0,10,1091,3,2,59,5412,14,30,420,5500,121,0,50,5482,8,4,26,4949,47,11,198,1395,15,85,2138,11478,502,4,27,1461,23,0,-1,189,20,26,328,4617,181,0,34,1919,30,0,7,1111,4,3,56,2837,12,0,49,2058,7,7,161,4300,24,0,9,1351,1,0,6,163,1,16,347,11165,53
2020-05-10,4,18,920,17,0,5,483,3,0,16,713,2,1,18,1040,3,3,59,4008,12,18,269,4271,77,2,22,1065,6,4,87,4121,32,5,127,2396,50,62,292,7369,282,2,17,2402,40,0,10,473,23,36,364,4570,116,5,82,1756,27,1,40,716,6,0,25,855,14,3,44,1761,3,5,325,3612,29,0,2,1349,4,0,10,390,5,14,323,7408,51
2020-05-11,7,59,793,4,0,2,350,1,0,15,448,3,2,28,1154,2,1,19,4223,14,22,209,2982,80,2,27,1411,8,5,12,2829,25,12,88,1492,44,68,75,7508,364,4,30,1463,10,0,2,226,13,33,390,3413,111,3,136,1338,14,0,7,595,3,1,18,731,12,2,51,1359,2,8,79,1261,13,0,6,551,1,0,7,230,1,9,141,6383,19
2020-05-12,4,65,1392,8,0,3,834,1,0,10,362,0,0,4,1155,4,1,44,2211,13,18,274,4559,53,1,38,2191,10,4,39,3687,22,8,88,1345,31,62,707,20602,1033,5,39,1584,25,0,6,591,3,28,239,4288,113,5,128,1755,10,0,6,835,1,4,151,1883,4,2,72,1936,6,9,238,5382,15,0,6,1775,7,1,4,352,2,20,291,8284,41
2020-05-13,5,66,1066,12,0,11,578,2,0,27,800,3,0,19,1367,2,1,76,3117,15,20,329,4705,50,3,27,1549,8,11,65,3547,38,13,115,2015,67,69,968,10919,394,2,213,1436,20,0,10,81,15,32,830,6717,169,4,106,2221,11,0,16,1234,1,1,32,2974,11,1,102,2663,9,5,300,4175,27,1,2,1482,0,1,13,362,3,26,175,8965,31
2020-05-14,4,12,1499,9,0,4,607,0,0,36,834,3,2,28,1263,3,0,59,3568,9,25,253,4708,77,1,13,2400,5,18,162,4285,41,15,108,2074,65,111,487,14080,522,3,121,1990,15,0,4,165,2,33,718,7894,151,1,77,1864,9,5,21,1324,0,1,46,3146,12,2,69,2846,3,9,196,4156,30,1,14,1516,1,0,16,323,3,31,303,11334,32
2020-05-15,2,38,1168,12,0,7,566,0,0,21,924,0,0,20,1651,1,2,42,3606,15,13,341,4906,54,1,42,3400,14,9,72,4682,73,7,115,1764,65,115,2394,12162,299,3,122,1511,16,0,6,241,4,64,851,6825,137,0,81,2110,9,0,7,1810,3,0,102,1792,8,3,99,2857,3,3,241,4183,24,0,4,1554,2,1,8,313,6,19,304,10151,44
2020-05-16,2,59,1644,30,0,8,645,1,0,16,764,0,0,38,1390,7,0,40,4717,14,17,204,4777,72,1,68,1294,8,12,86,4339,32,10,111,2056,51,39,427,14145,399,5,156,2860,23,0,15,391,3,37,511,5568,137,2,83,1924,8,0,50,1413,4,2,107,2034,8,2,67,1683,8,3,252,3338,30,0,9,1369,0,0,3,422,1,21,295,12406,39
2020-05-17,2,7,1545,8,0,11,671,2,0,32,725,3,0,52,1213,0,0,30,3526,16,13,233,2832,50,0,34,2362,8,6,156,4228,50,9,116,2086,48,69,506,11809,326,2,115,1445,25,0,0,226,1,18,509,4296,64,7,85,1424,5,0,11,992,1,2,108,2463,6,0,56,4276,12,5,171,3319,35,0,5,786,2,1,6,334,0,11,123,9543,13
2020-05-18,3,13,680,7,0,11,414,0,1,7,433,1,0,21,863,0,3,31,3691,11,13,153,2782,35,1,39,818,7,6,117,3306,39,12,137,1331,32,24,508,5078,175,0,261,429,11,0,10,429,11,20,417,4108,72,1,28,866,7,1,24,1138,0,0,23,1433,7,0,66,514,13,5,237,1179,13,0,1,323,0,0,9,158,1,9,37,6433,9
2020-05-19,1,27,1048,4,0,10,766,1,0,4,665,5,0,21,1143,2,0,167,3747,12,11,231,4312,47,0,26,782,5,12,48,4405,20,9,132,2108,66,54,190,14918,462,2,182,900,-3,0,5,78,0,47,300,5010,108,2,62,1933,10,0,40,1026,1,1,22,3181,8,2,49,518,7,3,254,3960,7,1,13,1543,3,0,12,336,1,17,280,10779,47
2020-05-20,0,80,2178,8,0,11,639,0,0,36,784,0,1,31,1158,3,2,81,3539,7,11,271,6162,50,2,8,3015,6,7,21,3972,28,10,108,1547,32,65,849,11508,294,1,155,108,2,0,14,566,0,39,603,6135,158,5,45,2061,11,0,11,1159,1,0,9,1533,8,0,88,1340,10,6,214,5138,14,0,0,1398,0,0,3,257,0,12,243,12998,33
2020-05-21,2,50,1038,7,0,14,551,1,0,22,794,0,0,27,1256,0,2,76,5078,9,17,208,4555,53,1,23,2870,6,15,159,4222,25,11,147,1871,55,65,207,14702,316,3,151,1792,12,0,5,95,1,24,522,6662,105,0,69,1694,6,1,13,1223,1,0,7,3775,6,0,70,1818,10,6,252,4316,18,0,7,1251,2,0,4,341,1,9,245,11775,8
2020-05-22,3,98,1795,8,0,11,508,0,0,29,1084,3,0,25,1123,1,1,90,5983,10,12,237,3940,53,2,103,2521,12,7,26,5019,31,10,202,2518,45,57,1018,19028,293,0,72,1664,8,0,13,363,3,15,330,5347,87,4,24,2113,27,1,11,1394,0,0,7,2083,4,0,-531,2152,10,5,121,3890,35,0,2,1225,0,0,1,270,1,13,271,11360,21
2020-05-23,0,12,1334,1,0,12,466,4,0,10,1483,0,0,14,1045,0,0,30,4867,11,10,193,4525,43,2,30,2627,6,7,65,3653,18,7,205,2206,38,56,688,17191,441,3,56,1108,4,0,0,401,5,14,473,5264,60,4,37,2036,8,1,18,1486,0,1,6,2482,0,1,48,2184,7,2,30,3541,12,0,4,1313,1,0,8,297,0,11,181,12901,10
2020-05-24,4,77,1196,5,0,3,600,1,0,22,902,3,0,13,1060,0,1,9,5414,5,8,150,4494,45,2,48,2163,3,8,24,2755,20,5,158,1438,53,0,301,11457,285,1,33,1058,13,0,7,209,1,12,353,3263,43,1,21,1832,10,0,42,1121,0,0,61,1336,2,1,38,1603,9,2,79,3089,15,1,2,708,0,0,4,251,1,4,194,9875,17
2020-05-25,2,45,982,1,0,3,523,0,0,11,502,0,0,11,556,0,0,61,3360,6,13,114,2305,29,0,30,1271,4,4,27,2342,16,6,79,1299,17,34,513,5641,148,1,31,555,2,0,6,89,0,15,240,2858,48,4,120,1100,9,0,12,277,-2,1,23,2012,4,1,18,666,1,2,67,1138,5,0,7,199,0,0,0,96,1,9,84,7470,11
2020-05-26,0,140,1265,3,0,0,563,0,0,5,389,0,0,26,1006,0,0,41,4379,12,8,229,3673,24,0,22,1289,11,5,29,3127,18,6,165,2206,53,22,875,9176,159,1,88,1015,2,0,3,137,0,14,627,5455,86,3,138,2203,2,1,6,895,0,1,5,2421,3,3,11,695,10,6,111,4523,3,0,5,1097,1,0,4,87,2,8,147,12073,8
2020-05-27,0,48,1740,5,0,0,537,0,0,8,783,0,0,49,1117,1,1,43,5879,6,7,157,3714,16,2,21,1651,4,8,53,3320,11,7,201,2157,39,58,766,12503,384,0,125,1250,0,0,10,177,2,16,534,5098,73,1,35,2626,10,0,10,1326,1,1,116,2613,5,1,42,1120,7,6,68,3871,12,0,10,1206,0,0,4,197,0,9,143,14439,8
2020-05-28,2,42,1315,2,0,2,608,0,0,16,1042,2,0,20,1325,0,4,134,3344,4,11,311,9128,74,2,25,2952,7,7,97,3706,21,7,133,1790,16,20,1486,15507,382,1,104,1575,1,0,4,218,1,10,440,5787,58,1,119,2447,2,0,15,1293,0,0,176,2221,3,0,22,749,3,2,82,4020,4,0,-1,1239,0,0,5,194,1,3,271,15433,12
2020-05-29,2,52,1513,0,0,1,567,0,0,3,816,0,1,10,1175,0,1,35,4601,10,8,216,6213,38,0,18,4823,5,13,245,3274,16,7,158,1548,14,38,546,14078,354,-11,9,1279,4,0,2,262,1,13,457,5139,56,4,109,2642,1,0,11,1244,1,0,10,3463,2,0,51,1787,3,2,125,3365,2,1,1,1315,0,0,4,106,0,8,177,12925,9
2020-05-30,0,0,0,0,0,2,512,0,0,18,1300,1,0,8,1203,0,0,15,4364,10,5,300,4464,20,0,22,1138,4,7,107,4121,6,7,238,2719,32,67,1028,14301,221,1,8,1095,4,0,6,262,0,7,443,6331,82,0,69,2177,8,0,4,749,0,1,139,2892,2,0,45,1760,1,6,95,3389,12,0,0,1250,0,0,3,213,1,10,239,15102,12
2020-05-31,1,1,2351,7,0,2,459,0,0,11,842,1,0,7,940,0,1,5,3510,5,7,140,4109,31,0,29,2402,2,7,78,2086,13,6,118,1471,12,33,990,12427,210,0,12,1150,3,0,11,260,0,9,174,3305,54,4,45,1887,4,0,1,716,0,1,13,1183,1,0,63,1993,1,4,55,2649,4,0,0,530,0,0,3,231,1,2,116,9617,6
2020-06-01,3,29,1272,1,0,1,76,0,0,5,874,1,0,9,618,0,1,44,2315,4,10,104,3876,19,2,11,1053,1,4,95,2089,10,2,112,1424,56,19,166,3572,50,0,11,360,0,0,10,188,0,9,111,2343,21,2,24,998,4,1,24,391,1,0,19,1132,0,0,13,677,2,7,25,1755,3,0,0,188,0,0,1,27,3,0,34,6166,2
2020-06-02,5,0,968,4,0,4,468,0,0,3,522,0,0,23,725,0,2,50,2976,3,12,163,4271,19,1,23,1093,2,2,50,2539,5,1,79,1273,15,12,781,8676,187,0,5,974,4,0,2,132,0,8,283,3621,57,2,102,1810,0,0,6,537,0,1,4,2231,4,1,9,552,0,5,76,3333,10,0,0,1028,0,0,4,97,0,3,70,14333,8
2020-06-03,1,9,464,3,0,1,284,0,0,0,322,0,0,2,620,0,0,33,2020,12,11,76,3001,14,0,11,1726,0,6,33,2359,10,5,44,946,17,29,239,11355,237,0,17,711,1,0,6,172,0,14,147,2109,19,3,13,1046,1,0,9,381,0,0,86,1456,0,0,62,1234,1,2,40,1989,4,0,0,232,0,0,0,86,0,0,18,4786,2
2020-06-04,1,34,1364,3,0,3,388,0,1,7,548,0,0,8,835,0,5,35,1147,1,7,162,5080,18,0,23,692,3,3,72,2919,11,6,135,1581,21,29,55,3410,84,1,9,4398,3,1,1,138,0,12,142,4035,24,3,70,2543,4,0,38,951,0,1,0,2995,0,1,14,610,0,4,87,3595,1,0,0,1203,0,0,3,99,0,13,59,11422,4
2020-06-05,0,36,1252,2,0,2,389,0,0,12,953,1,0,6,1114,1,5,51,2485,0,13,180,5436,17,2,32,3304,1,4,49,3181,9,7,157,1742,14,21,752,19389,402,1,11,1354,2,0,3,307,0,17,219,4573,49,7,118,2471,4,0,43,1238,2,0,8,2771,1,0,84,1285,0,4,29,3746,7,0,2,938,0,0,0,75,0,4,92,7025,6
2020-06-06,3,15,1360,1,0,1,397,0,0,2,1112,1,0,6,1104,0,1,35,2918,0,4,109,4000,17,0,22,4092,3,4,37,3101,28,6,6,1558,13,27,469,13696,142,2,98,1309,2,0,1,954,0,7,233,4362,38,1,91,2378,4,0,10,1351,3,0,8,2793,2,0,20,1243,1,5,72,2790,5,0,1,1194,0,1,-1,143,2,11,62,20630,8
2020-06-07,0,7,688,7,0,3,265,0,0,6,1177,3,0,0,852,0,0,17,2494,4,4,98,4806,14,1,9,1335,0,2,16,2467,11,7,8,1360,13,21,183,8005,125,0,39,989,3,0,1,269,0,7,208,3178,10,3,22,2033,0,0,1,1027,0,1,4,1553,1,0,23,1479,1,2,34,2808,1,0,0,843,1,0,5,175,2,5,75,11675,1
2020-06-08,0,21,695,0,0,1,573,0,0,1,502,1,0,14,359,0,0,10,1135,2,4,62,5010,20,1,7,357,1,3,88,1756,16,6,3,1163,14,32,263,4488,194,0,86,581,2,0,1,175,0,13,97,1570,14,0,36,1233,1,0,3,338,0,1,9,708,1,0,2,187,1,4,34,1600,9,0,0,234,0,0,1,5,0,1,8,4443,4
2020-06-09,33,33,985,1,0,0,465,1,0,2,395,0,0,9,715,0,0,47,1629,5,6,138,6523,18,0,16,859,0,3,65,3687,23,4,3,1481,8,15,1199,9848,192,1,82,1200,0,0,1,196,2,7,209,3846,21,1,84,2461,0,0,1,762,-1,0,2,2869,2,0,3,702,3,3,91,3386,1,0,3,1014,3,0,0,130,0,6,74,11850,4
2020-06-10,2,15,1382,0,0,3,366,0,0,1,752,0,0,14,958,0,2,32,2640,1,7,112,7793,24,1,16,3977,2,4,18,4058,18,4,20,2132,20,32,507,9305,99,0,48,810,3,0,1,213,1,15,310,4967,26,3,53,2752,0,0,4,903,0,0,1,2822,1,0,1,1212,0,1,91,3399,3,0,2,939,1,0,2,101,0,0,42,11218,3
2020-06-11,0,12,1484,1,0,0,406,1,0,-3,702,2,0,4,851,2,2,33,3521,3,0,86,9942,25,1,1,897,1,6,63,4258,20,1,4,1631,10,25,744,13376,252,0,46,1400,1,0,4,335,0,12,219,4220,42,1,90,2945,1,0,8,958,1,1,3,3045,0,0,11,1230,2,1,27,3147,10,0,2,868,0,0,0,127,0,3,45,7129,5
2020-06-12,0,15,1173,4,0,0,420,0,-1,1,753,2,0,5,1038,0,0,35,3728,-229,4,212,8319,33,0,7,4146,3,5,317,3981,27,2,6,1666,7,31,557,14837,272,1,152,1325,1,0,2,402,0,8,309,3207,31,2,28,2522,2,0,2,936,1,0,8,1804,0,0,5,1431,2,1,17,3055,7,0,2,956,0,0,-3,106,0,3,70,14815,0
2020-06-13,1,22,1601,4,0,1,304,0,0,8,876,2,0,3,1192,1,0,9,4115,0,3,115,7363,28,1,8,961,6,25,865,2785,25,2,7,1551,4,23,426,9474,210,0,75,1263,2,0,17,383,0,10,107,4059,40,0,17,2061,0,1,7,1010,0,0,0,2086,1,0,1,1738,3,2,13,2831,7,0,3,965,0,0,2,102,0,10,74,3030,13
2020-06-14,2,0,1105,4,0,0,458,0,0,3,460,3,0,1,726,0,0,19,5624,1,5,102,6137,17,0,2,1954,0,2,47,2961,14,3,2,834,4,21,1019,9336,244,0,55,1046,4,0,23,350,0,6,196,2842,30,0,4,1344,0,0,1,690,0,0,6,1119,1,0,5,1772,1,3,8,2577,8,1,0,821,0,0,0,121,0,1,12,14250,7
2020-06-15,0,25,255,0,0,0,94,0,1,-2,150,-2,0,7,411,0,0,34,1090,4,3,145,3945,11,0,4,1121,0,3,30,1975,3,4,1,1208,8,8,264,6637,259,0,13,266,4,0,4,280,0,0,46,1229,2,2,7,1378,1,0,0,365,0,1,32,889,1,1,0,396,1,3,15,1582,8,0,2,259,0,0,-5,53,0,0,18,4524,1
2020-06-16,1,18,1174,1,0,1,433,0,0,1,316,0,0,1,889,0,0,16,1282,0,2,106,6200,13,0,1,495,1,3,169,2715,9,4,4,1336,4,9,877,7044,143,1,16,1030,1,0,5,243,0,6,177,3654,29,1,56,2855,0,0,2,1068,2,0,1,2187,2,0,2,390,0,3,26,3129,3,0,1,1200,1,0,2,114,0,4,34,9128,1
2020-06-17,0,31,1517,1,0,0,345,0,0,6,569,0,0,3,984,0,1,15,15545,1,6,68,9546,14,0,2,3624,2,4,96,3601,10,3,0,1621,5,14,489,11559,242,0,17,1120,1,0,4,267,1,8,98,4217,41,1,28,2661,0,0,3,1250,1,0,3,1898,2,0,7,1145,1,1,20,3800,2,0,0,1076,0,0,2,154,0,5,37,11202,4
2020-06-18,1,3,1155,0,0,0,371,0,0,4,724,2,0,1,957,3,0,17,1448,1,4,92,8621,32,0,4,1421,2,4,47,3263,9,4,1,1505,7,36,505,11475,216,0,12,1569,4,0,2,349,0,6,120,3230,31,2,19,2439,3,0,1,1270,1,0,170,1841,2,0,7,1525,8,1,7,3174,2,0,2,1075,0,1,1,139,0,7,74,10603,8
2020-06-19,1,25,1035,-1,0,2,323,0,0,12,626,2,0,1,1051,0,0,117,1987,0,5,84,7950,27,0,14,2624,2,4,14,3539,9,4,0,1523,7,18,741,10464,157,0,17,1041,0,0,8,219,1,7,131,4310,26,0,52,2246,1,0,2,1124,1,0,93,1616,-394,1,3,1198,1,2,23,2703,10,0,0,1107,1,1,1,126,0,4,23,10729,2
2020-06-20,0,4,1044,1,0,0,270,0,0,2,753,3,0,6,1019,2,0,0,1918,0,6,34,6315,28,1,2,1838,1,1,14,3401,14,5,4,1481,10,23,276,9314,165,0,21,1070,0,0,0,238,0,6,111,3008,27,2,38,1834,5,0,3,1371,1,0,10,2069,0,0,5,1704,0,0,11,2761,2,1,-1,1096,0,0,0,114,2,4,6,12104,3
2020-06-21,0,1,1083,0,0,0,330,0,0,5,530,4,0,0,643,6,0,1,1562,2,1,57,4238,23,0,6,2705,1,0,4,2155,8,4,5,1268,7,13,183,7825,128,0,12,1309,0,0,13,215,0,6,95,2496,26,0,0,1240,2,0,0,869,0,0,1,1104,2,0,3,1446,5,0,52,2627,3,0,2,720,0,0,1,95,0,0,-1,6085,7
2020-06-22,1,9,164,1,0,0,65,0,0,-3,222,11,0,4,437,1,0,0,1350,7,4,36,2138,22,0,6,1054,0,3,51,1317,8,3,3,932,8,3,345,7776,143,0,28,522,6,0,0,96,3,4,46,1459,7,0,4,1038,0,0,0,293,0,0,0,1096,0,0,1,769,1,4,2,1578,1,0,2,205,0,0,0,847,0,1,-1,5614,2
2020-06-23,0,3,1104,0,0,0,243,0,0,0,453,0,0,6,854,1,0,2,834,10,1,81,4608,17,0,1,764,0,2,65,2760,8,1,-2,1115,4,6,791,6986,62,0,13,840,1,0,0,150,0,4,102,3272,6,2,28,2658,2,0,4,750,-9,0,10,2797,1,0,3,608,1,1,28,3478,6,0,1,1117,0,0,0,-650,0,1,23,5744,3
2020-06-24,1,13,942,1,0,1,274,0,0,0,479,1,0,0,1036,0,0,4,2171,11,9,50,6012,44,0,14,2263,0,1,22,2151,6,2,-7,1216,1,7,757,9099,88,0,26,1501,4,0,0,363,0,7,155,3683,22,1,12,2790,0,0,1,1320,1,0,1,2344,1,-61,447,1405,387,1,11,3866,5,1,1,1007,1,0,0,111,1,0,18,9233,3
2020-06-25,0,8,896,1,0,0,374,0,0,3,830,0,0,0,1021,0,0,1,1983,17,4,49,7838,47,1,3,2245,0,2,17,2159,12,1,15,1562,14,22,383,9832,170,-3,16,1385,2,0,7,227,0,5,64,3558,20,0,5,1896,1,0,2,973,1,0,4,2266,2,0,3,1442,3,0,8,3065,2,0,1,994,0,0,1,148,0,2,24,11367,4
2020-06-26,0,14,792,1,0,0,429,0,0,2,594,0,0,1,1165,3,0,3,1414,3,3,63,4491,42,0,7,2846,2,1,58,2423,13,0,-1,1197,4,16,492,14101,156,0,55,940,2,0,8,516,1,6,105,3940,15,0,21,1684,1,0,2,1124,0,1,0,2291,0,0,4,1463,4,2,10,2781,2,0,1,872,1,0,1,93,0,1,44,7612,5
2020-06-27,0,21,1165,0,0,0,311,0,0,0,599,2,0,0,924,1,0,1,3151,0,0,45,4368,42,0,6,1827,0,1,6,2525,18,1,0,1487,5,2,723,9568,77,0,52,1175,2,0,3,225,0,3,90,2715,11,0,6,1454,0,0,0,805,1,0,0,2348,1,0,2,1638,1,0,8,3220,12,1,-1,867,0,0,0,47,0,0,7,20932,2
2020-06-28,1,53,787,1,0,5,137,0,0,3,405,1,0,6,480,1,0,0,1535,0,1,19,3421,21,0,5,1130,1,0,0,2253,14,1,-1,955,4,13,129,8119,97,0,37,995,0,0,0,166,0,5,17,1977,14,0,1,1546,0,0,0,831,1,0,0,1308,0,0,0,1026,3,0,0,2893,5,0,1,715,0,0,0,74,0,1,32,6593,11
2020-06-29,0,3,264,1,0,0,156,1,0,2,284,2,0,0,318,0,0,2,1686,1,2,24,2721,16,0,2,719,0,0,10,1899,9,0,2,791,7,1,201,7991,78,0,46,268,0,0,0,75,0,2,5,1126,2,0,1,843,0,0,0,296,0,0,4,1058,1,0,1,103,0,1,0,1440,5,0,0,233,0,0,1,86,0,0,1,4861,3
