date,code,deaths,infectives,recovered,tested
2020-02-25,ABR,0,0,0,0
2020-02-25,BAS,0,0,0,0
2020-02-25,BZ,0,1,0,1
2020-02-25,CAL,0,0,0,1
2020-02-25,EMR,0,8,0,243
2020-02-25,FVG,0,0,0,31
2020-02-25,LAZ,0,0,0,0
2020-02-25,LIG,0,1,0,38
2020-02-25,LOM,3,68,0,2237
2020-02-25,MAR,0,0,0,5
2020-02-25,MOL,0,0,0,0
2020-02-25,PIE,0,0,0,0
2020-02-25,PUG,0,0,0,0
2020-02-25,SAR,0,0,0,0
2020-02-25,SIC,0,3,0,3
2020-02-25,TN,0,0,0,0
2020-02-25,TOS,0,2,0,156
2020-02-25,UMB,0,0,0,8
2020-02-25,VDA,0,0,0,0
2020-02-25,VEN,0,10,0,1580
2020-02-26,ABR,0,0,0,8
2020-02-26,BAS,0,0,0,0
2020-02-26,BZ,0,0,0,0
2020-02-26,CAL,0,0,0,1
2020-02-26,EMR,1,21,0,186
2020-02-26,FVG,0,0,0,25
2020-02-26,LAZ,0,0,2,0
2020-02-26,LIG,0,10,0,27
2020-02-26,LOM,0,18,0,18
2020-02-26,MAR,0,1,0,7
2020-02-26,MOL,0,0,0,0
2020-02-26,PIE,0,0,0,15
2020-02-26,PUG,0,0,0,0
2020-02-26,SAR,0,0,0,0
2020-02-26,SIC,0,0,0,0
2020-02-26,TN,0,0,0,0
2020-02-26,TOS,0,0,0,67
2020-02-26,UMB,0,0,0,0
2020-02-26,VDA,0,0,0,0
2020-02-26,VEN,1,28,0,1120
2020-02-27,ABR,0,1,0,20
2020-02-27,BAS,0,0,0,0
2020-02-27,BZ,0,0,0,1
2020-02-27,CAL,0,0,0,11
2020-02-27,EMR,0,50,0,456
2020-02-27,FVG,0,0,0,27
2020-02-27,LAZ,0,0,0,428
2020-02-27,LIG,0,8,0,12
2020-02-27,LOM,5,145,40,145
2020-02-27,MAR,0,2,0,18
2020-02-27,MOL,0,0,0,0
2020-02-27,PIE,0,-1,0,0
2020-02-27,PUG,0,1,0,1
2020-02-27,SAR,0,0,0,0
2020-02-27,SIC,0,1,2,1
2020-02-27,TN,0,0,0,29
2020-02-27,TOS,0,0,0,47
2020-02-27,UMB,0,0,0,0
2020-02-27,VDA,0,0,0,2
2020-02-27,VEN,0,40,0,1264
2020-02-28,ABR,0,0,0,0
2020-02-28,BAS,0,0,0,0
2020-02-28,BZ,0,0,0,0
2020-02-28,CAL,0,1,0,7
2020-02-28,EMR,1,48,0,244
2020-02-28,FVG,0,0,0,28
2020-02-28,LAZ,0,0,0,59
2020-02-28,LIG,0,0,0,34
2020-02-28,LOM,3,128,0,1515
2020-02-28,MAR,0,3,0,3
2020-02-28,MOL,0,0,0,0
2020-02-28,PIE,0,9,0,71
2020-02-28,PUG,0,2,0,242
2020-02-28,SAR,0,0,0,0
2020-02-28,SIC,0,0,0,0
2020-02-28,TN,0,0,0,0
2020-02-28,TOS,0,6,1,27
2020-02-28,UMB,0,0,0,0
2020-02-28,VDA,0,0,0,0
2020-02-28,VEN,0,40,0,1250
2020-02-29,ABR,0,1,0,10
2020-02-29,BAS,0,0,0,32
2020-02-29,BZ,0,0,0,14
2020-02-29,CAL,0,0,0,6
2020-02-29,EMR,2,72,0,273
2020-02-29,FVG,0,0,0,20
2020-02-29,LAZ,0,3,0,68
2020-02-29,LIG,0,23,4,23
2020-02-29,LOM,6,84,0,888
2020-02-29,MAR,0,5,0,21
2020-02-29,MOL,0,0,0,0
2020-02-29,PIE,0,0,0,81
2020-02-29,PUG,0,0,0,10
2020-02-29,SAR,0,0,0,0
2020-02-29,SIC,0,0,0,1
2020-02-29,TN,0,0,0,11
2020-02-29,TOS,0,3,0,94
2020-02-29,UMB,0,0,0,23
2020-02-29,VDA,0,0,0,0
2020-02-29,VEN,0,40,0,1245
2020-03-01,ABR,0,3,0,9
2020-03-01,BAS,0,0,0,7
2020-03-01,BZ,0,0,0,4
2020-03-01,CAL,0,0,0,8
2020-03-01,EMR,4,68,0,245
2020-03-01,FVG,0,6,0,54
2020-03-01,LAZ,0,0,0,45
2020-03-01,LIG,0,-17,0,0
2020-03-01,LOM,1,369,33,1156
2020-03-01,MAR,0,14,0,33
2020-03-01,MOL,0,0,0,6
2020-03-01,PIE,0,38,0,54
2020-03-01,PUG,0,0,0,10
2020-03-01,SAR,0,0,0,28
2020-03-01,SIC,0,5,0,285
2020-03-01,TN,0,0,0,79
2020-03-01,TOS,0,2,0,41
2020-03-01,UMB,0,2,0,4
2020-03-01,VDA,0,0,0,1
2020-03-01,VEN,0,72,0,397
2020-03-02,ABR,0,0,0,0
2020-03-02,BAS,0,0,0,0
2020-03-02,BZ,0,0,0,0
2020-03-02,CAL,0,0,0,4
2020-03-02,EMR,3,50,0,178
2020-03-02,FVG,0,3,0,26
2020-03-02,LAZ,0,1,0,49
2020-03-02,LIG,0,-3,0,0
2020-03-02,LOM,14,270,66,1046
2020-03-02,MAR,1,10,0,36
2020-03-02,MOL,0,0,0,7
2020-03-02,PIE,0,2,0,72
2020-03-02,PUG,0,1,0,16
2020-03-02,SAR,0,0,0,0
2020-03-02,SIC,0,-2,0,16
2020-03-02,TN,0,0,0,0
2020-03-02,TOS,0,0,0,41
2020-03-02,UMB,0,0,0,0
2020-03-02,VDA,0,0,0,1
2020-03-02,VEN,0,10,0,726
2020-03-03,ABR,0,1,0,1
2020-03-03,BAS,0,1,0,3
2020-03-03,BZ,0,0,0,0
2020-03-03,CAL,0,0,0,0
2020-03-03,EMR,7,85,4,85
2020-03-03,FVG,0,4,0,85
2020-03-03,LAZ,0,7,0,104
2020-03-03,LIG,1,2,0,2
2020-03-03,LOM,17,266,0,1652
2020-03-03,MAR,1,26,0,63
2020-03-03,MOL,0,3,0,3
2020-03-03,PIE,0,5,0,24
2020-03-03,PUG,0,2,0,20
2020-03-03,SAR,0,1,0,1
2020-03-03,SIC,0,0,0,0
2020-03-03,TN,0,4,0,4
2020-03-03,TOS,0,6,0,84
2020-03-03,UMB,0,6,0,10
2020-03-03,VDA,0,0,0,1
2020-03-03,VEN,1,34,7,394
2020-03-04,ABR,0,1,0,33
2020-03-04,BAS,0,0,0,6
2020-03-04,BZ,0,0,0,0
2020-03-04,CAL,0,0,0,7
2020-03-04,EMR,4,124,2,488
2020-03-04,FVG,0,5,0,22
2020-03-04,LAZ,0,16,0,118
2020-03-04,LIG,0,2,0,12
2020-03-04,LOM,18,300,111,2561
2020-03-04,MAR,2,23,0,88
2020-03-04,MOL,0,0,0,6
2020-03-04,PIE,0,26,0,85
2020-03-04,PUG,1,3,1,24
2020-03-04,SAR,0,1,0,13
2020-03-04,SIC,0,11,0,60
2020-03-04,TN,0,1,0,1
2020-03-04,TOS,0,19,0,79
2020-03-04,UMB,0,1,0,13
2020-03-04,VDA,0,0,0,3
2020-03-04,VEN,3,53,2,339
2020-03-05,ABR,0,1,0,11
2020-03-05,BAS,0,0,0,6
2020-03-05,BZ,0,0,0,0
2020-03-05,CAL,0,1,0,7
2020-03-05,EMR,8,154,4,384
2020-03-05,FVG,0,3,0,21
2020-03-05,LAZ,0,14,0,180
2020-03-05,LIG,2,2,0,13
2020-03-05,LOM,25,431,126,431
2020-03-05,MAR,0,40,0,125
2020-03-05,MOL,0,4,0,5
2020-03-05,PIE,2,26,0,26
2020-03-05,PUG,0,5,0,37
2020-03-05,SAR,0,0,0,8
2020-03-05,SIC,0,0,0,0
2020-03-05,TN,0,2,0,2
2020-03-05,TOS,0,23,0,23
2020-03-05,UMB,0,0,0,30
2020-03-05,VDA,0,2,0,6
2020-03-05,VEN,4,47,8,1434
2020-03-06,ABR,0,1,0,1
2020-03-06,BAS,0,2,0,9
2020-03-06,BZ,0,3,0,16
2020-03-06,CAL,0,2,0,46
2020-03-06,EMR,7,172,7,252
2020-03-06,FVG,0,10,3,180
2020-03-06,LAZ,1,10,0,198
2020-03-06,LIG,0,4,1,83
2020-03-06,LOM,37,361,93,1202
2020-03-06,MAR,0,35,0,172
2020-03-06,MOL,0,5,0,80
2020-03-06,PIE,2,35,0,250
2020-03-06,PUG,0,3,0,36
2020-03-06,SAR,0,3,0,49
2020-03-06,SIC,0,6,0,6
2020-03-06,TN,0,3,0,3
2020-03-06,TOS,0,18,0,321
2020-03-06,UMB,0,7,0,22
2020-03-06,VDA,0,5,0,7
2020-03-06,VEN,2,81,5,1074
2020-03-07,ABR,0,2,0,27
2020-03-07,BAS,0,0,0,12
2020-03-07,BZ,0,5,0,5
2020-03-07,CAL,0,0,0,14
2020-03-07,EMR,11,140,8,468
2020-03-07,FVG,0,11,0,11
2020-03-07,LAZ,0,22,0,209
2020-03-07,LIG,1,19,0,102
2020-03-07,LOM,19,808,55,2222
2020-03-07,MAR,2,48,0,231
2020-03-07,MOL,0,2,0,8
2020-03-07,PIE,1,64,0,253
2020-03-07,PUG,1,9,0,9
2020-03-07,SAR,0,0,0,0
2020-03-07,SIC,0,11,0,276
2020-03-07,TN,0,4,0,72
2020-03-07,TOS,0,34,0,234
2020-03-07,UMB,0,8,0,24
2020-03-07,VDA,0,1,0,4
2020-03-07,VEN,1,55,3,1406
2020-03-08,ABR,0,6,0,40
2020-03-08,BAS,0,1,0,48
2020-03-08,BZ,0,0,0,0
2020-03-08,CAL,0,5,0,5
2020-03-08,EMR,8,170,2,740
2020-03-08,FVG,1,15,0,420
2020-03-08,LAZ,2,11,0,347
2020-03-08,LIG,2,27,0,70
2020-03-08,LOM,113,769,26,2756
2020-03-08,MAR,1,65,0,209
2020-03-08,MOL,0,0,0,4
2020-03-08,PIE,0,153,0,590
2020-03-08,PUG,1,14,0,232
2020-03-08,SAR,0,6,0,50
2020-03-08,SIC,0,18,0,148
2020-03-08,TN,0,9,0,34
2020-03-08,TOS,0,53,0,287
2020-03-08,UMB,0,2,0,34
2020-03-08,VDA,0,1,0,9
2020-03-08,VEN,5,127,4,1489
2020-03-09,ABR,0,13,0,74
2020-03-09,BAS,0,1,0,12
2020-03-09,BZ,0,0,0,0
2020-03-09,CAL,0,2,2,60
2020-03-09,EMR,14,206,3,562
2020-03-09,FVG,0,36,0,347
2020-03-09,LAZ,2,15,0,15
2020-03-09,LIG,1,31,0,210
2020-03-09,LOM,66,1280,96,1601
2020-03-09,MAR,3,51,0,225
2020-03-09,MOL,0,0,0,96
2020-03-09,PIE,8,-10,0,45
2020-03-09,PUG,0,10,0,58
2020-03-09,SAR,0,8,0,36
2020-03-09,SIC,0,1,0,45
2020-03-09,TN,0,10,0,39
2020-03-09,TOS,1,42,0,400
2020-03-09,UMB,0,2,0,15
2020-03-09,VDA,0,6,0,26
2020-03-09,VEN,2,74,1,74
2020-03-10,ABR,1,8,0,73
2020-03-10,BAS,0,2,0,13
2020-03-10,BZ,0,29,0,29
2020-03-10,CAL,0,2,0,187
2020-03-10,EMR,15,147,1,588
2020-03-10,FVG,2,23,0,258
2020-03-10,LAZ,1,14,8,1662
2020-03-10,LIG,1,32,0,83
2020-03-10,LOM,135,322,250,1344
2020-03-10,MAR,3,71,0,187
2020-03-10,MOL,0,1,0,13
2020-03-10,PIE,4,103,0,693
2020-03-10,PUG,0,9,0,62
2020-03-10,SAR,0,1,0,19
2020-03-10,SIC,0,8,0,119
2020-03-10,TN,0,19,2,132
2020-03-10,TOS,0,56,2,555
2020-03-10,UMB,0,9,0,77
2020-03-10,VDA,0,2,0,22
2020-03-10,VEN,6,112,17,687
2020-03-11,ABR,0,0,0,0
2020-03-11,BAS,0,1,0,7
2020-03-11,BZ,0,37,0,39
2020-03-11,CAL,0,6,0,45
2020-03-11,EMR,28,206,7,1146
2020-03-11,FVG,3,10,7,471
2020-03-11,LAZ,0,34,8,34
2020-03-11,LIG,0,53,0,331
2020-03-11,LOM,149,1489,4,4150
2020-03-11,MAR,5,85,0,219
2020-03-11,MOL,0,1,0,8
2020-03-11,PIE,4,48,0,57
2020-03-11,PUG,2,18,0,162
2020-03-11,SAR,0,17,0,79
2020-03-11,SIC,0,21,0,239
2020-03-11,TN,0,25,1,128
2020-03-11,TOS,0,56,2,231
2020-03-11,UMB,0,9,2,80
2020-03-11,VDA,1,3,0,10
2020-03-11,VEN,3,167,7,4757
2020-03-12,ABR,1,46,4,557
2020-03-12,BAS,0,0,0,0
2020-03-12,BZ,1,29,0,532
2020-03-12,CAL,0,14,-1,78
2020-03-12,EMR,33,208,5,960
2020-03-12,FVG,2,41,1,531
2020-03-12,LAZ,3,50,0,2001
2020-03-12,LIG,3,80,15,149
2020-03-12,LOM,127,1445,185,3905
2020-03-12,MAR,4,113,0,251
2020-03-12,MOL,0,0,0,5
2020-03-12,PIE,5,79,0,448
2020-03-12,PUG,0,27,0,360
2020-03-12,SAR,0,2,0,19
2020-03-12,SIC,2,32,0,283
2020-03-12,TN,1,30,1,66
2020-03-12,TOS,4,44,2,361
2020-03-12,UMB,0,18,0,118
2020-03-12,VDA,0,7,0,19
2020-03-12,VEN,3,361,1,2038
2020-03-13,ABR,0,5,0,91
2020-03-13,BAS,0,2,0,2
2020-03-13,BZ,1,21,0,204
2020-03-13,CAL,0,5,0,21
2020-03-13,EMR,55,316,8,1187
2020-03-13,FVG,2,90,0,545
2020-03-13,LAZ,2,77,5,899
2020-03-13,LIG,6,71,4,268
2020-03-13,LOM,146,1095,113,3166
2020-03-13,MAR,5,133,0,311
2020-03-13,MOL,0,1,0,5
2020-03-13,PIE,20,260,0,260
2020-03-13,PUG,0,25,2,180
2020-03-13,SAR,0,4,0,202
2020-03-13,SIC,0,15,0,473
2020-03-13,TN,1,56,0,253
2020-03-13,TOS,0,106,3,884
2020-03-13,UMB,1,12,0,118
2020-03-13,VDA,0,1,0,71
2020-03-13,VEN,10,211,45,2253
2020-03-14,ABR,0,23,0,274
2020-03-14,BAS,0,0,0,0
2020-03-14,BZ,1,48,0,324
2020-03-14,CAL,0,22,0,207
2020-03-14,EMR,40,381,3,1256
2020-03-14,FVG,3,44,6,227
2020-03-14,LAZ,2,80,0,844
2020-03-14,LIG,10,118,28,308
2020-03-14,LOM,76,1865,462,4438
2020-03-14,MAR,9,174,0,343
2020-03-14,MOL,0,0,0,4
2020-03-14,PIE,13,33,0,575
2020-03-14,PUG,3,37,-1,232
2020-03-14,SAR,0,4,0,26
2020-03-14,SIC,0,26,2,150
2020-03-14,TN,0,43,1,160
2020-03-14,TOS,1,160,0,546
2020-03-14,UMB,0,31,1,172
2020-03-14,VDA,0,14,0,42
2020-03-14,VEN,13,342,7,1289
2020-03-15,ABR,1,25,2,187
2020-03-15,BAS,0,1,0,53
2020-03-15,BZ,2,31,0,362
2020-03-15,CAL,1,8,0,173
2020-03-15,EMR,43,449,14,2011
2020-03-15,FVG,1,46,0,46
2020-03-15,LAZ,3,79,0,1010
2020-03-15,LIG,6,96,-19,223
2020-03-15,LOM,252,1587,351,3231
2020-03-15,MAR,10,234,0,385
2020-03-15,MOL,0,0,0,1
2020-03-15,PIE,22,238,0,695
2020-03-15,PUG,8,64,0,336
2020-03-15,SAR,2,30,0,83
2020-03-15,SIC,0,32,3,352
2020-03-15,TN,4,172,0,172
2020-03-15,TOS,2,151,0,537
2020-03-15,UMB,0,36,0,217
2020-03-15,VDA,0,15,0,15
2020-03-15,VEN,8,235,13,5566
2020-03-16,ABR,1,39,1,114
2020-03-16,BAS,0,1,0,22
2020-03-16,BZ,1,37,0,243
2020-03-16,CAL,0,21,0,146
2020-03-16,EMR,62,429,20,1042
2020-03-16,FVG,8,39,1,1444
2020-03-16,LAZ,3,87,8,985
2020-03-16,LIG,17,108,9,216
2020-03-16,LOM,202,1377,357,3196
2020-03-16,MAR,11,109,0,279
2020-03-16,MOL,1,4,5,5
2020-03-16,PIE,30,405,0,1213
2020-03-16,PUG,0,0,0,0
2020-03-16,SAR,0,30,0,184
2020-03-16,SIC,0,25,1,201
2020-03-16,TN,0,0,0,0
2020-03-16,TOS,6,85,1,778
2020-03-16,UMB,0,21,1,128
2020-03-16,VDA,1,48,0,57
2020-03-16,VEN,6,301,10,2506
2020-03-17,ABR,2,53,0,155
2020-03-17,BAS,0,8,0,32
2020-03-17,BZ,2,50,1,409
2020-03-17,CAL,0,25,0,263
2020-03-17,EMR,47,409,46,1414
2020-03-17,FVG,8,8,-1,107
2020-03-17,LAZ,4,84,2,106
2020-03-17,LIG,10,111,15,320
2020-03-17,LOM,220,1571,117,2884
2020-03-17,MAR,12,129,0,129
2020-03-17,MOL,0,4,0,48
2020-03-17,PIE,22,381,0,955
2020-03-17,PUG,2,110,0,1060
2020-03-17,SAR,0,10,0,206
2020-03-17,SIC,1,24,0,263
2020-03-17,TN,1,7,5,721
2020-03-17,TOS,3,187,1,817
2020-03-17,UMB,0,33,0,230
2020-03-17,VDA,0,31,0,111
2020-03-17,VEN,11,231,6,426
2020-03-18,ABR,1,34,0,366
2020-03-18,BAS,0,7,0,7
2020-03-18,BZ,1,85,0,695
2020-03-18,CAL,0,15,1,375
2020-03-18,EMR,65,594,18,951
2020-03-18,FVG,1,68,-2,68
2020-03-18,LAZ,9,117,8,1709
2020-03-18,LIG,13,109,13,403
2020-03-18,LOM,319,1493,1003,2534
2020-03-18,MAR,23,197,0,884
2020-03-18,MOL,0,3,1,60
2020-03-18,PIE,21,444,0,973
2020-03-18,PUG,1,43,0,356
2020-03-18,SAR,0,17,0,132
2020-03-18,SIC,0,45,4,378
2020-03-18,TN,0,70,2,460
2020-03-18,TOS,5,277,5,879
2020-03-18,UMB,1,50,0,278
2020-03-18,VDA,1,29,0,88
2020-03-18,VEN,14,510,31,5363
2020-03-19,ABR,4,122,1,355
2020-03-19,BAS,0,10,0,91
2020-03-19,BZ,5,60,0,724
2020-03-19,CAL,2,40,0,674
2020-03-19,EMR,73,689,25,2883
2020-03-19,FVG,5,137,26,137
2020-03-19,LAZ,6,99,2,99
2020-03-19,LIG,18,172,15,436
2020-03-19,LOM,209,2171,290,3261
2020-03-19,MAR,23,169,0,403
2020-03-19,MOL,1,18,0,65
2020-03-19,PIE,21,591,3,1337
2020-03-19,PUG,6,95,2,613
2020-03-19,SAR,0,72,0,199
2020-03-19,SIC,1,58,3,667
2020-03-19,TN,5,68,8,68
2020-03-19,TOS,16,152,5,1267
2020-03-19,UMB,0,87,0,353
2020-03-19,VDA,3,50,0,122
2020-03-19,VEN,21,270,33,3817
2020-03-20,ABR,6,64,2,286
2020-03-20,BAS,0,15,0,90
2020-03-20,BZ,3,112,0,865
2020-03-20,CAL,1,38,0,348
2020-03-20,EMR,109,754,62,2409
2020-03-20,FVG,2,57,22,912
2020-03-20,LAZ,5,185,9,2744
2020-03-20,LIG,28,162,16,446
2020-03-20,LOM,381,2380,517,4930
2020-03-20,MAR,22,244,0,658
2020-03-20,MOL,3,4,0,4
2020-03-20,PIE,34,529,5,1122
2020-03-20,PUG,1,103,0,743
2020-03-20,SAR,0,87,3,578
2020-03-20,SIC,0,68,10,507
2020-03-20,TN,1,119,9,453
2020-03-20,TOS,9,311,11,1532
2020-03-20,UMB,5,61,0,349
2020-03-20,VDA,1,49,0,206
2020-03-20,VEN,16,547,23,4630
2020-03-21,ABR,5,80,3,340
2020-03-21,BAS,0,14,0,79
2020-03-21,BZ,3,73,0,746
2020-03-21,CAL,1,28,3,360
2020-03-21,EMR,75,737,90,3867
2020-03-21,FVG,4,134,19,991
2020-03-21,LAZ,7,182,1,182
2020-03-21,LIG,33,215,24,510
2020-03-21,LOM,546,3251,755,9556
2020-03-21,MAR,17,172,2,570
2020-03-21,MOL,2,11,1,23
2020-03-21,PIE,29,291,0,726
2020-03-21,PUG,3,94,0,828
2020-03-21,SAR,2,37,2,385
2020-03-21,SIC,2,82,1,415
2020-03-21,TN,15,140,5,140
2020-03-21,TOS,25,219,2,1504
2020-03-21,UMB,3,67,1,409
2020-03-21,VDA,1,49,1,70
2020-03-21,VEN,15,586,34,4354
2020-03-22,ABR,11,58,2,340
2020-03-22,BAS,0,15,0,121
2020-03-22,BZ,3,57,6,539
2020-03-22,CAL,3,38,0,616
2020-03-22,EMR,101,850,20,3402
2020-03-22,FVG,5,84,7,806
2020-03-22,LAZ,3,193,4,3956
2020-03-22,LIG,19,229,18,691
2020-03-22,LOM,361,1691,815,3868
2020-03-22,MAR,30,268,4,651
2020-03-22,MOL,0,5,0,83
2020-03-22,PIE,45,668,2,2000
2020-03-22,PUG,2,111,3,543
2020-03-22,SAR,3,9,0,105
2020-03-22,SIC,2,140,0,697
2020-03-22,TN,7,172,0,394
2020-03-22,TOS,19,265,7,1355
2020-03-22,UMB,6,59,0,423
2020-03-22,VDA,1,51,0,66
2020-03-22,VEN,23,505,52,4029
2020-03-23,ABR,5,76,5,299
2020-03-23,BAS,1,9,0,53
2020-03-23,BZ,6,46,0,366
2020-03-23,CAL,-1,19,0,407
2020-03-23,EMR,76,980,74,3178
2020-03-23,FVG,7,56,16,663
2020-03-23,LAZ,10,157,5,526
2020-03-23,LIG,41,259,16,543
2020-03-23,LOM,320,1555,210,2644
2020-03-23,MAR,19,148,2,391
2020-03-23,MOL,0,1,3,1
2020-03-23,PIE,32,441,7,859
2020-03-23,PUG,6,120,0,601
2020-03-23,SAR,4,20,0,166
2020-03-23,SIC,5,91,1,795
2020-03-23,TN,6,69,34,100
2020-03-23,TOS,18,184,9,587
2020-03-23,UMB,0,56,0,426
2020-03-23,VDA,3,29,1,148
2020-03-23,VEN,23,383,18,3444
2020-03-24,ABR,8,26,1,620
2020-03-24,BAS,0,2,0,48
2020-03-24,BZ,9,57,37,425
2020-03-24,CAL,3,27,0,413
2020-03-24,EMR,93,719,135,2327
2020-03-24,FVG,10,62,-25,1102
2020-03-24,LAZ,17,188,40,188
2020-03-24,LIG,19,192,34,454
2020-03-24,LOM,402,1942,582,3453
2020-03-24,MAR,28,167,0,447
2020-03-24,MOL,1,6,0,40
2020-03-24,PIE,59,654,0,1909
2020-03-24,PUG,7,99,14,584
2020-03-24,SAR,4,62,6,291
2020-03-24,SIC,7,125,0,795
2020-03-24,TN,15,87,11,562
2020-03-24,TOS,20,238,0,1850
2020-03-24,UMB,3,71,0,547
2020-03-24,VDA,7,7,0,82
2020-03-24,VEN,24,443,54,5063
2020-03-25,ABR,6,124,2,688
2020-03-25,BAS,0,21,0,113
2020-03-25,BZ,5,77,23,140
2020-03-25,CAL,1,32,2,572
2020-03-25,EMR,92,800,163,4518
2020-03-25,FVG,6,147,78,968
2020-03-25,LAZ,15,173,28,2298
2020-03-25,LIG,23,189,32,610
2020-03-25,LOM,296,1643,624,4971
2020-03-25,MAR,56,198,0,667
2020-03-25,MOL,0,0,2,8
2020-03-25,PIE,75,509,2,1186
2020-03-25,PUG,4,88,1,878
2020-03-25,SAR,3,21,1,160
2020-03-25,SIC,5,148,6,1142
2020-03-25,TN,18,112,11,402
2020-03-25,TOS,13,273,3,2167
2020-03-25,UMB,0,62,0,599
2020-03-25,VDA,5,1,0,20
2020-03-25,VEN,42,494,58,4699
2020-03-26,ABR,11,133,0,506
2020-03-26,BAS,0,21,0,189
2020-03-26,BZ,5,48,0,1095
2020-03-26,CAL,3,42,0,875
2020-03-26,EMR,97,762,71,4350
2020-03-26,FVG,2,84,39,1227
2020-03-26,LAZ,11,195,24,2102
2020-03-26,LIG,26,262,35,702
2020-03-26,LOM,387,2543,558,6047
2020-03-26,MAR,23,180,1,727
2020-03-26,MOL,0,30,2,90
2020-03-26,PIE,0,510,116,1399
2020-03-26,PUG,17,89,0,968
2020-03-26,SAR,1,52,1,442
2020-03-26,SIC,8,170,3,1346
2020-03-26,TN,12,75,27,486
2020-03-26,TOS,16,254,41,3084
2020-03-26,UMB,1,92,7,721
2020-03-26,VDA,4,7,0,7
2020-03-26,VEN,29,493,69,8882
2020-03-27,ABR,5,71,1,621
2020-03-27,BAS,2,17,1,208
2020-03-27,BZ,12,97,43,776
2020-03-27,CAL,4,101,0,968
2020-03-27,EMR,93,772,168,5403
2020-03-27,FVG,4,94,17,1120
2020-03-27,LAZ,12,199,9,1335
2020-03-27,LIG,51,129,45,500
2020-03-27,LOM,541,2409,162,8147
2020-03-27,MAR,26,82,1,437
2020-03-27,MOL,1,6,0,40
2020-03-27,PIE,120,558,41,1651
2020-03-27,PUG,4,152,7,1042
2020-03-27,SAR,2,36,0,340
2020-03-27,SIC,6,86,17,1421
2020-03-27,TN,16,94,8,323
2020-03-27,TOS,19,224,8,2794
2020-03-27,UMB,1,82,27,709
2020-03-27,VDA,9,44,0,49
2020-03-27,VEN,26,562,28,3868
2020-03-28,ABR,8,116,6,894
2020-03-28,BAS,0,31,0,167
2020-03-28,BZ,4,106,6,648
2020-03-28,CAL,3,61,4,859
2020-03-28,EMR,77,795,115,5193
2020-03-28,FVG,11,119,15,882
2020-03-28,LAZ,6,210,36,3073
2020-03-28,LIG,27,126,73,373
2020-03-28,LOM,542,2117,961,6643
2020-03-28,MAR,28,177,0,824
2020-03-28,MOL,0,14,2,97
2020-03-28,PIE,48,579,27,1806
2020-03-28,PUG,2,124,0,1267
2020-03-28,SAR,5,94,16,424
2020-03-28,SIC,18,109,7,2017
2020-03-28,TN,18,114,26,638
2020-03-28,TOS,21,367,5,1867
2020-03-28,UMB,7,85,4,891
2020-03-28,VDA,4,59,0,128
2020-03-28,VEN,49,433,119,5753
2020-03-29,ABR,12,160,6,727
2020-03-29,BAS,1,20,0,164
2020-03-29,BZ,0,105,0,969
2020-03-29,CAL,4,59,1,725
2020-03-29,EMR,99,736,66,736
2020-03-29,FVG,11,44,12,674
2020-03-29,LAZ,12,201,8,565
2020-03-29,LIG,19,254,42,923
2020-03-29,LOM,416,1592,293,4895
2020-03-29,MAR,22,185,2,547
2020-03-29,MOL,0,4,2,111
2020-03-29,PIE,67,535,51,2547
2020-03-29,PUG,15,91,2,861
2020-03-29,SAR,1,14,0,373
2020-03-29,SIC,8,101,5,718
2020-03-29,TN,9,89,21,389
2020-03-29,TOS,17,305,13,1966
2020-03-29,UMB,3,54,52,657
2020-03-29,VDA,2,73,0,100
2020-03-29,VEN,30,428,60,5404
2020-03-30,ABR,14,52,38,218
2020-03-30,BAS,1,12,0,248
2020-03-30,BZ,10,111,37,503
2020-03-30,CAL,6,33,2,528
2020-03-30,EMR,95,412,86,412
2020-03-30,FVG,9,21,44,606
2020-03-30,LAZ,14,208,59,5102
2020-03-30,LIG,20,141,17,577
2020-03-30,LOM,458,1154,1082,3659
2020-03-30,MAR,31,126,4,548
2020-03-30,MOL,0,7,0,37
2020-03-30,PIE,65,506,54,1420
2020-03-30,PUG,5,163,5,756
2020-03-30,SAR,1,44,3,395
2020-03-30,SIC,11,95,6,944
2020-03-30,TN,18,88,6,427
2020-03-30,TOS,16,290,10,2520
2020-03-30,UMB,2,28,89,465
2020-03-30,VDA,7,0,14,56
2020-03-30,VEN,21,366,32,5157
2020-03-31,ABR,13,56,21,810
2020-03-31,BAS,2,12,2,210
2020-03-31,BZ,2,46,0,635
2020-03-31,CAL,5,12,3,314
2020-03-31,EMR,106,543,250,3542
2020-03-31,FVG,6,92,35,896
2020-03-31,LAZ,12,181,24,1831
2020-03-31,LIG,31,199,43,699
2020-03-31,LOM,381,1047,548,3583
2020-03-31,MAR,35,141,5,745
2020-03-31,MOL,0,10,0,94
2020-03-31,PIE,105,589,57,2180
2020-03-31,PUG,19,91,3,956
2020-03-31,SAR,3,40,2,264
2020-03-31,SIC,5,92,3,876
2020-03-31,TN,17,64,15,596
2020-03-31,TOS,13,196,7,3066
2020-03-31,UMB,4,27,6,535
2020-03-31,VDA,6,44,4,46
2020-03-31,VEN,64,431,81,6297
2020-04-01,ABR,8,35,7,852
2020-04-01,BAS,2,11,0,219
2020-04-01,BZ,40,47,37,676
2020-04-01,CAL,2,10,4,656
2020-04-01,EMR,88,713,89,3925
2020-04-01,FVG,9,92,37,1088
2020-04-01,LAZ,7,169,46,1133
2020-04-01,LIG,32,244,75,958
2020-04-01,LOM,394,1565,530,6809
2020-04-01,MAR,25,137,8,572
2020-04-01,MOL,1,16,1,108
2020-04-01,PIE,32,494,74,2402
2020-04-01,PUG,19,143,22,1136
2020-04-01,SAR,3,23,2,244
2020-04-01,SIC,7,71,12,1202
2020-04-01,TN,9,124,21,702
2020-04-01,TOS,9,259,44,3410
2020-04-01,UMB,0,17,4,395
2020-04-01,VDA,3,3,12,135
2020-04-01,VEN,22,470,74,6508
2020-04-02,ABR,10,61,11,1037
2020-04-02,BAS,1,9,0,165
2020-04-02,BZ,13,61,0,726
2020-04-02,CAL,3,22,2,696
2020-04-02,EMR,79,546,97,2050
2020-04-02,FVG,7,114,19,1134
2020-04-02,LAZ,16,169,32,5765
2020-04-02,LIG,28,122,79,735
2020-04-02,LOM,367,1292,814,6837
2020-04-02,MAR,26,136,11,647
2020-04-02,MOL,1,5,2,72
2020-04-02,PIE,97,558,132,2040
2020-04-02,PUG,15,131,8,1345
2020-04-02,SAR,6,49,0,469
2020-04-02,SIC,5,73,6,997
2020-04-02,TN,14,133,15,821
2020-04-02,TOS,15,406,34,4149
2020-04-02,UMB,1,33,11,657
2020-04-02,VDA,4,37,17,217
2020-04-02,VEN,33,486,99,7574
2020-04-03,ABR,13,66,3,1243
2020-04-03,BAS,1,15,0,195
2020-04-03,BZ,10,80,21,1299
2020-04-03,CAL,4,42,3,929
2020-04-03,EMR,91,599,189,3175
2020-04-03,FVG,7,80,43,2864
2020-04-03,LAZ,14,167,23,2201
2020-04-03,LIG,31,183,66,865
2020-04-03,LOM,351,1455,791,6765
2020-04-03,MAR,54,132,2,735
2020-04-03,MOL,0,11,0,149
2020-04-03,PIE,60,543,152,2181
2020-04-03,PUG,20,105,0,1370
2020-04-03,SAR,1,31,4,508
2020-04-03,SIC,8,68,2,853
2020-04-03,TN,17,106,17,497
2020-04-03,TOS,22,226,84,3736
2020-04-03,UMB,1,51,15,877
2020-04-03,VDA,7,51,40,172
2020-04-03,VEN,40,353,30,6170
2020-04-04,ABR,7,65,3,947
2020-04-04,BAS,0,3,6,143
2020-04-04,BZ,7,33,34,1069
2020-04-04,CAL,4,8,4,706
2020-04-04,EMR,75,608,188,3393
2020-04-04,FVG,9,107,86,1141
2020-04-04,LAZ,13,157,47,848
2020-04-04,LIG,23,238,67,1153
2020-04-04,LOM,345,1598,222,6826
2020-04-04,MAR,17,111,228,794
2020-04-04,MOL,0,30,3,126
2020-04-04,PIE,85,813,165,2900
2020-04-04,PUG,9,58,25,1053
2020-04-04,SAR,0,49,4,311
2020-04-04,SIC,10,73,1,1210
2020-04-04,TN,6,111,11,870
2020-04-04,TOS,17,172,10,3426
2020-04-04,UMB,2,31,22,1195
2020-04-04,VDA,12,29,17,168
2020-04-04,VEN,35,360,93,6799
2020-04-05,ABR,5,75,6,761
2020-04-05,BAS,2,14,2,166
2020-04-05,BZ,12,52,15,678
2020-04-05,CAL,7,54,3,763
2020-04-05,EMR,74,549,161,2911
2020-04-05,FVG,9,62,26,526
2020-04-05,LAZ,7,123,36,123
2020-04-05,LIG,14,246,33,960
2020-04-05,LOM,249,1337,184,8107
2020-04-05,MAR,25,123,17,780
2020-04-05,MOL,2,18,0,18
2020-04-05,PIE,40,653,129,1358
2020-04-05,PUG,9,77,19,1103
2020-04-05,SAR,2,33,5,368
2020-04-05,SIC,5,62,9,2008
2020-04-05,TN,7,65,16,613
2020-04-05,TOS,18,176,27,3120
2020-04-05,UMB,2,29,56,639
2020-04-05,VDA,9,34,9,116
2020-04-05,VEN,24,402,62,7621
2020-04-06,ABR,11,18,2,600
2020-04-06,BAS,0,9,1,130
2020-04-06,BZ,6,78,38,1102
2020-04-06,CAL,2,22,4,556
2020-04-06,EMR,57,467,196,2177
2020-04-06,FVG,4,55,18,620
2020-04-06,LAZ,10,151,27,2812
2020-04-06,LIG,39,100,37,486
2020-04-06,LOM,297,1079,437,5005
2020-04-06,MAR,13,150,9,667
2020-04-06,MOL,0,0,0,42
2020-04-06,PIE,83,562,111,2584
2020-04-06,PUG,13,127,21,1979
2020-04-06,SAR,4,15,7,364
2020-04-06,SIC,7,52,4,1560
2020-04-06,TN,13,63,7,654
2020-04-06,TOS,25,154,13,1843
2020-04-06,UMB,1,14,39,125
2020-04-06,VDA,5,23,27,200
2020-04-06,VEN,31,362,18,5378
2020-04-07,ABR,3,78,9,706
2020-04-07,BAS,1,4,0,99
2020-04-07,BZ,10,89,38,936
2020-04-07,CAL,2,16,3,439
2020-04-07,EMR,72,269,200,3028
2020-04-07,FVG,6,50,61,1264
2020-04-07,LAZ,9,118,44,1404
2020-04-07,LIG,25,208,88,1046
2020-04-07,LOM,282,791,635,4342
2020-04-07,MAR,18,96,46,700
2020-04-07,MOL,0,0,2,35
2020-04-07,PIE,68,419,192,2998
2020-04-07,PUG,14,70,34,1090
2020-04-07,SAR,5,13,6,159
2020-04-07,SIC,2,51,5,1393
2020-04-07,TN,14,128,62,900
2020-04-07,TOS,19,172,27,3802
2020-04-07,UMB,5,10,31,701
2020-04-07,VDA,4,30,0,164
2020-04-07,VEN,33,337,61,7254
2020-04-08,ABR,7,60,10,942
2020-04-08,BAS,0,6,1,136
2020-04-08,BZ,9,24,35,1104
2020-04-08,CAL,0,26,4,905
2020-04-08,EMR,54,409,293,3176
2020-04-08,FVG,5,65,24,1262
2020-04-08,LAZ,6,117,28,6239
2020-04-08,LIG,34,149,82,942
2020-04-08,LOM,238,1089,649,8226
2020-04-08,MAR,22,149,303,913
2020-04-08,MOL,0,2,6,421
2020-04-08,PIE,59,540,196,4374
2020-04-08,PUG,10,120,9,1344
2020-04-08,SAR,7,40,14,813
2020-04-08,SIC,8,62,20,2581
2020-04-08,TN,11,126,65,1228
2020-04-08,TOS,23,206,53,4334
2020-04-08,UMB,1,26,48,831
2020-04-08,VDA,2,15,0,199
2020-04-08,VEN,41,485,238,9705
2020-04-09,ABR,15,72,25,1001
2020-04-09,BAS,1,6,0,178
2020-04-09,BZ,4,68,30,1010
2020-04-09,CAL,1,15,4,721
2020-04-09,EMR,82,443,213,3348
2020-04-09,FVG,2,81,104,1407
2020-04-09,LAZ,9,163,70,2994
2020-04-09,LIG,28,114,78,925
2020-04-09,LOM,300,1388,559,9396
2020-04-09,MAR,17,96,240,662
2020-04-09,MOL,0,8,0,67
2020-04-09,PIE,76,639,216,4312
2020-04-09,PUG,6,82,13,1595
2020-04-09,SAR,5,51,10,425
2020-04-09,SIC,5,73,19,1304
2020-04-09,TN,13,106,55,1080
2020-04-09,TOS,16,173,11,4476
2020-04-09,UMB,1,9,39,1065
2020-04-09,VDA,3,18,12,189
2020-04-09,VEN,20,523,225,8209
2020-04-10,ABR,4,83,10,1241
2020-04-10,BAS,0,5,1,222
2020-04-10,BZ,4,52,46,991
2020-04-10,CAL,4,27,2,939
2020-04-10,EMR,81,451,278,4169
2020-04-10,FVG,8,50,34,1892
2020-04-10,LAZ,10,154,43,3662
2020-04-10,LIG,27,171,96,1068
2020-04-10,LOM,216,1246,574,9372
2020-04-10,MAR,13,129,201,776
2020-04-10,MOL,0,9,5,9
2020-04-10,PIE,78,490,172,4650
2020-04-10,PUG,13,93,45,1724
2020-04-10,SAR,5,37,32,526
2020-04-10,SIC,10,70,35,2414
2020-04-10,TN,7,108,85,643
2020-04-10,TOS,46,175,10,6540
2020-04-10,UMB,1,4,43,1155
2020-04-10,VDA,2,11,16,186
2020-04-10,VEN,37,488,253,9244
2020-04-11,ABR,8,106,9,1353
2020-04-11,BAS,2,4,0,354
2020-04-11,BZ,9,2,41,1320
2020-04-11,CAL,1,14,7,856
2020-04-11,EMR,84,507,278,5875
2020-04-11,FVG,6,44,54,1588
2020-04-11,LAZ,10,140,33,3472
2020-04-11,LIG,25,185,128,1374
2020-04-11,LOM,273,1544,543,9977
2020-04-11,MAR,7,127,205,1090
2020-04-11,MOL,1,3,2,132
2020-04-11,PIE,101,996,301,5120
2020-04-11,PUG,15,95,14,1651
2020-04-11,SAR,4,28,12,676
2020-04-11,SIC,6,62,22,2631
2020-04-11,TN,9,154,75,1665
2020-04-11,TOS,13,231,48,3755
2020-04-11,UMB,0,7,36,1336
2020-04-11,VDA,0,23,35,136
2020-04-11,VEN,38,347,207,10212
2020-04-12,ABR,6,40,16,1153
2020-04-12,BAS,1,3,6,305
2020-04-12,BZ,5,141,-110,1060
2020-04-12,CAL,0,8,5,718
2020-04-12,EMR,83,463,203,4945
2020-04-12,FVG,10,38,84,303
2020-04-12,LAZ,6,122,29,3713
2020-04-12,LIG,15,118,103,1095
2020-04-12,LOM,110,1460,343,9530
2020-04-12,MAR,11,92,198,997
2020-04-12,MOL,1,11,1,270
2020-04-12,PIE,96,652,221,3978
2020-04-12,PUG,7,85,28,1510
2020-04-12,SAR,0,22,7,543
2020-04-12,SIC,9,52,14,2311
2020-04-12,TN,9,83,56,1151
2020-04-12,TOS,28,277,79,2884
2020-04-12,UMB,0,10,46,1011
2020-04-12,VDA,5,19,16,46
2020-04-12,VEN,25,309,304,7530
2020-04-13,ABR,12,53,5,73
2020-04-13,BAS,0,4,11,190
2020-04-13,BZ,7,51,22,911
2020-04-13,CAL,1,5,8,385
2020-04-13,EMR,51,342,145,2343
2020-04-13,FVG,7,51,63,953
2020-04-13,LAZ,5,123,15,3792
2020-04-13,LIG,11,102,59,1146
2020-04-13,LOM,280,1262,312,5260
2020-04-13,MAR,13,78,99,7322
2020-04-13,MOL,0,0,0,51
2020-04-13,PIE,97,474,117,2615
2020-04-13,PUG,7,76,9,949
2020-04-13,SAR,2,15,2,347
2020-04-13,SIC,8,42,14,1213
2020-04-13,TN,7,73,68,789
2020-04-13,TOS,23,155,37,2249
2020-04-13,UMB,0,1,63,68
2020-04-13,VDA,3,6,9,104
2020-04-13,VEN,26,174,111,4635
2020-04-14,ABR,8,32,2,268
2020-04-14,BAS,1,0,4,214
2020-04-14,BZ,2,35,6,300
2020-04-14,CAL,1,28,2,418
2020-04-14,EMR,90,312,262,2849
2020-04-14,FVG,4,38,442,823
2020-04-14,LAZ,16,143,25,1904
2020-04-14,LIG,33,212,78,1317
2020-04-14,LOM,241,1012,343,3778
2020-04-14,MAR,15,45,15,781
2020-04-14,MOL,0,0,2,0
2020-04-14,PIE,101,556,165,2508
2020-04-14,PUG,11,53,2,1149
2020-04-14,SAR,5,10,19,883
2020-04-14,SIC,4,43,18,566
2020-04-14,TN,10,15,3,188
2020-04-14,TOS,20,137,22,1380
2020-04-14,UMB,1,1,3,216
2020-04-14,VDA,3,20,40,112
2020-04-14,VEN,24,181,187,5801
2020-04-15,ABR,8,29,11,1565
2020-04-15,BAS,2,1,3,278
2020-04-15,BZ,9,40,19,913
2020-04-15,CAL,3,15,9,648
2020-04-15,EMR,83,277,395,4253
2020-04-15,FVG,6,24,-477,2036
2020-04-15,LAZ,11,121,85,934
2020-04-15,LIG,14,128,116,1347
2020-04-15,LOM,235,827,34,7098
2020-04-15,MAR,18,77,57,1169
2020-04-15,MOL,0,6,0,333
2020-04-15,PIE,88,539,311,3986
2020-04-15,PUG,10,66,35,1447
2020-04-15,SAR,3,23,50,502
2020-04-15,SIC,6,34,18,1990
2020-04-15,TN,8,79,49,761
2020-04-15,TOS,18,139,56,4079
2020-04-15,UMB,1,1,40,1302
2020-04-15,VDA,3,11,19,168
2020-04-15,VEN,34,192,105,7466
2020-04-16,ABR,3,72,29,1286
2020-04-16,BAS,1,16,3,312
2020-04-16,BZ,2,43,24,1046
2020-04-16,CAL,1,38,9,980
2020-04-16,EMR,55,457,316,5956
2020-04-16,FVG,5,72,131,1966
2020-04-16,LAZ,5,148,46,6409
2020-04-16,LIG,21,103,109,1152
2020-04-16,LOM,231,941,541,10706
2020-04-16,MAR,18,79,34,3449
2020-04-16,MOL,1,0,2,112
2020-04-16,PIE,79,879,212,5044
2020-04-16,PUG,11,74,11,1640
2020-04-16,SAR,2,3,6,401
2020-04-16,SIC,6,44,11,2538
2020-04-16,TN,4,74,87,1238
2020-04-16,TOS,29,277,52,5303
2020-04-16,UMB,1,7,52,1229
2020-04-16,VDA,1,13,42,265
2020-04-16,VEN,41,366,314,8205
2020-04-17,ABR,3,97,2,1650
2020-04-17,BAS,0,1,8,361
2020-04-17,BZ,9,29,31,1282
2020-04-17,CAL,1,-18,9,1015
2020-04-17,EMR,60,348,366,4721
2020-04-17,FVG,3,59,-42,4264
2020-04-17,LAZ,16,144,58,2762
2020-04-17,LIG,38,149,89,1236
2020-04-17,LOM,243,1041,454,10839
2020-04-17,MAR,21,86,32,4219
2020-04-17,MOL,0,6,1,115
2020-04-17,PIE,77,695,403,6006
2020-04-17,PUG,8,69,30,2120
2020-04-17,SAR,1,14,6,508
2020-04-17,SIC,3,46,12,2767
2020-04-17,TN,20,82,159,1148
2020-04-17,TOS,17,167,180,4580
2020-04-17,UMB,2,8,48,1331
2020-04-17,VDA,1,22,48,207
2020-04-17,VEN,45,384,521,12173
2020-04-18,ABR,7,44,8,1580
2020-04-18,BAS,1,2,5,346
2020-04-18,BZ,5,29,50,1190
2020-04-18,CAL,0,20,7,1137
2020-04-18,EMR,62,350,289,4394
2020-04-18,FVG,2,56,79,3263
2020-04-18,LAZ,8,144,68,4798
2020-04-18,LIG,31,113,129,1141
2020-04-18,LOM,199,1246,286,11818
2020-04-18,MAR,10,53,28,1912
2020-04-18,MOL,0,0,-1,0
2020-04-18,PIE,81,661,355,5130
2020-04-18,PUG,7,82,37,2145
2020-04-18,SAR,0,20,11,783
2020-04-18,SIC,6,47,9,2543
2020-04-18,TN,6,55,54,1226
2020-04-18,TOS,16,127,224,3672
2020-04-18,UMB,0,7,70,1288
2020-04-18,VDA,1,80,21,155
2020-04-18,VEN,33,318,459,10607
2020-04-19,ABR,5,34,13,775
2020-04-19,BAS,1,3,17,472
2020-04-19,BZ,6,55,39,1473
2020-04-19,CAL,2,24,10,966
2020-04-19,EMR,58,376,350,3696
2020-04-19,FVG,3,14,77,1329
2020-04-19,LAZ,1,87,47,2254
2020-04-19,LIG,31,227,118,2229
2020-04-19,LOM,163,855,390,8824
2020-04-19,MAR,12,48,26,1565
2020-04-19,MOL,1,10,3,502
2020-04-19,PIE,79,593,267,4725
2020-04-19,PUG,2,120,26,2175
2020-04-19,SAR,0,17,34,772
2020-04-19,SIC,4,45,10,2057
2020-04-19,TN,12,101,103,1241
2020-04-19,TOS,19,135,90,4072
2020-04-19,UMB,1,4,-2,1064
2020-04-19,VDA,1,15,1,156
2020-04-19,VEN,28,243,449,8468
2020-04-20,ABR,5,91,11,151
2020-04-20,BAS,0,0,5,340
2020-04-20,BZ,4,14,36,1020
2020-04-20,CAL,0,3,19,613
2020-04-20,EMR,56,307,281,4614
2020-04-20,FVG,14,30,163,539
2020-04-20,LAZ,8,60,8,6016
2020-04-20,LIG,29,141,106,1456
2020-04-20,LOM,163,735,482,6331
2020-04-20,MAR,15,57,12,1308
2020-04-20,MOL,1,2,3,199
2020-04-20,PIE,78,292,127,3100
2020-04-20,PUG,10,38,4,1591
2020-04-20,SAR,0,13,23,469
2020-04-20,SIC,3,42,31,1601
2020-04-20,TN,6,58,94,1823
2020-04-20,TOS,30,135,33,1882
2020-04-20,UMB,0,1,13,392
2020-04-20,VDA,2,0,12,122
2020-04-20,VEN,25,192,316,5013
2020-04-21,ABR,8,55,42,1964
2020-04-21,BAS,0,8,5,602
2020-04-21,BZ,2,16,18,606
2020-04-21,CAL,1,9,17,1067
2020-04-21,EMR,68,225,435,5348
2020-04-21,FVG,2,17,-117,3339
2020-04-21,LAZ,14,80,29,2208
2020-04-21,LIG,33,95,95,1179
2020-04-21,LOM,203,960,1366,6711
2020-04-21,MAR,12,51,33,1550
2020-04-21,MOL,0,1,1,341
2020-04-21,PIE,76,606,276,5765
2020-04-21,PUG,25,55,28,1795
2020-04-21,SAR,7,8,18,558
2020-04-21,SIC,3,76,24,3720
2020-04-21,TN,10,24,34,399
2020-04-21,TOS,19,96,23,4068
2020-04-21,UMB,2,4,19,1077
2020-04-21,VDA,-1,5,32,112
2020-04-21,VEN,42,277,219,7259
2020-04-22,ABR,5,66,20,442
2020-04-22,BAS,0,4,17,570
2020-04-22,BZ,5,6,25,735
2020-04-22,CAL,0,13,11,1120
2020-04-22,EMR,57,342,445,5996
2020-04-22,FVG,5,25,34,2369
2020-04-22,LAZ,7,80,12,4031
2020-04-22,LIG,32,154,109,1804
2020-04-22,LOM,161,1161,736,13502
2020-04-22,MAR,11,47,24,2160
2020-04-22,MOL,1,2,9,301
2020-04-22,PIE,74,784,399,6079
2020-04-22,PUG,11,108,35,2358
2020-04-22,SAR,3,11,12,1000
2020-04-22,SIC,2,48,18,3639
2020-04-22,TN,5,32,62,64
2020-04-22,TOS,19,97,533,4175
2020-04-22,UMB,1,4,39,1016
2020-04-22,VDA,1,2,22,113
2020-04-22,VEN,27,334,393,9474
2020-04-23,ABR,4,52,56,839
2020-04-23,BAS,0,2,5,471
2020-04-23,BZ,5,19,32,1272
2020-04-23,CAL,0,9,7,1309
2020-04-23,EMR,65,289,463,5272
2020-04-23,FVG,10,41,204,2049
2020-04-23,LAZ,5,79,51,7011
2020-04-23,LIG,25,131,116,1852
2020-04-23,LOM,200,1073,1242,12016
2020-04-23,MAR,12,28,16,1170
2020-04-23,MOL,1,0,6,139
2020-04-23,PIE,71,401,300,6457
2020-04-23,PUG,10,109,37,2068
2020-04-23,SAR,2,7,21,958
2020-04-23,SIC,5,43,24,3418
2020-04-23,TN,1,81,83,1566
2020-04-23,TOS,18,80,58,4077
2020-04-23,UMB,0,5,21,1356
2020-04-23,VDA,0,1,39,203
2020-04-23,VEN,25,143,184,10532
2020-04-24,ABR,6,18,33,1210
2020-04-24,BAS,0,4,4,515
2020-04-24,BZ,2,21,420,1068
2020-04-24,CAL,4,10,8,895
2020-04-24,EMR,34,247,549,5359
2020-04-24,FVG,2,24,-163,2584
2020-04-24,LAZ,9,78,63,3244
2020-04-24,LIG,29,124,124,1721
2020-04-24,LOM,166,1091,430,11583
2020-04-24,MAR,8,76,25,1501
2020-04-24,MOL,0,3,1,241
2020-04-24,PIE,69,682,374,7330
2020-04-24,PUG,11,42,34,2062
2020-04-24,SAR,4,3,12,2045
2020-04-24,SIC,5,55,31,3015
2020-04-24,TN,7,49,86,1539
2020-04-24,TOS,19,97,116,3159
2020-04-24,UMB,1,1,33,1513
2020-04-24,VDA,2,4,111,35
2020-04-24,VEN,38,348,556,8821
2020-04-25,ABR,7,29,40,1227
2020-04-25,BAS,1,1,11,766
2020-04-25,BZ,2,20,76,1546
2020-04-25,CAL,0,9,19,1195
2020-04-25,EMR,44,239,357,5378
2020-04-25,FVG,5,21,252,2873
2020-04-25,LAZ,3,92,20,4037
2020-04-25,LIG,17,128,115,1562
2020-04-25,LOM,163,713,445,12642
2020-04-25,MAR,9,30,22,1833
2020-04-25,MOL,1,5,6,386
2020-04-25,PIE,68,604,425,5807
2020-04-25,PUG,8,31,37,2156
2020-04-25,SAR,1,14,23,462
2020-04-25,SIC,6,39,81,3086
2020-04-25,TN,11,62,134,882
2020-04-25,TOS,18,138,107,4159
2020-04-25,UMB,1,3,27,1415
2020-04-25,VDA,1,0,40,704
2020-04-25,VEN,44,162,365,10081
2020-04-26,ABR,2,27,18,196
2020-04-26,BAS,0,5,4,285
2020-04-26,BZ,4,5,42,823
2020-04-26,CAL,0,1,15,894
2020-04-26,EMR,39,241,208,5045
2020-04-26,FVG,1,14,-151,1306
2020-04-26,LAZ,2,85,71,3323
2020-04-26,LIG,21,187,119,1482
2020-04-26,LOM,56,920,171,10857
2020-04-26,MAR,5,53,12,1067
2020-04-26,MOL,0,4,2,376
2020-04-26,PIE,56,394,321,4035
2020-04-26,PUG,8,36,10,1364
2020-04-26,SAR,6,9,14,750
2020-04-26,SIC,4,35,196,1853
2020-04-26,TN,5,56,113,1481
2020-04-26,TOS,18,132,191,1899
2020-04-26,UMB,1,2,2,630
2020-04-26,VDA,1,6,64,169
2020-04-26,VEN,27,80,347,9384
2020-04-27,ABR,4,15,49,356
2020-04-27,BAS,0,0,2,287
2020-04-27,BZ,1,15,68,1209
2020-04-27,CAL,3,7,19,934
2020-04-27,EMR,45,212,283,3051
2020-04-27,FVG,7,60,43,1259
2020-04-27,LAZ,8,83,86,3092
2020-04-27,LIG,14,154,40,1432
2020-04-27,LOM,124,590,191,5053
2020-04-27,MAR,5,16,9,702
2020-04-27,MOL,0,0,0,89
2020-04-27,PIE,55,278,234,4206
2020-04-27,PUG,6,10,29,984
2020-04-27,SAR,0,3,10,294
2020-04-27,SIC,3,30,11,546
2020-04-27,TN,2,101,74,1010
2020-04-27,TOS,17,32,101,1654
2020-04-27,UMB,1,2,10,254
2020-04-27,VDA,2,5,22,416
2020-04-27,VEN,29,108,357,3666
2020-04-28,ABR,11,25,54,1180
2020-04-28,BAS,0,0,12,525
2020-04-28,BZ,2,2,30,490
2020-04-28,CAL,2,1,17,1968
2020-04-28,EMR,41,252,433,7610
2020-04-28,FVG,7,18,30,3211
2020-04-28,LAZ,17,75,58,3895
2020-04-28,LIG,13,130,126,1680
2020-04-28,LOM,126,869,440,8573
2020-04-28,MAR,9,48,15,1548
2020-04-28,MOL,0,1,6,120
2020-04-28,PIE,58,352,296,5183
2020-04-28,PUG,2,22,13,1520
2020-04-28,SAR,0,2,6,721
2020-04-28,SIC,1,35,14,2358
2020-04-28,TN,5,30,167,687
2020-04-28,TOS,16,52,123,4569
2020-04-28,UMB,0,9,21,1058
2020-04-28,VDA,2,8,32,346
2020-04-28,VEN,64,129,324,8191
2020-04-29,ABR,5,24,33,1258
2020-04-29,BAS,0,0,11,442
2020-04-29,BZ,2,9,72,1088
2020-04-29,CAL,1,5,15,1159
2020-04-29,EMR,40,263,364,4276
2020-04-29,FVG,7,15,20,2618
2020-04-29,LAZ,17,78,88,4839
2020-04-29,LIG,11,117,101,1501
2020-04-29,LOM,104,786,304,14472
2020-04-29,MAR,6,35,16,1592
2020-04-29,MOL,0,0,2,134
2020-04-29,PIE,67,411,329,6735
2020-04-29,PUG,3,49,38,1838
2020-04-29,SAR,7,5,9,1183
2020-04-29,SIC,0,20,18,2352
2020-04-29,TN,4,44,142,1169
2020-04-29,TOS,16,61,278,3865
2020-04-29,UMB,1,12,25,1056
2020-04-29,VDA,2,5,77,284
2020-04-29,VEN,29,117,320,9438
2020-04-30,ABR,5,7,63,1382
2020-04-30,BAS,0,1,3,1443
2020-04-30,BZ,1,11,53,1079
2020-04-30,CAL,0,6,19,989
2020-04-30,EMR,39,259,2519,5992
2020-04-30,FVG,4,15,68,1161
2020-04-30,LAZ,10,71,128,4093
2020-04-30,LIG,15,104,114,1542
2020-04-30,LOM,93,598,416,11048
2020-04-30,MAR,7,37,167,3583
2020-04-30,MOL,0,1,4,536
2020-04-30,PIE,63,428,393,5268
2020-04-30,PUG,5,43,16,2126
2020-04-30,SAR,0,5,22,1455
2020-04-30,SIC,3,26,11,4309
2020-04-30,TN,2,47,138,1526
2020-04-30,TOS,15,60,124,4367
2020-04-30,UMB,1,1,28,1522
2020-04-30,VDA,0,4,50,450
2020-04-30,VEN,22,135,335,11571
2020-05-01,ABR,4,18,18,1389
2020-05-01,BAS,0,11,10,495
2020-05-01,BZ,3,10,52,1606
2020-05-01,CAL,0,4,17,1151
2020-05-01,EMR,28,208,259,5407
2020-05-01,FVG,5,16,66,3083
2020-05-01,LAZ,41,56,37,6208
2020-05-01,LIG,17,133,149,2437
2020-05-01,LOM,88,737,387,13701
2020-05-01,MAR,5,28,22,1753
2020-05-01,MOL,0,2,2,17
2020-05-01,PIE,31,395,295,6034
2020-05-01,PUG,6,27,23,1832
2020-05-01,SAR,1,18,17,1488
2020-05-01,SIC,2,28,12,3191
2020-05-01,TN,5,16,88,1304
2020-05-01,TOS,12,93,292,4607
2020-05-01,UMB,1,1,29,1303
2020-05-01,VDA,0,5,2,138
2020-05-01,VEN,20,138,486,13232
2020-05-02,ABR,3,16,45,531
2020-05-02,BAS,0,2,4,453
2020-05-02,BZ,1,7,60,901
2020-05-02,CAL,2,0,12,874
2020-05-02,EMR,35,206,332,3871
2020-05-02,FVG,1,18,23,2842
2020-05-02,LAZ,15,84,63,3274
2020-05-02,LIG,11,186,95,2003
2020-05-02,LOM,329,533,10,13058
2020-05-02,MAR,5,23,24,1593
2020-05-02,MOL,0,1,9,612
2020-05-02,PIE,29,495,309,5911
2020-05-02,PUG,1,34,26,1078
2020-05-02,SAR,2,2,14,748
2020-05-02,SIC,3,19,1,1492
2020-05-02,TN,2,49,58,1741
2020-05-02,TOS,9,80,79,1767
2020-05-02,UMB,0,1,9,310
2020-05-02,VDA,0,3,-3,182
2020-05-02,VEN,23,126,451,8519
2020-05-03,ABR,3,32,40,783
2020-05-03,BAS,0,6,3,488
2020-05-03,BZ,2,1,37,436
2020-05-03,CAL,0,2,13,907
2020-05-03,EMR,28,166,416,4940
2020-05-03,FVG,2,13,33,1135
2020-05-03,LAZ,11,53,109,3834
2020-05-03,LIG,14,47,80,1290
2020-05-03,LOM,42,526,225,7155
2020-05-03,MAR,11,21,17,1578
2020-05-03,MOL,1,0,0,0
2020-05-03,PIE,26,251,306,3729
2020-05-03,PUG,2,11,8,1073
2020-05-03,SAR,0,4,45,747
2020-05-03,SIC,2,27,8,1603
2020-05-03,TN,4,66,97,1516
2020-05-03,TOS,9,38,66,2691
2020-05-03,UMB,0,0,13,751
2020-05-03,VDA,1,6,-6,149
2020-05-03,VEN,14,94,212,7224
2020-05-04,ABR,2,4,33,409
2020-05-04,BAS,0,0,21,691
2020-05-04,BZ,3,5,31,433
2020-05-04,CAL,0,4,32,603
2020-05-04,EMR,24,159,196,3352
2020-05-04,FVG,2,4,39,431
2020-05-04,LAZ,16,38,22,2381
2020-05-04,LIG,12,53,84,1600
2020-05-04,LOM,63,577,133,7978
2020-05-04,MAR,5,44,31,986
2020-05-04,MOL,0,0,3,253
2020-05-04,PIE,34,192,234,3870
2020-05-04,PUG,5,9,14,724
2020-05-04,SAR,0,-2,34,315
2020-05-04,SIC,2,15,14,1211
2020-05-04,TN,1,11,92,966
2020-05-04,TOS,9,38,78,1533
2020-05-04,UMB,2,0,0,221
2020-05-04,VDA,1,1,-1,171
2020-05-04,VEN,12,55,108,5458
2020-05-05,ABR,3,25,50,1381
2020-05-05,BAS,0,10,6,575
2020-05-05,BZ,2,1,23,591
2020-05-05,CAL,0,1,25,1071
2020-05-05,EMR,39,100,364,5739
2020-05-05,FVG,4,9,71,3089
2020-05-05,LAZ,10,67,72,4014
2020-05-05,LIG,11,63,133,1530
2020-05-05,LOM,95,500,620,6455
2020-05-05,MAR,4,29,12,1858
2020-05-05,MOL,0,0,1,200
2020-05-05,PIE,30,152,361,5238
2020-05-05,PUG,4,17,19,1961
2020-05-05,SAR,0,1,12,815
2020-05-05,SIC,3,12,9,4140
2020-05-05,TN,3,3,124,809
2020-05-05,TOS,8,30,111,4813
2020-05-05,UMB,0,6,11,954
2020-05-05,VDA,0,0,0,213
2020-05-05,VEN,17,29,130,7292
2020-05-06,ABR,6,22,34,1314
2020-05-06,BAS,0,3,8,627
2020-05-06,BZ,0,1,34,964
2020-05-06,CAL,1,3,8,1319
2020-05-06,EMR,32,104,362,5486
2020-05-06,FVG,3,9,28,919
2020-05-06,LAZ,4,81,14,3587
2020-05-06,LIG,11,76,186,2071
2020-05-06,LOM,222,764,5881,14516
2020-05-06,MAR,7,29,5,1781
2020-05-06,MOL,0,3,1,368
2020-05-06,PIE,31,165,599,6741
2020-05-06,PUG,5,26,57,1816
2020-05-06,SAR,0,1,20,1099
2020-05-06,SIC,3,14,12,1693
2020-05-06,TN,4,19,74,1849
2020-05-06,TOS,10,26,118,4293
2020-05-06,UMB,0,4,9,1330
2020-05-06,VDA,0,3,-14,156
2020-05-06,VEN,23,77,381,8854
2020-05-07,ABR,7,25,39,1218
2020-05-07,BAS,1,-16,0,169
2020-05-07,BZ,0,9,37,863
2020-05-07,CAL,0,3,14,1026
2020-05-07,EMR,29,108,459,5387
2020-05-07,FVG,2,13,46,2583
2020-05-07,LAZ,5,39,119,4446
2020-05-07,LIG,11,94,141,1753
2020-05-07,LOM,134,720,324,15488
2020-05-07,MAR,5,31,15,1980
2020-05-07,MOL,0,1,10,341
2020-05-07,PIE,35,196,550,6527
2020-05-07,PUG,3,49,149,1852
2020-05-07,SAR,0,5,45,1098
2020-05-07,SIC,1,7,80,2696
2020-05-07,TN,1,3,74,1781
2020-05-07,TOS,16,26,382,4509
2020-05-07,UMB,0,1,31,1460
2020-05-07,VDA,0,4,1,299
2020-05-07,VEN,21,74,308,10406
2020-05-08,ABR,3,6,60,1082
2020-05-08,BAS,0,-1,2,505
2020-05-08,BZ,3,6,52,817
2020-05-08,CAL,1,1,14,1126
2020-05-08,EMR,31,111,361,4827
2020-05-08,FVG,0,9,25,890
2020-05-08,LAZ,6,52,66,4159
2020-05-08,LIG,11,78,139,2085
2020-05-08,LOM,94,634,572,10993
2020-05-08,MAR,6,18,21,1487
2020-05-08,MOL,0,22,8,265
2020-05-08,PIE,23,233,572,6599
2020-05-08,PUG,2,11,76,1928
2020-05-08,SAR,0,6,36,1155
2020-05-08,SIC,2,13,11,3016
2020-05-08,TN,0,2,40,1720
2020-05-08,TOS,15,38,147,4234
2020-05-08,UMB,1,1,22,1435
2020-05-08,VDA,0,1,8,341
2020-05-08,VEN,38,65,374,10737
2020-05-09,ABR,4,8,41,1087
2020-05-09,BAS,1,0,6,656
2020-05-09,BZ,1,9,37,950
2020-05-09,CAL,0,3,10,1091
2020-05-09,EMR,30,121,420,5500
2020-05-09,FVG,0,8,50,5482
2020-05-09,LAZ,4,47,26,4949
2020-05-09,LIG,11,15,198,1395
2020-05-09,LOM,85,502,2138,11478
2020-05-09,MAR,4,23,27,1461
2020-05-09,MOL,0,20,-1,189
2020-05-09,PIE,26,181,328,4617
2020-05-09,PUG,0,30,34,1919
2020-05-09,SAR,0,4,7,1111
2020-05-09,SIC,3,12,56,2837
2020-05-09,TN,0,7,49,2058
2020-05-09,TOS,7,24,161,4300
2020-05-09,UMB,0,1,9,1351
2020-05-09,VDA,0,1,6,163
2020-05-09,VEN,16,53,347,11165
2020-05-10,ABR,4,17,18,920
2020-05-10,BAS,0,3,5,483
2020-05-10,BZ,0,2,16,713
2020-05-10,CAL,1,3,18,1040
2020-05-10,EMR,18,77,269,4271
2020-05-10,FVG,2,6,22,1065
2020-05-10,LAZ,4,32,87,4121
2020-05-10,LIG,5,50,127,2396
2020-05-10,LOM,62,282,292,7369
2020-05-10,MAR,2,40,17,2402
2020-05-10,MOL,0,23,10,473
2020-05-10,PIE,36,116,364,4570
2020-05-10,PUG,5,27,82,1756
2020-05-10,SAR,1,6,40,716
2020-05-10,SIC,0,14,25,855
2020-05-10,TN,3,3,44,1761
2020-05-10,TOS,5,29,325,3612
2020-05-10,UMB,0,4,2,1349
2020-05-10,VDA,0,5,10,390
2020-05-10,VEN,14,51,323,7408
2020-05-11,ABR,7,4,59,793
2020-05-11,BAS,0,1,2,350
2020-05-11,BZ,0,3,15,448
2020-05-11,CAL,2,2,28,1154
2020-05-11,EMR,22,80,209,2982
2020-05-11,FVG,2,8,27,1411
2020-05-11,LAZ,5,25,12,2829
2020-05-11,LIG,12,44,88,1492
2020-05-11,LOM,68,364,75,7508
2020-05-11,MAR,4,10,30,1463
2020-05-11,MOL,0,13,2,226
2020-05-11,PIE,33,111,390,3413
2020-05-11,PUG,3,14,136,1338
2020-05-11,SAR,0,3,7,595
2020-05-11,SIC,1,12,18,731
2020-05-11,TN,2,2,51,1359
2020-05-11,TOS,8,13,79,1261
2020-05-11,UMB,0,1,6,551
2020-05-11,VDA,0,1,7,230
2020-05-11,VEN,9,19,141,6383
2020-05-12,ABR,4,8,65,1392
2020-05-12,BAS,0,1,3,834
2020-05-12,BZ,0,0,10,362
2020-05-12,CAL,0,4,4,1155
2020-05-12,EMR,18,53,274,4559
2020-05-12,FVG,1,10,38,2191
2020-05-12,LAZ,4,22,39,3687
2020-05-12,LIG,8,31,88,1345
2020-05-12,LOM,62,1033,707,20602
2020-05-12,MAR,5,25,39,1584
2020-05-12,MOL,0,3,6,591
2020-05-12,PIE,28,113,239,4288
2020-05-12,PUG,5,10,128,1755
2020-05-12,SAR,0,1,6,835
2020-05-12,SIC,4,4,151,1883
2020-05-12,TN,2,6,72,1936
2020-05-12,TOS,9,15,238,5382
2020-05-12,UMB,0,7,6,1775
2020-05-12,VDA,1,2,4,352
2020-05-12,VEN,20,41,291,8284
2020-05-13,ABR,5,12,66,1066
2020-05-13,BAS,0,2,11,578
2020-05-13,BZ,0,3,27,800
2020-05-13,CAL,0,2,19,1367
2020-05-13,EMR,20,50,329,4705
2020-05-13,FVG,3,8,27,1549
2020-05-13,LAZ,11,38,65,3547
2020-05-13,LIG,13,67,115,2015
2020-05-13,LOM,69,394,968,10919
2020-05-13,MAR,2,20,213,1436
2020-05-13,MOL,0,15,10,81
2020-05-13,PIE,32,169,830,6717
2020-05-13,PUG,4,11,106,2221
2020-05-13,SAR,0,1,16,1234
2020-05-13,SIC,1,11,32,2974
2020-05-13,TN,1,9,102,2663
2020-05-13,TOS,5,27,300,4175
2020-05-13,UMB,1,0,2,1482
2020-05-13,VDA,1,3,13,362
2020-05-13,VEN,26,31,175,8965
2020-05-14,ABR,4,9,12,1499
2020-05-14,BAS,0,0,4,607
2020-05-14,BZ,0,3,36,834
2020-05-14,CAL,2,3,28,1263
2020-05-14,EMR,25,77,253,4708
2020-05-14,FVG,1,5,13,2400
2020-05-14,LAZ,18,41,162,4285
2020-05-14,LIG,15,65,108,2074
2020-05-14,LOM,111,522,487,14080
2020-05-14,MAR,3,15,121,1990
2020-05-14,MOL,0,2,4,165
2020-05-14,PIE,33,151,718,7894
2020-05-14,PUG,1,9,77,1864
2020-05-14,SAR,5,0,21,1324
2020-05-14,SIC,1,12,46,3146
2020-05-14,TN,2,3,69,2846
2020-05-14,TOS,9,30,196,4156
2020-05-14,UMB,1,1,14,1516
2020-05-14,VDA,0,3,16,323
2020-05-14,VEN,31,32,303,11334
2020-05-15,ABR,2,12,38,1168
2020-05-15,BAS,0,0,7,566
2020-05-15,BZ,0,0,21,924
2020-05-15,CAL,0,1,20,1651
2020-05-15,EMR,13,54,341,4906
2020-05-15,FVG,1,14,42,3400
2020-05-15,LAZ,9,73,72,4682
2020-05-15,LIG,7,65,115,1764
2020-05-15,LOM,115,299,2394,12162
2020-05-15,MAR,3,16,122,1511
2020-05-15,MOL,0,4,6,241
2020-05-15,PIE,64,137,851,6825
2020-05-15,PUG,0,9,81,2110
2020-05-15,SAR,0,3,7,1810
2020-05-15,SIC,0,8,102,1792
2020-05-15,TN,3,3,99,2857
2020-05-15,TOS,3,24,241,4183
2020-05-15,UMB,0,2,4,1554
2020-05-15,VDA,1,6,8,313
2020-05-15,VEN,19,44,304,10151
2020-05-16,ABR,2,30,59,1644
2020-05-16,BAS,0,1,8,645
2020-05-16,BZ,0,0,16,764
2020-05-16,CAL,0,7,38,1390
2020-05-16,EMR,17,72,204,4777
2020-05-16,FVG,1,8,68,1294
2020-05-16,LAZ,12,32,86,4339
2020-05-16,LIG,10,51,111,2056
2020-05-16,LOM,39,399,427,14145
2020-05-16,MAR,5,23,156,2860
2020-05-16,MOL,0,3,15,391
2020-05-16,PIE,37,137,511,5568
2020-05-16,PUG,2,8,83,1924
2020-05-16,SAR,0,4,50,1413
2020-05-16,SIC,2,8,107,2034
2020-05-16,TN,2,8,67,1683
2020-05-16,TOS,3,30,252,3338
2020-05-16,UMB,0,0,9,1369
2020-05-16,VDA,0,1,3,422
2020-05-16,VEN,21,39,295,12406
2020-05-17,ABR,2,8,7,1545
2020-05-17,BAS,0,2,11,671
2020-05-17,BZ,0,3,32,725
2020-05-17,CAL,0,0,52,1213
2020-05-17,EMR,13,50,233,2832
2020-05-17,FVG,0,8,34,2362
2020-05-17,LAZ,6,50,156,4228
2020-05-17,LIG,9,48,116,2086
2020-05-17,LOM,69,326,506,11809
2020-05-17,MAR,2,25,115,1445
2020-05-17,MOL,0,1,0,226
2020-05-17,PIE,18,64,509,4296
2020-05-17,PUG,7,5,85,1424
2020-05-17,SAR,0,1,11,992
2020-05-17,SIC,2,6,108,2463
2020-05-17,TN,0,12,56,4276
2020-05-17,TOS,5,35,171,3319
2020-05-17,UMB,0,2,5,786
2020-05-17,VDA,1,0,6,334
2020-05-17,VEN,11,13,123,9543
2020-05-18,ABR,3,7,13,680
2020-05-18,BAS,0,0,11,414
2020-05-18,BZ,1,1,7,433
2020-05-18,CAL,0,0,21,863
2020-05-18,EMR,13,35,153,2782
2020-05-18,FVG,1,7,39,818
2020-05-18,LAZ,6,39,117,3306
2020-05-18,LIG,12,32,137,1331
2020-05-18,LOM,24,175,508,5078
2020-05-18,MAR,0,11,261,429
2020-05-18,MOL,0,11,10,429
2020-05-18,PIE,20,72,417,4108
2020-05-18,PUG,1,7,28,866
2020-05-18,SAR,1,0,24,1138
2020-05-18,SIC,0,7,23,1433
2020-05-18,TN,0,13,66,514
2020-05-18,TOS,5,13,237,1179
2020-05-18,UMB,0,0,1,323
2020-05-18,VDA,0,1,9,158
2020-05-18,VEN,9,9,37,6433
2020-05-19,ABR,1,4,27,1048
2020-05-19,BAS,0,1,10,766
2020-05-19,BZ,0,5,4,665
2020-05-19,CAL,0,2,21,1143
2020-05-19,EMR,11,47,231,4312
2020-05-19,FVG,0,5,26,782
2020-05-19,LAZ,12,20,48,4405
2020-05-19,LIG,9,66,132,2108
2020-05-19,LOM,54,462,190,14918
2020-05-19,MAR,2,-3,182,900
2020-05-19,MOL,0,0,5,78
2020-05-19,PIE,47,108,300,5010
2020-05-19,PUG,2,10,62,1933
2020-05-19,SAR,0,1,40,1026
2020-05-19,SIC,1,8,22,3181
2020-05-19,TN,2,7,49,518
2020-05-19,TOS,3,7,254,3960
2020-05-19,UMB,1,3,13,1543
2020-05-19,VDA,0,1,12,336
2020-05-19,VEN,17,47,280,10779
2020-05-20,ABR,0,8,80,2178
2020-05-20,BAS,0,0,11,639
2020-05-20,BZ,0,0,36,784
2020-05-20,CAL,1,3,31,1158
2020-05-20,EMR,11,50,271,6162
2020-05-20,FVG,2,6,8,3015
2020-05-20,LAZ,7,28,21,3972
2020-05-20,LIG,10,32,108,1547
2020-05-20,LOM,65,294,849,11508
2020-05-20,MAR,1,2,155,108
2020-05-20,MOL,0,0,14,566
2020-05-20,PIE,39,158,603,6135
2020-05-20,PUG,5,11,45,2061
2020-05-20,SAR,0,1,11,1159
2020-05-20,SIC,0,8,9,1533
2020-05-20,TN,0,10,88,1340
2020-05-20,TOS,6,14,214,5138
2020-05-20,UMB,0,0,0,1398
2020-05-20,VDA,0,0,3,257
2020-05-20,VEN,12,33,243,12998
2020-05-21,ABR,2,7,50,1038
2020-05-21,BAS,0,1,14,551
2020-05-21,BZ,0,0,22,794
2020-05-21,CAL,0,0,27,1256
2020-05-21,EMR,17,53,208,4555
2020-05-21,FVG,1,6,23,2870
2020-05-21,LAZ,15,25,159,4222
2020-05-21,LIG,11,55,147,1871
2020-05-21,LOM,65,316,207,14702
2020-05-21,MAR,3,12,151,1792
2020-05-21,MOL,0,1,5,95
2020-05-21,PIE,24,105,522,6662
2020-05-21,PUG,0,6,69,1694
2020-05-21,SAR,1,1,13,1223
2020-05-21,SIC,0,6,7,3775
2020-05-21,TN,0,10,70,1818
2020-05-21,TOS,6,18,252,4316
2020-05-21,UMB,0,2,7,1251
2020-05-21,VDA,0,1,4,341
2020-05-21,VEN,9,8,245,11775
2020-05-22,ABR,3,8,98,1795
2020-05-22,BAS,0,0,11,508
2020-05-22,BZ,0,3,29,1084
2020-05-22,CAL,0,1,25,1123
2020-05-22,EMR,12,53,237,3940
2020-05-22,FVG,2,12,103,2521
2020-05-22,LAZ,7,31,26,5019
2020-05-22,LIG,10,45,202,2518
2020-05-22,LOM,57,293,1018,19028
2020-05-22,MAR,0,8,72,1664
2020-05-22,MOL,0,3,13,363
2020-05-22,PIE,15,87,330,5347
2020-05-22,PUG,4,27,24,2113
2020-05-22,SAR,1,0,11,1394
2020-05-22,SIC,0,4,7,2083
2020-05-22,TN,0,10,-531,2152
2020-05-22,TOS,5,35,121,3890
2020-05-22,UMB,0,0,2,1225
2020-05-22,VDA,0,1,1,270
2020-05-22,VEN,13,21,271,11360
2020-05-23,ABR,0,1,12,1334
2020-05-23,BAS,0,4,12,466
2020-05-23,BZ,0,0,10,1483
2020-05-23,CAL,0,0,14,1045
2020-05-23,EMR,10,43,193,4525
2020-05-23,FVG,2,6,30,2627
2020-05-23,LAZ,7,18,65,3653
2020-05-23,LIG,7,38,205,2206
2020-05-23,LOM,56,441,688,17191
2020-05-23,MAR,3,4,56,1108
2020-05-23,MOL,0,5,0,401
2020-05-23,PIE,14,60,473,5264
2020-05-23,PUG,4,8,37,2036
2020-05-23,SAR,1,0,18,1486
2020-05-23,SIC,1,0,6,2482
2020-05-23,TN,1,7,48,2184
2020-05-23,TOS,2,12,30,3541
2020-05-23,UMB,0,1,4,1313
2020-05-23,VDA,0,0,8,297
2020-05-23,VEN,11,10,181,12901
2020-05-24,ABR,4,5,77,1196
2020-05-24,BAS,0,1,3,600
2020-05-24,BZ,0,3,22,902
2020-05-24,CAL,0,0,13,1060
2020-05-24,EMR,8,45,150,4494
2020-05-24,FVG,2,3,48,2163
2020-05-24,LAZ,8,20,24,2755
2020-05-24,LIG,5,53,158,1438
2020-05-24,LOM,0,285,301,11457
2020-05-24,MAR,1,13,33,1058
2020-05-24,MOL,0,1,7,209
2020-05-24,PIE,12,43,353,3263
2020-05-24,PUG,1,10,21,1832
2020-05-24,SAR,0,0,42,1121
2020-05-24,SIC,0,2,61,1336
2020-05-24,TN,1,9,38,1603
2020-05-24,TOS,2,15,79,3089
2020-05-24,UMB,1,0,2,708
2020-05-24,VDA,0,1,4,251
2020-05-24,VEN,4,17,194,9875
2020-05-25,ABR,2,1,45,982
2020-05-25,BAS,0,0,3,523
2020-05-25,BZ,0,0,11,502
2020-05-25,CAL,0,0,11,556
2020-05-25,EMR,13,29,114,2305
2020-05-25,FVG,0,4,30,1271
2020-05-25,LAZ,4,16,27,2342
2020-05-25,LIG,6,17,79,1299
2020-05-25,LOM,34,148,513,5641
2020-05-25,MAR,1,2,31,555
2020-05-25,MOL,0,0,6,89
2020-05-25,PIE,15,48,240,2858
2020-05-25,PUG,4,9,120,1100
2020-05-25,SAR,0,-2,12,277
2020-05-25,SIC,1,4,23,2012
2020-05-25,TN,1,1,18,666
2020-05-25,TOS,2,5,67,1138
2020-05-25,UMB,0,0,7,199
2020-05-25,VDA,0,1,0,96
2020-05-25,VEN,9,11,84,7470
2020-05-26,ABR,0,3,140,1265
2020-05-26,BAS,0,0,0,563
2020-05-26,BZ,0,0,5,389
2020-05-26,CAL,0,0,26,1006
2020-05-26,EMR,8,24,229,3673
2020-05-26,FVG,0,11,22,1289
2020-05-26,LAZ,5,18,29,3127
2020-05-26,LIG,6,53,165,2206
2020-05-26,LOM,22,159,875,9176
2020-05-26,MAR,1,2,88,1015
2020-05-26,MOL,0,0,3,137
2020-05-26,PIE,14,86,627,5455
2020-05-26,PUG,3,2,138,2203
2020-05-26,SAR,1,0,6,895
2020-05-26,SIC,1,3,5,2421
2020-05-26,TN,3,10,11,695
2020-05-26,TOS,6,3,111,4523
2020-05-26,UMB,0,1,5,1097
2020-05-26,VDA,0,2,4,87
2020-05-26,VEN,8,8,147,12073
2020-05-27,ABR,0,5,48,1740
2020-05-27,BAS,0,0,0,537
2020-05-27,BZ,0,0,8,783
2020-05-27,CAL,0,1,49,1117
2020-05-27,EMR,7,16,157,3714
2020-05-27,FVG,2,4,21,1651
2020-05-27,LAZ,8,11,53,3320
2020-05-27,LIG,7,39,201,2157
2020-05-27,LOM,58,384,766,12503
2020-05-27,MAR,0,0,125,1250
2020-05-27,MOL,0,2,10,177
2020-05-27,PIE,16,73,534,5098
2020-05-27,PUG,1,10,35,2626
2020-05-27,SAR,0,1,10,1326
2020-05-27,SIC,1,5,116,2613
2020-05-27,TN,1,7,42,1120
2020-05-27,TOS,6,12,68,3871
2020-05-27,UMB,0,0,10,1206
2020-05-27,VDA,0,0,4,197
2020-05-27,VEN,9,8,143,14439
2020-05-28,ABR,2,2,42,1315
2020-05-28,BAS,0,0,2,608
2020-05-28,BZ,0,2,16,1042
2020-05-28,CAL,0,0,20,1325
2020-05-28,EMR,11,74,311,9128
2020-05-28,FVG,2,7,25,2952
2020-05-28,LAZ,7,21,97,3706
2020-05-28,LIG,7,16,133,1790
2020-05-28,LOM,20,382,1486,15507
2020-05-28,MAR,1,1,104,1575
2020-05-28,MOL,0,1,4,218
2020-05-28,PIE,10,58,440,5787
2020-05-28,PUG,1,2,119,2447
2020-05-28,SAR,0,0,15,1293
2020-05-28,SIC,0,3,176,2221
2020-05-28,TN,0,3,22,749
2020-05-28,TOS,2,4,82,4020
2020-05-28,UMB,0,0,-1,1239
2020-05-28,VDA,0,1,5,194
2020-05-28,VEN,3,12,271,15433
2020-05-29,ABR,2,0,52,1513
2020-05-29,BAS,0,0,1,567
2020-05-29,BZ,0,0,3,816
2020-05-29,CAL,1,0,10,1175
2020-05-29,EMR,8,38,216,6213
2020-05-29,FVG,0,5,18,4823
2020-05-29,LAZ,13,16,245,3274
2020-05-29,LIG,7,14,158,1548
2020-05-29,LOM,38,354,546,14078
2020-05-29,MAR,-11,4,9,1279
2020-05-29,MOL,0,1,2,262
2020-05-29,PIE,13,56,457,5139
2020-05-29,PUG,4,1,109,2642
2020-05-29,SAR,0,1,11,1244
2020-05-29,SIC,0,2,10,3463
2020-05-29,TN,0,3,51,1787
2020-05-29,TOS,2,2,125,3365
2020-05-29,UMB,1,0,1,1315
2020-05-29,VDA,0,0,4,106
2020-05-29,VEN,8,9,177,12925
2020-05-30,ABR,0,0,0,0
2020-05-30,BAS,0,0,2,512
2020-05-30,BZ,0,1,18,1300
2020-05-30,CAL,0,0,8,1203
2020-05-30,EMR,5,20,300,4464
2020-05-30,FVG,0,4,22,1138
2020-05-30,LAZ,7,6,107,4121
2020-05-30,LIG,7,32,238,2719
2020-05-30,LOM,67,221,1028,14301
2020-05-30,MAR,1,4,8,1095
2020-05-30,MOL,0,0,6,262
2020-05-30,PIE,7,82,443,6331
2020-05-30,PUG,0,8,69,2177
2020-05-30,SAR,0,0,4,749
2020-05-30,SIC,1,2,139,2892
2020-05-30,TN,0,1,45,1760
2020-05-30,TOS,6,12,95,3389
2020-05-30,UMB,0,0,0,1250
2020-05-30,VDA,0,1,3,213
2020-05-30,VEN,10,12,239,15102
2020-05-31,ABR,1,7,1,2351
2020-05-31,BAS,0,0,2,459
2020-05-31,BZ,0,1,11,842
2020-05-31,CAL,0,0,7,940
2020-05-31,EMR,7,31,140,4109
2020-05-31,FVG,0,2,29,2402
2020-05-31,LAZ,7,13,78,2086
2020-05-31,LIG,6,12,118,1471
2020-05-31,LOM,33,210,990,12427
2020-05-31,MAR,0,3,12,1150
2020-05-31,MOL,0,0,11,260
2020-05-31,PIE,9,54,174,3305
2020-05-31,PUG,4,4,45,1887
2020-05-31,SAR,0,0,1,716
2020-05-31,SIC,1,1,13,1183
2020-05-31,TN,0,1,63,1993
2020-05-31,TOS,4,4,55,2649
2020-05-31,UMB,0,0,0,530
2020-05-31,VDA,0,1,3,231
2020-05-31,VEN,2,6,116,9617
2020-06-01,ABR,3,1,29,1272
2020-06-01,BAS,0,0,1,76
2020-06-01,BZ,0,1,5,874
2020-06-01,CAL,0,0,9,618
2020-06-01,EMR,10,19,104,3876
2020-06-01,FVG,2,1,11,1053
2020-06-01,LAZ,4,10,95,2089
2020-06-01,LIG,2,56,112,1424
2020-06-01,LOM,19,50,166,3572
2020-06-01,MAR,0,0,11,360
2020-06-01,MOL,0,0,10,188
2020-06-01,PIE,9,21,111,2343
2020-06-01,PUG,2,4,24,998
2020-06-01,SAR,1,1,24,391
2020-06-01,SIC,0,0,19,1132
2020-06-01,TN,0,2,13,677
2020-06-01,TOS,7,3,25,1755
2020-06-01,UMB,0,0,0,188
2020-06-01,VDA,0,3,1,27
2020-06-01,VEN,0,2,34,6166
2020-06-02,ABR,5,4,0,968
2020-06-02,BAS,0,0,4,468
2020-06-02,BZ,0,0,3,522
2020-06-02,CAL,0,0,23,725
2020-06-02,EMR,12,19,163,4271
2020-06-02,FVG,1,2,23,1093
2020-06-02,LAZ,2,5,50,2539
2020-06-02,LIG,1,15,79,1273
2020-06-02,LOM,12,187,781,8676
2020-06-02,MAR,0,4,5,974
2020-06-02,MOL,0,0,2,132
2020-06-02,PIE,8,57,283,3621
2020-06-02,PUG,2,0,102,1810
2020-06-02,SAR,0,0,6,537
2020-06-02,SIC,1,4,4,2231
2020-06-02,TN,1,0,9,552
2020-06-02,TOS,5,10,76,3333
2020-06-02,UMB,0,0,0,1028
2020-06-02,VDA,0,0,4,97
2020-06-02,VEN,3,8,70,14333
2020-06-03,ABR,1,3,9,464
2020-06-03,BAS,0,0,1,284
2020-06-03,BZ,0,0,0,322
2020-06-03,CAL,0,0,2,620
2020-06-03,EMR,11,14,76,3001
2020-06-03,FVG,0,0,11,1726
2020-06-03,LAZ,6,10,33,2359
2020-06-03,LIG,5,17,44,946
2020-06-03,LOM,29,237,239,11355
2020-06-03,MAR,0,1,17,711
2020-06-03,MOL,0,0,6,172
2020-06-03,PIE,14,19,147,2109
2020-06-03,PUG,3,1,13,1046
2020-06-03,SAR,0,0,9,381
2020-06-03,SIC,0,0,86,1456
2020-06-03,TN,0,1,62,1234
2020-06-03,TOS,2,4,40,1989
2020-06-03,UMB,0,0,0,232
2020-06-03,VDA,0,0,0,86
2020-06-03,VEN,0,2,18,4786
2020-06-04,ABR,1,3,34,1364
2020-06-04,BAS,0,0,3,388
2020-06-04,BZ,1,0,7,548
2020-06-04,CAL,0,0,8,835
2020-06-04,EMR,7,18,162,5080
2020-06-04,FVG,0,3,23,692
2020-06-04,LAZ,3,11,72,2919
2020-06-04,LIG,6,21,135,1581
2020-06-04,LOM,29,84,55,3410
2020-06-04,MAR,1,3,9,4398
2020-06-04,MOL,1,0,1,138
2020-06-04,PIE,12,24,142,4035
2020-06-04,PUG,3,4,70,2543
2020-06-04,SAR,0,0,38,951
2020-06-04,SIC,1,0,0,2995
2020-06-04,TN,1,0,14,610
2020-06-04,TOS,4,1,87,3595
2020-06-04,UMB,0,0,0,1203
2020-06-04,VDA,0,0,3,99
2020-06-04,VEN,13,4,59,11422
2020-06-05,ABR,0,2,36,1252
2020-06-05,BAS,0,0,2,389
2020-06-05,BZ,0,1,12,953
2020-06-05,CAL,0,1,6,1114
2020-06-05,EMR,13,17,180,5436
2020-06-05,FVG,2,1,32,3304
2020-06-05,LAZ,4,9,49,3181
2020-06-05,LIG,7,14,157,1742
2020-06-05,LOM,21,402,752,19389
2020-06-05,MAR,1,2,11,1354
2020-06-05,MOL,0,0,3,307
2020-06-05,PIE,17,49,219,4573
2020-06-05,PUG,7,4,118,2471
2020-06-05,SAR,0,2,43,1238
2020-06-05,SIC,0,1,8,2771
2020-06-05,TN,0,0,84,1285
2020-06-05,TOS,4,7,29,3746
2020-06-05,UMB,0,0,2,938
2020-06-05,VDA,0,0,0,75
2020-06-05,VEN,4,6,92,7025
2020-06-06,ABR,3,1,15,1360
2020-06-06,BAS,0,0,1,397
2020-06-06,BZ,0,1,2,1112
2020-06-06,CAL,0,0,6,1104
2020-06-06,EMR,4,17,109,4000
2020-06-06,FVG,0,3,22,4092
2020-06-06,LAZ,4,28,37,3101
2020-06-06,LIG,6,13,6,1558
2020-06-06,LOM,27,142,469,13696
2020-06-06,MAR,2,2,98,1309
2020-06-06,MOL,0,0,1,954
2020-06-06,PIE,7,38,233,4362
2020-06-06,PUG,1,4,91,2378
2020-06-06,SAR,0,3,10,1351
2020-06-06,SIC,0,2,8,2793
2020-06-06,TN,0,1,20,1243
2020-06-06,TOS,5,5,72,2790
2020-06-06,UMB,0,0,1,1194
2020-06-06,VDA,1,2,-1,143
2020-06-06,VEN,11,8,62,20630
2020-06-07,ABR,0,7,7,688
2020-06-07,BAS,0,0,3,265
2020-06-07,BZ,0,3,6,1177
2020-06-07,CAL,0,0,0,852
2020-06-07,EMR,4,14,98,4806
2020-06-07,FVG,1,0,9,1335
2020-06-07,LAZ,2,11,16,2467
2020-06-07,LIG,7,13,8,1360
2020-06-07,LOM,21,125,183,8005
2020-06-07,MAR,0,3,39,989
2020-06-07,MOL,0,0,1,269
2020-06-07,PIE,7,10,208,3178
2020-06-07,PUG,3,0,22,2033
2020-06-07,SAR,0,0,1,1027
2020-06-07,SIC,1,1,4,1553
2020-06-07,TN,0,1,23,1479
2020-06-07,TOS,2,1,34,2808
2020-06-07,UMB,0,1,0,843
2020-06-07,VDA,0,2,5,175
2020-06-07,VEN,5,1,75,11675
2020-06-08,ABR,0,0,21,695
2020-06-08,BAS,0,0,1,573
2020-06-08,BZ,0,1,1,502
2020-06-08,CAL,0,0,14,359
2020-06-08,EMR,4,20,62,5010
2020-06-08,FVG,1,1,7,357
2020-06-08,LAZ,3,16,88,1756
2020-06-08,LIG,6,14,3,1163
2020-06-08,LOM,32,194,263,4488
2020-06-08,MAR,0,2,86,581
2020-06-08,MOL,0,0,1,175
2020-06-08,PIE,13,14,97,1570
2020-06-08,PUG,0,1,36,1233
2020-06-08,SAR,0,0,3,338
2020-06-08,SIC,1,1,9,708
2020-06-08,TN,0,1,2,187
2020-06-08,TOS,4,9,34,1600
2020-06-08,UMB,0,0,0,234
2020-06-08,VDA,0,0,1,5
2020-06-08,VEN,1,4,8,4443
2020-06-09,ABR,33,1,33,985
2020-06-09,BAS,0,1,0,465
2020-06-09,BZ,0,0,2,395
2020-06-09,CAL,0,0,9,715
2020-06-09,EMR,6,18,138,6523
2020-06-09,FVG,0,0,16,859
2020-06-09,LAZ,3,23,65,3687
2020-06-09,LIG,4,8,3,1481
2020-06-09,LOM,15,192,1199,9848
2020-06-09,MAR,1,0,82,1200
2020-06-09,MOL,0,2,1,196
2020-06-09,PIE,7,21,209,3846
2020-06-09,PUG,1,0,84,2461
2020-06-09,SAR,0,-1,1,762
2020-06-09,SIC,0,2,2,2869
2020-06-09,TN,0,3,3,702
2020-06-09,TOS,3,1,91,3386
2020-06-09,UMB,0,3,3,1014
2020-06-09,VDA,0,0,0,130
2020-06-09,VEN,6,4,74,11850
2020-06-10,ABR,2,0,15,1382
2020-06-10,BAS,0,0,3,366
2020-06-10,BZ,0,0,1,752
2020-06-10,CAL,0,0,14,958
2020-06-10,EMR,7,24,112,7793
2020-06-10,FVG,1,2,16,3977
2020-06-10,LAZ,4,18,18,4058
2020-06-10,LIG,4,20,20,2132
2020-06-10,LOM,32,99,507,9305
2020-06-10,MAR,0,3,48,810
2020-06-10,MOL,0,1,1,213
2020-06-10,PIE,15,26,310,4967
2020-06-10,PUG,3,0,53,2752
2020-06-10,SAR,0,0,4,903
2020-06-10,SIC,0,1,1,2822
2020-06-10,TN,0,0,1,1212
2020-06-10,TOS,1,3,91,3399
2020-06-10,UMB,0,1,2,939
2020-06-10,VDA,0,0,2,101
2020-06-10,VEN,0,3,42,11218
2020-06-11,ABR,0,1,12,1484
2020-06-11,BAS,0,1,0,406
2020-06-11,BZ,0,2,-3,702
2020-06-11,CAL,0,2,4,851
2020-06-11,EMR,0,25,86,9942
2020-06-11,FVG,1,1,1,897
2020-06-11,LAZ,6,20,63,4258
2020-06-11,LIG,1,10,4,1631
2020-06-11,LOM,25,252,744,13376
2020-06-11,MAR,0,1,46,1400
2020-06-11,MOL,0,0,4,335
2020-06-11,PIE,12,42,219,4220
2020-06-11,PUG,1,1,90,2945
2020-06-11,SAR,0,1,8,958
2020-06-11,SIC,1,0,3,3045
2020-06-11,TN,0,2,11,1230
2020-06-11,TOS,1,10,27,3147
2020-06-11,UMB,0,0,2,868
2020-06-11,VDA,0,0,0,127
2020-06-11,VEN,3,5,45,7129
2020-06-12,ABR,0,4,15,1173
2020-06-12,BAS,0,0,0,420
2020-06-12,BZ,-1,2,1,753
2020-06-12,CAL,0,0,5,1038
2020-06-12,EMR,4,33,212,8319
2020-06-12,FVG,0,3,7,4146
2020-06-12,LAZ,5,27,317,3981
2020-06-12,LIG,2,7,6,1666
2020-06-12,LOM,31,272,557,14837
2020-06-12,MAR,1,1,152,1325
2020-06-12,MOL,0,0,2,402
2020-06-12,PIE,8,31,309,3207
2020-06-12,PUG,2,2,28,2522
2020-06-12,SAR,0,1,2,936
2020-06-12,SIC,0,0,8,1804
2020-06-12,TN,0,2,5,1431
2020-06-12,TOS,1,7,17,3055
2020-06-12,UMB,0,0,2,956
2020-06-12,VDA,0,0,-3,106
2020-06-12,VEN,3,0,70,14815
2020-06-13,ABR,1,4,22,1601
2020-06-13,BAS,0,0,1,304
2020-06-13,BZ,0,2,8,876
2020-06-13,CAL,0,1,3,1192
2020-06-13,EMR,3,28,115,7363
2020-06-13,FVG,1,6,8,961
2020-06-13,LAZ,25,25,865,2785
2020-06-13,LIG,2,4,7,1551
2020-06-13,LOM,23,210,426,9474
2020-06-13,MAR,0,2,75,1263
2020-06-13,MOL,0,0,17,383
2020-06-13,PIE,10,40,107,4059
2020-06-13,PUG,0,0,17,2061
2020-06-13,SAR,1,0,7,1010
2020-06-13,SIC,0,1,0,2086
2020-06-13,TN,0,3,1,1738
2020-06-13,TOS,2,7,13,2831
2020-06-13,UMB,0,0,3,965
2020-06-13,VDA,0,0,2,102
2020-06-13,VEN,10,13,74,3030
2020-06-14,ABR,2,4,0,1105
2020-06-14,BAS,0,0,0,458
2020-06-14,BZ,0,3,3,460
2020-06-14,CAL,0,0,1,726
2020-06-14,EMR,5,17,102,6137
2020-06-14,FVG,0,0,2,1954
2020-06-14,LAZ,2,14,47,2961
2020-06-14,LIG,3,4,2,834
2020-06-14,LOM,21,244,1019,9336
2020-06-14,MAR,0,4,55,1046
2020-06-14,MOL,0,0,23,350
2020-06-14,PIE,6,30,196,2842
2020-06-14,PUG,0,0,4,1344
2020-06-14,SAR,0,0,1,690
2020-06-14,SIC,0,1,6,1119
2020-06-14,TN,0,1,5,1772
2020-06-14,TOS,3,8,8,2577
2020-06-14,UMB,1,0,0,821
2020-06-14,VDA,0,0,0,121
2020-06-14,VEN,1,7,12,14250
2020-06-15,ABR,0,0,25,255
2020-06-15,BAS,0,0,0,94
2020-06-15,BZ,1,-2,-2,150
2020-06-15,CAL,0,0,7,411
2020-06-15,EMR,3,11,145,3945
2020-06-15,FVG,0,0,4,1121
2020-06-15,LAZ,3,3,30,1975
2020-06-15,LIG,4,8,1,1208
2020-06-15,LOM,8,259,264,6637
2020-06-15,MAR,0,4,13,266
2020-06-15,MOL,0,0,4,280
2020-06-15,PIE,0,2,46,1229
2020-06-15,PUG,2,1,7,1378
2020-06-15,SAR,0,0,0,365
2020-06-15,SIC,1,1,32,889
2020-06-15,TN,1,1,0,396
2020-06-15,TOS,3,8,15,1582
2020-06-15,UMB,0,0,2,259
2020-06-15,VDA,0,0,-5,53
2020-06-15,VEN,0,1,18,4524
2020-06-16,ABR,1,1,18,1174
2020-06-16,BAS,0,0,1,433
2020-06-16,BZ,0,0,1,316
2020-06-16,CAL,0,0,1,889
2020-06-16,EMR,2,13,106,6200
2020-06-16,FVG,0,1,1,495
2020-06-16,LAZ,3,9,169,2715
2020-06-16,LIG,4,4,4,1336
2020-06-16,LOM,9,143,877,7044
2020-06-16,MAR,1,1,16,1030
2020-06-16,MOL,0,0,5,243
2020-06-16,PIE,6,29,177,3654
2020-06-16,PUG,1,0,56,2855
2020-06-16,SAR,0,2,2,1068
2020-06-16,SIC,0,2,1,2187
2020-06-16,TN,0,0,2,390
2020-06-16,TOS,3,3,26,3129
2020-06-16,UMB,0,1,1,1200
2020-06-16,VDA,0,0,2,114
2020-06-16,VEN,4,1,34,9128
2020-06-17,ABR,0,1,31,1517
2020-06-17,BAS,0,0,0,345
2020-06-17,BZ,0,0,6,569
2020-06-17,CAL,0,0,3,984
2020-06-17,EMR,6,14,68,9546
2020-06-17,FVG,0,2,2,3624
2020-06-17,LAZ,4,10,96,3601
2020-06-17,LIG,3,5,0,1621
2020-06-17,LOM,14,242,489,11559
2020-06-17,MAR,0,1,17,1120
2020-06-17,MOL,0,1,4,267
2020-06-17,PIE,8,41,98,4217
2020-06-17,PUG,1,0,28,2661
2020-06-17,SAR,0,1,3,1250
2020-06-17,SIC,0,2,3,1898
2020-06-17,TN,0,1,7,1145
2020-06-17,TOS,1,2,20,3800
2020-06-17,UMB,0,0,0,1076
2020-06-17,VDA,0,0,2,154
2020-06-17,VEN,5,4,37,11202
2020-06-18,ABR,1,0,3,1155
2020-06-18,BAS,0,0,0,371
2020-06-18,BZ,0,2,4,724
2020-06-18,CAL,0,3,1,957
2020-06-18,EMR,4,32,92,8621
2020-06-18,FVG,0,2,4,1421
2020-06-18,LAZ,4,9,47,3263
2020-06-18,LIG,4,7,1,1505
2020-06-18,LOM,36,216,505,11475
2020-06-18,MAR,0,4,12,1569
2020-06-18,MOL,0,0,2,349
2020-06-18,PIE,6,31,120,3230
2020-06-18,PUG,2,3,19,2439
2020-06-18,SAR,0,1,1,1270
2020-06-18,SIC,0,2,170,1841
2020-06-18,TN,0,8,7,1525
2020-06-18,TOS,1,2,7,3174
2020-06-18,UMB,0,0,2,1075
2020-06-18,VDA,1,0,1,139
2020-06-18,VEN,7,8,74,10603
2020-06-19,ABR,1,-1,25,1035
2020-06-19,BAS,0,0,2,323
2020-06-19,BZ,0,2,12,626
2020-06-19,CAL,0,0,1,1051
2020-06-19,EMR,5,27,84,7950
2020-06-19,FVG,0,2,14,2624
2020-06-19,LAZ,4,9,14,3539
2020-06-19,LIG,4,7,0,1523
2020-06-19,LOM,18,157,741,10464
2020-06-19,MAR,0,0,17,1041
2020-06-19,MOL,0,1,8,219
2020-06-19,PIE,7,26,131,4310
2020-06-19,PUG,0,1,52,2246
2020-06-19,SAR,0,1,2,1124
2020-06-19,SIC,0,-394,93,1616
2020-06-19,TN,1,1,3,1198
2020-06-19,TOS,2,10,23,2703
2020-06-19,UMB,0,1,0,1107
2020-06-19,VDA,1,0,1,126
2020-06-19,VEN,4,2,23,10729
2020-06-20,ABR,0,1,4,1044
2020-06-20,BAS,0,0,0,270
2020-06-20,BZ,0,3,2,753
2020-06-20,CAL,0,2,6,1019
2020-06-20,EMR,6,28,34,6315
2020-06-20,FVG,1,1,2,1838
2020-06-20,LAZ,1,14,14,3401
2020-06-20,LIG,5,10,4,1481
2020-06-20,LOM,23,165,276,9314
2020-06-20,MAR,0,0,21,1070
2020-06-20,MOL,0,0,0,238
2020-06-20,PIE,6,27,111,3008
2020-06-20,PUG,2,5,38,1834
2020-06-20,SAR,0,1,3,1371
2020-06-20,SIC,0,0,10,2069
2020-06-20,TN,0,0,5,1704
2020-06-20,TOS,0,2,11,2761
2020-06-20,UMB,1,0,-1,1096
2020-06-20,VDA,0,2,0,114
2020-06-20,VEN,4,3,6,12104
2020-06-21,ABR,0,0,1,1083
2020-06-21,BAS,0,0,0,330
2020-06-21,BZ,0,4,5,530
2020-06-21,CAL,0,6,0,643
2020-06-21,EMR,1,23,57,4238
2020-06-21,FVG,0,1,6,2705
2020-06-21,LAZ,0,8,4,2155
2020-06-21,LIG,4,7,5,1268
2020-06-21,LOM,13,128,183,7825
2020-06-21,MAR,0,0,12,1309
2020-06-21,MOL,0,0,13,215
2020-06-21,PIE,6,26,95,2496
2020-06-21,PUG,0,2,0,1240
2020-06-21,SAR,0,0,0,869
2020-06-21,SIC,0,2,1,1104
2020-06-21,TN,0,5,3,1446
2020-06-21,TOS,0,3,52,2627
2020-06-21,UMB,0,0,2,720
2020-06-21,VDA,0,0,1,95
2020-06-21,VEN,0,7,-1,6085
2020-06-22,ABR,1,1,9,164
2020-06-22,BAS,0,0,0,65
2020-06-22,BZ,0,11,-3,222
2020-06-22,CAL,0,1,4,437
2020-06-22,EMR,4,22,36,2138
2020-06-22,FVG,0,0,6,1054
2020-06-22,LAZ,3,8,51,1317
2020-06-22,LIG,3,8,3,932
2020-06-22,LOM,3,143,345,7776
2020-06-22,MAR,0,6,28,522
2020-06-22,MOL,0,3,0,96
2020-06-22,PIE,4,7,46,1459
2020-06-22,PUG,0,0,4,1038
2020-06-22,SAR,0,0,0,293
2020-06-22,SIC,0,0,0,1096
2020-06-22,TN,0,1,1,769
2020-06-22,TOS,4,1,2,1578
2020-06-22,UMB,0,0,2,205
2020-06-22,VDA,0,0,0,847
2020-06-22,VEN,1,2,-1,5614
2020-06-23,ABR,0,0,3,1104
2020-06-23,BAS,0,0,0,243
2020-06-23,BZ,0,0,0,453
2020-06-23,CAL,0,1,6,854
2020-06-23,EMR,1,17,81,4608
2020-06-23,FVG,0,0,1,764
2020-06-23,LAZ,2,8,65,2760
2020-06-23,LIG,1,4,-2,1115
2020-06-23,LOM,6,62,791,6986
2020-06-23,MAR,0,1,13,840
2020-06-23,MOL,0,0,0,150
2020-06-23,PIE,4,6,102,3272
2020-06-23,PUG,2,2,28,2658
2020-06-23,SAR,0,-9,4,750
2020-06-23,SIC,0,1,10,2797
2020-06-23,TN,0,1,3,608
2020-06-23,TOS,1,6,28,3478
2020-06-23,UMB,0,0,1,1117
2020-06-23,VDA,0,0,0,0
2020-06-23,VEN,1,3,23,5744
2020-06-24,ABR,1,1,13,942
2020-06-24,BAS,0,0,1,274
2020-06-24,BZ,0,1,0,479
2020-06-24,CAL,0,0,0,1036
2020-06-24,EMR,9,44,50,6012
2020-06-24,FVG,0,0,14,2263
2020-06-24,LAZ,1,6,22,2151
2020-06-24,LIG,2,1,-7,1216
2020-06-24,LOM,7,88,757,9099
2020-06-24,MAR,0,4,26,1501
2020-06-24,MOL,0,0,0,363
2020-06-24,PIE,7,22,155,3683
2020-06-24,PUG,1,0,12,2790
2020-06-24,SAR,0,1,1,1320
2020-06-24,SIC,0,1,1,2344
2020-06-24,TN,-61,387,447,1405
2020-06-24,TOS,1,5,11,3866
2020-06-24,UMB,1,1,1,1007
2020-06-24,VDA,0,1,0,111
2020-06-24,VEN,0,3,18,9233
2020-06-25,ABR,0,1,8,896
2020-06-25,BAS,0,0,0,374
2020-06-25,BZ,0,0,3,830
2020-06-25,CAL,0,0,0,1021
2020-06-25,EMR,4,47,49,7838
2020-06-25,FVG,1,0,3,2245
2020-06-25,LAZ,2,12,17,2159
2020-06-25,LIG,1,14,15,1562
2020-06-25,LOM,22,170,383,9832
2020-06-25,MAR,-3,2,16,1385
2020-06-25,MOL,0,0,7,227
2020-06-25,PIE,5,20,64,3558
2020-06-25,PUG,0,1,5,1896
2020-06-25,SAR,0,1,2,973
2020-06-25,SIC,0,2,4,2266
2020-06-25,TN,0,3,3,1442
2020-06-25,TOS,0,2,8,3065
2020-06-25,UMB,0,0,1,994
2020-06-25,VDA,0,0,1,148
2020-06-25,VEN,2,4,24,11367
2020-06-26,ABR,0,1,14,792
2020-06-26,BAS,0,0,0,429
2020-06-26,BZ,0,0,2,594
2020-06-26,CAL,0,3,1,1165
2020-06-26,EMR,3,42,63,4491
2020-06-26,FVG,0,2,7,2846
2020-06-26,LAZ,1,13,58,2423
2020-06-26,LIG,0,4,-1,1197
2020-06-26,LOM,16,156,492,14101
2020-06-26,MAR,0,2,55,940
2020-06-26,MOL,0,1,8,516
2020-06-26,PIE,6,15,105,3940
2020-06-26,PUG,0,1,21,1684
2020-06-26,SAR,0,0,2,1124
2020-06-26,SIC,1,0,0,2291
2020-06-26,TN,0,4,4,1463
2020-06-26,TOS,2,2,10,2781
2020-06-26,UMB,0,1,1,872
2020-06-26,VDA,0,0,1,93
2020-06-26,VEN,1,5,44,7612
2020-06-27,ABR,0,0,21,1165
2020-06-27,BAS,0,0,0,311
2020-06-27,BZ,0,2,0,599
2020-06-27,CAL,0,1,0,924
2020-06-27,EMR,0,42,45,4368
2020-06-27,FVG,0,0,6,1827
2020-06-27,LAZ,1,18,6,2525
2020-06-27,LIG,1,5,0,1487
2020-06-27,LOM,2,77,723,9568
2020-06-27,MAR,0,2,52,1175
2020-06-27,MOL,0,0,3,225
2020-06-27,PIE,3,11,90,2715
2020-06-27,PUG,0,0,6,1454
2020-06-27,SAR,0,1,0,805
2020-06-27,SIC,0,1,0,2348
2020-06-27,TN,0,1,2,1638
2020-06-27,TOS,0,12,8,3220
2020-06-27,UMB,1,0,-1,867
2020-06-27,VDA,0,0,0,47
2020-06-27,VEN,0,2,7,20932
2020-06-28,ABR,1,1,53,787
2020-06-28,BAS,0,0,5,137
2020-06-28,BZ,0,1,3,405
2020-06-28,CAL,0,1,6,480
2020-06-28,EMR,1,21,19,3421
2020-06-28,FVG,0,1,5,1130
2020-06-28,LAZ,0,14,0,2253
2020-06-28,LIG,1,4,-1,955
2020-06-28,LOM,13,97,129,8119
2020-06-28,MAR,0,0,37,995
2020-06-28,MOL,0,0,0,166
2020-06-28,PIE,5,14,17,1977
2020-06-28,PUG,0,0,1,1546
2020-06-28,SAR,0,1,0,831
2020-06-28,SIC,0,0,0,1308
2020-06-28,TN,0,3,0,1026
2020-06-28,TOS,0,5,0,2893
2020-06-28,UMB,0,0,1,715
2020-06-28,VDA,0,0,0,74
2020-06-28,VEN,1,11,32,6593
2020-06-29,ABR,0,1,3,264
2020-06-29,BAS,0,1,0,156
2020-06-29,BZ,0,2,2,284
2020-06-29,CAL,0,0,0,318
2020-06-29,EMR,2,16,24,2721
2020-06-29,FVG,0,0,2,719
2020-06-29,LAZ,0,9,10,1899
2020-06-29,LIG,0,7,2,791
2020-06-29,LOM,1,78,201,7991
2020-06-29,MAR,0,0,46,268
2020-06-29,MOL,0,0,0,75
2020-06-29,PIE,2,2,5,1126
2020-06-29,PUG,0,0,1,843
2020-06-29,SAR,0,0,0,296
2020-06-29,SIC,0,1,4,1058
2020-06-29,TN,0,0,1,103
2020-06-29,TOS,1,5,0,1440
2020-06-29,UMB,0,0,0,233
2020-06-29,VDA,0,0,1,86
2020-06-29,VEN,0,3,1,4861
2020-06-30,ABR,2,0,83,831
2020-06-30,BAS,0,0,0,337
2020-06-30,BZ,0,0,1,443
2020-06-30,CAL,0,1,0,924
2020-06-30,EMR,5,20,37,6093
2020-06-30,FVG,0,0,-9,2455
2020-06-30,LAZ,0,5,9,2284
2020-06-30,LIG,0,3,0,1254
2020-06-30,LOM,4,62,821,6117
2020-06-30,MAR,0,0,8,955
2020-06-30,MOL,0,0,1,186
2020-06-30,PIE,3,11,75,3318
2020-06-30,PUG,2,0,14,2440
2020-06-30,SAR,1,2,1,961
2020-06-30,SIC,1,2,0,2521
2020-06-30,TN,0,0,3,1147
2020-06-30,TOS,0,2,0,2912
2020-06-30,UMB,0,1,0,1108
2020-06-30,VDA,0,1,0,115
2020-06-30,VEN,4,8,4,8595
2020-07-01,ABR,0,2,29,697
2020-07-01,BAS,0,0,1,156
2020-07-01,BZ,0,3,3,674
2020-07-01,CAL,0,0,1,832
2020-07-01,EMR,4,16,20,3882
2020-07-01,FVG,0,4,-7,2151
2020-07-01,LAZ,2,9,11,3048
2020-07-01,LIG,0,5,5,1429
2020-07-01,LOM,6,109,225,8427
2020-07-01,MAR,-4,1,23,1210
2020-07-01,MOL,0,0,0,226
2020-07-01,PIE,1,16,85,4034
2020-07-01,PUG,0,-1,16,2413
2020-07-01,SAR,0,0,3,1130
2020-07-01,SIC,0,1,3,2425
2020-07-01,TN,0,1,4,1259
2020-07-01,TOS,2,4,8,4055
2020-07-01,UMB,0,0,0,975
2020-07-01,VDA,0,0,1,151
2020-07-01,VEN,10,3,37,13327
2020-07-02,ABR,0,3,13,1185
2020-07-02,BAS,0,0,0,254
2020-07-02,BZ,0,0,0,577
2020-07-02,CAL,0,0,1,988
2020-07-02,EMR,1,27,25,4862
2020-07-02,FVG,0,2,-4,2289
2020-07-02,LAZ,0,11,12,2799
2020-07-02,LIG,0,2,1,1325
2020-07-02,LOM,21,98,188,9440
2020-07-02,MAR,0,3,13,1343
2020-07-02,MOL,0,0,4,229
2020-07-02,PIE,5,13,62,3356
2020-07-02,PUG,0,0,3,2049
2020-07-02,SAR,0,2,0,812
2020-07-02,SIC,0,9,1,2821
2020-07-02,TN,0,1,2,1290
2020-07-02,TOS,3,4,0,3218
2020-07-02,UMB,0,3,2,1096
2020-07-02,VDA,0,0,0,65
2020-07-02,VEN,0,20,41,11821
2020-07-03,ABR,0,6,10,828
2020-07-03,BAS,0,2,0,292
2020-07-03,BZ,0,0,1,515
2020-07-03,CAL,0,1,1,938
2020-07-03,EMR,2,27,17,4403
2020-07-03,FVG,0,4,-2,2580
2020-07-03,LAZ,1,11,15,2357
2020-07-03,LIG,0,3,1,1414
2020-07-03,LOM,4,115,261,9758
2020-07-03,MAR,0,0,11,1072
2020-07-03,MOL,0,0,0,147
2020-07-03,PIE,4,16,36,2405
2020-07-03,PUG,0,3,3,2036
2020-07-03,SAR,0,1,0,1153
2020-07-03,SIC,0,1,0,2830
2020-07-03,TN,0,6,6,1342
2020-07-03,TOS,3,9,7,2744
2020-07-03,UMB,0,2,3,790
2020-07-03,VDA,0,1,0,97
2020-07-03,VEN,1,5,11,9954
2020-07-04,ABR,0,7,4,1016
2020-07-04,BAS,0,0,0,229
2020-07-04,BZ,0,3,1,618
2020-07-04,CAL,0,1,0,1084
2020-07-04,EMR,0,51,25,5513
2020-07-04,FVG,0,8,3,2232
2020-07-04,LAZ,1,31,2,2394
2020-07-04,LIG,0,4,4,1564
2020-07-04,LOM,16,95,330,10160
2020-07-04,MAR,0,0,24,1066
2020-07-04,MOL,0,0,0,137
2020-07-04,PIE,2,11,67,2538
2020-07-04,PUG,0,3,1,1820
2020-07-04,SAR,0,0,1,710
2020-07-04,SIC,0,3,0,2694
2020-07-04,TN,0,2,0,1483
2020-07-04,TOS,2,9,6,2618
2020-07-04,UMB,0,1,2,909
2020-07-04,VDA,0,0,0,74
2020-07-04,VEN,0,4,6,11660
2020-07-05,ABR,0,4,0,673
2020-07-05,BAS,0,0,0,0
2020-07-05,BZ,0,2,2,680
2020-07-05,CAL,0,0,0,531
2020-07-05,EMR,1,24,31,3011
2020-07-05,FVG,0,0,0,781
2020-07-05,LAZ,0,14,7,2345
2020-07-05,LIG,0,8,2,1173
2020-07-05,LOM,6,98,73,8772
2020-07-05,MAR,0,1,10,998
2020-07-05,MOL,0,0,0,130
2020-07-05,PIE,0,18,18,2710
2020-07-05,PUG,0,0,1,1673
2020-07-05,SAR,0,1,2,309
2020-07-05,SIC,0,0,0,1369
2020-07-05,TN,0,0,6,1197
2020-07-05,TOS,0,9,3,2804
2020-07-05,UMB,0,0,0,796
2020-07-05,VDA,0,0,-1,57
2020-07-05,VEN,0,8,8,5605
2020-07-06,ABR,0,0,7,74
2020-07-06,BAS,0,0,0,245
2020-07-06,BZ,0,0,2,156
2020-07-06,CAL,0,0,0,238
2020-07-06,EMR,0,38,3,2371
2020-07-06,FVG,0,0,2,663
2020-07-06,LAZ,1,19,9,2298
2020-07-06,LIG,0,2,2,575
2020-07-06,LOM,3,111,61,5855
2020-07-06,MAR,0,0,5,270
2020-07-06,MOL,0,0,0,87
2020-07-06,PIE,2,6,13,1461
2020-07-06,PUG,0,0,17,727
2020-07-06,SAR,1,1,2,245
2020-07-06,SIC,0,1,0,966
2020-07-06,TN,0,0,5,143
2020-07-06,TOS,0,2,0,1313
2020-07-06,UMB,0,0,0,202
2020-07-06,VDA,0,0,0,100
2020-07-06,VEN,1,1,4,3402
2020-07-07,ABR,0,0,3,737
2020-07-07,BAS,0,0,0,295
2020-07-07,BZ,0,1,1,382
2020-07-07,CAL,0,1,0,1032
2020-07-07,EMR,1,31,34,6626
2020-07-07,FVG,0,1,0,2102
2020-07-07,LAZ,0,5,2,2029
2020-07-07,LIG,0,2,6,1465
2020-07-07,LOM,13,53,458,3380
2020-07-07,MAR,0,1,5,790
2020-07-07,MOL,0,0,3,184
2020-07-07,PIE,3,5,37,3074
2020-07-07,PUG,1,-1,12,2350
2020-07-07,SAR,0,0,-3,923
2020-07-07,SIC,0,1,0,2607
2020-07-07,TN,0,3,0,568
2020-07-07,TOS,2,19,10,2685
2020-07-07,UMB,0,0,1,1162
2020-07-07,VDA,0,0,0,62
2020-07-07,VEN,10,14,3,9422
2020-07-08,ABR,0,1,9,889
2020-07-08,BAS,0,1,0,228
2020-07-08,BZ,0,2,2,688
2020-07-08,CAL,0,1,0,905
2020-07-08,EMR,0,49,38,4877
2020-07-08,FVG,0,4,-6,1827
2020-07-08,LAZ,0,14,13,2002
2020-07-08,LIG,0,3,1,1328
2020-07-08,LOM,12,71,673,10675
2020-07-08,MAR,0,3,4,1010
2020-07-08,MOL,0,0,1,163
2020-07-08,PIE,0,25,58,3415
2020-07-08,PUG,0,1,2,2438
2020-07-08,SAR,0,0,3,840
2020-07-08,SIC,1,1,13,2456
2020-07-08,TN,0,0,3,583
2020-07-08,TOS,2,7,3,3715
2020-07-08,UMB,0,0,1,1054
2020-07-08,VDA,0,0,0,183
2020-07-08,VEN,0,7,6,9249
2020-07-09,ABR,0,8,6,753
2020-07-09,BAS,0,0,0,426
2020-07-09,BZ,0,3,2,615
2020-07-09,CAL,0,0,0,943
2020-07-09,EMR,0,14,19,5343
2020-07-09,FVG,0,1,8,2228
2020-07-09,LAZ,1,28,12,2535
2020-07-09,LIG,0,4,13,1472
2020-07-09,LOM,5,119,217,11812
2020-07-09,MAR,0,4,15,1179
2020-07-09,MOL,0,0,2,186
2020-07-09,PIE,1,16,31,3427
2020-07-09,PUG,0,0,4,2313
2020-07-09,SAR,0,0,0,968
2020-07-09,SIC,0,1,0,2612
2020-07-09,TN,0,0,4,1574
2020-07-09,TOS,2,1,3,3071
2020-07-09,UMB,0,0,0,1031
2020-07-09,VDA,0,0,0,194
2020-07-09,VEN,3,10,1,8283
2020-07-10,ABR,0,3,2,883
2020-07-10,BAS,0,0,0,217
2020-07-10,BZ,0,5,3,634
2020-07-10,CAL,0,1,2,997
2020-07-10,EMR,0,53,6,4182
2020-07-10,FVG,0,1,-2,2353
2020-07-10,LAZ,1,23,10,2470
2020-07-10,LIG,0,15,29,1563
2020-07-10,LOM,6,135,145,11505
2020-07-10,MAR,0,1,6,805
2020-07-10,MOL,0,0,0,146
2020-07-10,PIE,2,10,57,2766
2020-07-10,PUG,0,4,6,2018
2020-07-10,SAR,0,1,1,866
2020-07-10,SIC,0,0,4,1916
2020-07-10,TN,0,3,9,1226
2020-07-10,TOS,1,2,8,2685
2020-07-10,UMB,0,1,0,786
2020-07-10,VDA,0,0,0,81
2020-07-10,VEN,2,11,7,8346
2020-07-11,ABR,0,2,3,831
2020-07-11,BAS,0,1,1,281
2020-07-11,BZ,0,3,7,709
2020-07-11,CAL,0,2,0,893
2020-07-11,EMR,0,47,41,4274
2020-07-11,FVG,0,2,1,1841
2020-07-11,LAZ,0,19,5,2564
2020-07-11,LIG,1,6,16,1527
2020-07-11,LOM,4,67,192,7055
2020-07-11,MAR,0,4,3,1020
2020-07-11,MOL,0,0,3,151
2020-07-11,PIE,1,9,14,2723
2020-07-11,PUG,0,1,2,1717
2020-07-11,SAR,0,0,1,891
2020-07-11,SIC,0,1,2,1891
2020-07-11,TN,0,2,1,823
2020-07-11,TOS,1,5,4,2470
2020-07-11,UMB,0,0,0,955
2020-07-11,VDA,0,0,2,82
2020-07-11,VEN,0,10,6,11281
2020-07-12,ABR,1,5,1,900
2020-07-12,BAS,0,0,0,0
2020-07-12,BZ,0,5,-1,746
2020-07-12,CAL,0,28,0,559
2020-07-12,EMR,0,71,10,2975
2020-07-12,FVG,0,0,0,1194
2020-07-12,LAZ,0,20,22,2585
2020-07-12,LIG,0,0,14,1028
2020-07-12,LOM,8,77,277,9545
2020-07-12,MAR,0,1,3,1051
2020-07-12,MOL,0,1,0,201
2020-07-12,PIE,0,4,15,1952
2020-07-12,PUG,0,0,0,1614
2020-07-12,SAR,0,0,0,405
2020-07-12,SIC,0,0,0,1516
2020-07-12,TN,0,0,2,1629
2020-07-12,TOS,0,1,0,2784
2020-07-12,UMB,0,2,1,647
2020-07-12,VDA,0,0,0,88
2020-07-12,VEN,0,16,6,5628
2020-07-13,ABR,1,0,6,57
2020-07-13,BAS,0,0,0,309
2020-07-13,BZ,0,7,0,174
2020-07-13,CAL,0,0,0,281
2020-07-13,EMR,0,18,5,2007
2020-07-13,FVG,0,0,-1,518
2020-07-13,LAZ,1,24,44,3001
2020-07-13,LIG,0,1,22,390
2020-07-13,LOM,9,94,78,6482
2020-07-13,MAR,0,0,8,361
2020-07-13,MOL,0,0,0,63
2020-07-13,PIE,1,6,10,1133
2020-07-13,PUG,1,0,2,837
2020-07-13,SAR,0,1,0,516
2020-07-13,SIC,0,1,1,780
2020-07-13,TN,0,0,0,97
2020-07-13,TOS,0,4,0,1581
2020-07-13,UMB,0,0,1,235
2020-07-13,VDA,0,0,0,102
2020-07-13,VEN,0,6,2,4479
2020-07-14,ABR,1,0,21,268
2020-07-14,BAS,0,0,0,288
2020-07-14,BZ,0,1,1,704
2020-07-14,CAL,0,0,0,861
2020-07-14,EMR,2,13,15,4911
2020-07-14,FVG,0,3,-3,1992
2020-07-14,LAZ,1,18,15,2564
2020-07-14,LIG,2,6,28,1330
2020-07-14,LOM,3,30,86,5636
2020-07-14,MAR,0,1,0,794
2020-07-14,MOL,0,0,4,165
2020-07-14,PIE,3,3,139,3841
2020-07-14,PUG,0,0,0,2661
2020-07-14,SAR,0,1,1,845
2020-07-14,SIC,0,15,1,2748
2020-07-14,TN,0,0,0,329
2020-07-14,TOS,3,4,25,2892
2020-07-14,UMB,0,0,0,1036
2020-07-14,VDA,0,0,-1,108
2020-07-14,VEN,2,19,2,6796
2020-07-15,ABR,0,3,0,809
2020-07-15,BAS,0,-1,-1,256
2020-07-15,BZ,0,3,1,959
2020-07-15,CAL,0,2,0,779
2020-07-15,EMR,0,18,37,3985
2020-07-15,FVG,0,1,-6,2670
2020-07-15,LAZ,1,20,15,2338
2020-07-15,LIG,0,4,2,1474
2020-07-15,LOM,5,63,475,10426
2020-07-15,MAR,0,0,3,1319
2020-07-15,MOL,0,0,0,162
2020-07-15,PIE,3,8,32,2840
2020-07-15,PUG,0,0,0,2496
2020-07-15,SAR,0,2,0,1123
2020-07-15,SIC,0,0,0,2040
2020-07-15,TN,0,0,2,1138
2020-07-15,TOS,2,8,4,3451
2020-07-15,UMB,0,2,0,1129
2020-07-15,VDA,0,0,2,117
2020-07-15,VEN,2,21,8,7092
2020-07-16,ABR,1,2,5,774
2020-07-16,BAS,0,0,0,293
2020-07-16,BZ,0,1,-2,767
2020-07-16,CAL,0,8,2,897
2020-07-16,EMR,0,46,18,4459
2020-07-16,FVG,0,4,0,2567
2020-07-16,LAZ,1,9,56,2572
2020-07-16,LIG,3,8,0,1464
2020-07-16,LOM,10,80,96,10727
2020-07-16,MAR,0,1,2,1220
2020-07-16,MOL,0,0,0,181
2020-07-16,PIE,0,7,26,3087
2020-07-16,PUG,1,1,0,2711
2020-07-16,SAR,0,1,2,807
2020-07-16,SIC,0,17,0,2295
2020-07-16,TN,0,0,6,1605
2020-07-16,TOS,0,12,10,2964
2020-07-16,UMB,0,0,0,847
2020-07-16,VDA,0,0,0,91
2020-07-16,VEN,4,29,8,8882
2020-07-17,ABR,0,1,2,753
2020-07-17,BAS,0,0,0,297
2020-07-17,BZ,0,4,3,806
2020-07-17,CAL,0,5,1,859
2020-07-17,EMR,2,52,20,5554
2020-07-17,FVG,0,3,4,2835
2020-07-17,LAZ,1,14,11,3103
2020-07-17,LIG,1,2,16,1509
2020-07-17,LOM,3,55,140,9911
2020-07-17,MAR,0,3,4,1031
2020-07-17,MOL,0,0,1,163
2020-07-17,PIE,1,8,19,2844
2020-07-17,PUG,0,5,3,1719
2020-07-17,SAR,0,0,1,1076
2020-07-17,SIC,0,4,0,2400
2020-07-17,TN,0,0,2,1319
2020-07-17,TOS,2,6,1,2666
2020-07-17,UMB,0,2,0,837
2020-07-17,VDA,0,0,0,108
2020-07-17,VEN,0,55,8,9272
