Date,group,Confirmed,Deaths,ICU,Recovered,TestedPositive,Tested
2020-01-31,VDA,0,0,NA,NA,NA,NA
2020-01-31,LIG,0,0,NA,NA,NA,NA
2020-01-31,PIE,0,0,NA,NA,NA,NA
2020-01-31,LOM,0,0,NA,NA,NA,NA
2020-01-31,VEN,0,0,NA,NA,NA,NA
2020-01-31,TN,0,0,NA,NA,NA,NA
2020-01-31,BZ,0,0,NA,NA,NA,NA
2020-01-31,FVG,0,0,NA,NA,NA,NA
2020-01-31,EMR,0,0,NA,NA,NA,NA
2020-01-31,MAR,0,0,NA,NA,NA,NA
2020-01-31,TOS,0,0,NA,NA,NA,NA
2020-01-31,UMB,0,0,NA,NA,NA,NA
2020-01-31,LAZ,2,0,NA,NA,NA,NA
2020-01-31,ABR,0,0,NA,NA,NA,NA
2020-01-31,MOL,0,0,NA,NA,NA,NA
2020-01-31,CAM,0,0,NA,NA,NA,NA
2020-01-31,BAS,0,0,NA,NA,NA,NA
2020-01-31,PUG,0,0,NA,NA,NA,NA
2020-01-31,CAL,0,0,NA,NA,NA,NA
2020-01-31,SIC,0,0,NA,NA,NA,NA
2020-01-31,SAR,0,0,NA,NA,NA,NA
2020-02-01,VDA,0,0,NA,NA,NA,NA
2020-02-01,LIG,0,0,NA,NA,NA,NA
2020-02-01,PIE,0,0,NA,NA,NA,NA
2020-02-01,LOM,0,0,NA,NA,NA,NA
2020-02-01,VEN,0,0,NA,NA,NA,NA
2020-02-01,TN,0,0,NA,NA,NA,NA
2020-02-01,BZ,0,0,NA,NA,NA,NA
2020-02-01,FVG,0,0,NA,NA,NA,NA
2020-02-01,EMR,0,0,NA,NA,NA,NA
2020-02-01,MAR,0,0,NA,NA,NA,NA
2020-02-01,TOS,0,0,NA,NA,NA,NA
2020-02-01,UMB,0,0,NA,NA,NA,NA
2020-02-01,LAZ,0,0,NA,NA,NA,NA
2020-02-01,ABR,0,0,NA,NA,NA,NA
2020-02-01,MOL,0,0,NA,NA,NA,NA
2020-02-01,CAM,0,0,NA,NA,NA,NA
2020-02-01,BAS,0,0,NA,NA,NA,NA
2020-02-01,PUG,0,0,NA,NA,NA,NA
2020-02-01,CAL,0,0,NA,NA,NA,NA
2020-02-01,SIC,0,0,NA,NA,NA,NA
2020-02-01,SAR,0,0,NA,NA,NA,NA
2020-02-02,VDA,0,0,NA,NA,NA,NA
2020-02-02,LIG,0,0,NA,NA,NA,NA
2020-02-02,PIE,0,0,NA,NA,NA,NA
2020-02-02,LOM,0,0,NA,NA,NA,NA
2020-02-02,VEN,0,0,NA,NA,NA,NA
2020-02-02,TN,0,0,NA,NA,NA,NA
2020-02-02,BZ,0,0,NA,NA,NA,NA
2020-02-02,FVG,0,0,NA,NA,NA,NA
2020-02-02,EMR,0,0,NA,NA,NA,NA
2020-02-02,MAR,0,0,NA,NA,NA,NA
2020-02-02,TOS,0,0,NA,NA,NA,NA
2020-02-02,UMB,0,0,NA,NA,NA,NA
2020-02-02,LAZ,0,0,NA,NA,NA,NA
2020-02-02,ABR,0,0,NA,NA,NA,NA
2020-02-02,MOL,0,0,NA,NA,NA,NA
2020-02-02,CAM,0,0,NA,NA,NA,NA
2020-02-02,BAS,0,0,NA,NA,NA,NA
2020-02-02,PUG,0,0,NA,NA,NA,NA
2020-02-02,CAL,0,0,NA,NA,NA,NA
2020-02-02,SIC,0,0,NA,NA,NA,NA
2020-02-02,SAR,0,0,NA,NA,NA,NA
2020-02-03,VDA,0,0,NA,NA,NA,NA
2020-02-03,LIG,0,0,NA,NA,NA,NA
2020-02-03,PIE,0,0,NA,NA,NA,NA
2020-02-03,LOM,0,0,NA,NA,NA,NA
2020-02-03,VEN,0,0,NA,NA,NA,NA
2020-02-03,TN,0,0,NA,NA,NA,NA
2020-02-03,BZ,0,0,NA,NA,NA,NA
2020-02-03,FVG,0,0,NA,NA,NA,NA
2020-02-03,EMR,0,0,NA,NA,NA,NA
2020-02-03,MAR,0,0,NA,NA,NA,NA
2020-02-03,TOS,0,0,NA,NA,NA,NA
2020-02-03,UMB,0,0,NA,NA,NA,NA
2020-02-03,LAZ,0,0,NA,NA,NA,NA
2020-02-03,ABR,0,0,NA,NA,NA,NA
2020-02-03,MOL,0,0,NA,NA,NA,NA
2020-02-03,CAM,0,0,NA,NA,NA,NA
2020-02-03,BAS,0,0,NA,NA,NA,NA
2020-02-03,PUG,0,0,NA,NA,NA,NA
2020-02-03,CAL,0,0,NA,NA,NA,NA
2020-02-03,SIC,0,0,NA,NA,NA,NA
2020-02-03,SAR,0,0,NA,NA,NA,NA
2020-02-04,VDA,0,0,NA,NA,NA,NA
2020-02-04,LIG,0,0,NA,NA,NA,NA
2020-02-04,PIE,0,0,NA,NA,NA,NA
2020-02-04,LOM,0,0,NA,NA,NA,NA
2020-02-04,VEN,0,0,NA,NA,NA,NA
2020-02-04,TN,0,0,NA,NA,NA,NA
2020-02-04,BZ,0,0,NA,NA,NA,NA
2020-02-04,FVG,0,0,NA,NA,NA,NA
2020-02-04,EMR,0,0,NA,NA,NA,NA
2020-02-04,MAR,0,0,NA,NA,NA,NA
2020-02-04,TOS,0,0,NA,NA,NA,NA
2020-02-04,UMB,0,0,NA,NA,NA,NA
2020-02-04,LAZ,0,0,NA,NA,NA,NA
2020-02-04,ABR,0,0,NA,NA,NA,NA
2020-02-04,MOL,0,0,NA,NA,NA,NA
2020-02-04,CAM,0,0,NA,NA,NA,NA
2020-02-04,BAS,0,0,NA,NA,NA,NA
2020-02-04,PUG,0,0,NA,NA,NA,NA
2020-02-04,CAL,0,0,NA,NA,NA,NA
2020-02-04,SIC,0,0,NA,NA,NA,NA
2020-02-04,SAR,0,0,NA,NA,NA,NA
2020-02-05,VDA,0,0,NA,NA,NA,NA
2020-02-05,LIG,0,0,NA,NA,NA,NA
2020-02-05,PIE,0,0,NA,NA,NA,NA
2020-02-05,LOM,0,0,NA,NA,NA,NA
2020-02-05,VEN,0,0,NA,NA,NA,NA
2020-02-05,TN,0,0,NA,NA,NA,NA
2020-02-05,BZ,0,0,NA,NA,NA,NA
2020-02-05,FVG,0,0,NA,NA,NA,NA
2020-02-05,EMR,0,0,NA,NA,NA,NA
2020-02-05,MAR,0,0,NA,NA,NA,NA
2020-02-05,TOS,0,0,NA,NA,NA,NA
2020-02-05,UMB,0,0,NA,NA,NA,NA
2020-02-05,LAZ,0,0,NA,NA,NA,NA
2020-02-05,ABR,0,0,NA,NA,NA,NA
2020-02-05,MOL,0,0,NA,NA,NA,NA
2020-02-05,CAM,0,0,NA,NA,NA,NA
2020-02-05,BAS,0,0,NA,NA,NA,NA
2020-02-05,PUG,0,0,NA,NA,NA,NA
2020-02-05,CAL,0,0,NA,NA,NA,NA
2020-02-05,SIC,0,0,NA,NA,NA,NA
2020-02-05,SAR,0,0,NA,NA,NA,NA
2020-02-06,VDA,0,0,NA,NA,NA,NA
2020-02-06,LIG,0,0,NA,NA,NA,NA
2020-02-06,PIE,0,0,NA,NA,NA,NA
2020-02-06,LOM,0,0,NA,NA,NA,NA
2020-02-06,VEN,0,0,NA,NA,NA,NA
2020-02-06,TN,0,0,NA,NA,NA,NA
2020-02-06,BZ,0,0,NA,NA,NA,NA
2020-02-06,FVG,0,0,NA,NA,NA,NA
2020-02-06,EMR,0,0,NA,NA,NA,NA
2020-02-06,MAR,0,0,NA,NA,NA,NA
2020-02-06,TOS,0,0,NA,NA,NA,NA
2020-02-06,UMB,0,0,NA,NA,NA,NA
2020-02-06,LAZ,1,0,NA,NA,NA,NA
2020-02-06,ABR,0,0,NA,NA,NA,NA
2020-02-06,MOL,0,0,NA,NA,NA,NA
2020-02-06,CAM,0,0,NA,NA,NA,NA
2020-02-06,BAS,0,0,NA,NA,NA,NA
2020-02-06,PUG,0,0,NA,NA,NA,NA
2020-02-06,CAL,0,0,NA,NA,NA,NA
2020-02-06,SIC,0,0,NA,NA,NA,NA
2020-02-06,SAR,0,0,NA,NA,NA,NA
2020-02-07,VDA,0,0,NA,NA,NA,NA
2020-02-07,LIG,0,0,NA,NA,NA,NA
2020-02-07,PIE,0,0,NA,NA,NA,NA
2020-02-07,LOM,0,0,NA,NA,NA,NA
2020-02-07,VEN,0,0,NA,NA,NA,NA
2020-02-07,TN,0,0,NA,NA,NA,NA
2020-02-07,BZ,0,0,NA,NA,NA,NA
2020-02-07,FVG,0,0,NA,NA,NA,NA
2020-02-07,EMR,0,0,NA,NA,NA,NA
2020-02-07,MAR,0,0,NA,NA,NA,NA
2020-02-07,TOS,0,0,NA,NA,NA,NA
2020-02-07,UMB,0,0,NA,NA,NA,NA
2020-02-07,LAZ,0,0,NA,NA,NA,NA
2020-02-07,ABR,0,0,NA,NA,NA,NA
2020-02-07,MOL,0,0,NA,NA,NA,NA
2020-02-07,CAM,0,0,NA,NA,NA,NA
2020-02-07,BAS,0,0,NA,NA,NA,NA
2020-02-07,PUG,0,0,NA,NA,NA,NA
2020-02-07,CAL,0,0,NA,NA,NA,NA
2020-02-07,SIC,0,0,NA,NA,NA,NA
2020-02-07,SAR,0,0,NA,NA,NA,NA
2020-02-08,VDA,0,0,NA,NA,NA,NA
2020-02-08,LIG,0,0,NA,NA,NA,NA
2020-02-08,PIE,0,0,NA,NA,NA,NA
2020-02-08,LOM,0,0,NA,NA,NA,NA
2020-02-08,VEN,0,0,NA,NA,NA,NA
2020-02-08,TN,0,0,NA,NA,NA,NA
2020-02-08,BZ,0,0,NA,NA,NA,NA
2020-02-08,FVG,0,0,NA,NA,NA,NA
2020-02-08,EMR,0,0,NA,NA,NA,NA
2020-02-08,MAR,0,0,NA,NA,NA,NA
2020-02-08,TOS,0,0,NA,NA,NA,NA
2020-02-08,UMB,0,0,NA,NA,NA,NA
2020-02-08,LAZ,0,0,NA,NA,NA,NA
2020-02-08,ABR,0,0,NA,NA,NA,NA
2020-02-08,MOL,0,0,NA,NA,NA,NA
2020-02-08,CAM,0,0,NA,NA,NA,NA
2020-02-08,BAS,0,0,NA,NA,NA,NA
2020-02-08,PUG,0,0,NA,NA,NA,NA
2020-02-08,CAL,0,0,NA,NA,NA,NA
2020-02-08,SIC,0,0,NA,NA,NA,NA
2020-02-08,SAR,0,0,NA,NA,NA,NA
2020-02-09,VDA,0,0,NA,NA,NA,NA
2020-02-09,LIG,0,0,NA,NA,NA,NA
2020-02-09,PIE,0,0,NA,NA,NA,NA
2020-02-09,LOM,0,0,NA,NA,NA,NA
2020-02-09,VEN,0,0,NA,NA,NA,NA
2020-02-09,TN,0,0,NA,NA,NA,NA
2020-02-09,BZ,0,0,NA,NA,NA,NA
2020-02-09,FVG,0,0,NA,NA,NA,NA
2020-02-09,EMR,0,0,NA,NA,NA,NA
2020-02-09,MAR,0,0,NA,NA,NA,NA
2020-02-09,TOS,0,0,NA,NA,NA,NA
2020-02-09,UMB,0,0,NA,NA,NA,NA
2020-02-09,LAZ,0,0,NA,NA,NA,NA
2020-02-09,ABR,0,0,NA,NA,NA,NA
2020-02-09,MOL,0,0,NA,NA,NA,NA
2020-02-09,CAM,0,0,NA,NA,NA,NA
2020-02-09,BAS,0,0,NA,NA,NA,NA
2020-02-09,PUG,0,0,NA,NA,NA,NA
2020-02-09,CAL,0,0,NA,NA,NA,NA
2020-02-09,SIC,0,0,NA,NA,NA,NA
2020-02-09,SAR,0,0,NA,NA,NA,NA
2020-02-10,VDA,0,0,NA,NA,NA,NA
2020-02-10,LIG,0,0,NA,NA,NA,NA
2020-02-10,PIE,0,0,NA,NA,NA,NA
2020-02-10,LOM,0,0,NA,NA,NA,NA
2020-02-10,VEN,0,0,NA,NA,NA,NA
2020-02-10,TN,0,0,NA,NA,NA,NA
2020-02-10,BZ,0,0,NA,NA,NA,NA
2020-02-10,FVG,0,0,NA,NA,NA,NA
2020-02-10,EMR,0,0,NA,NA,NA,NA
2020-02-10,MAR,0,0,NA,NA,NA,NA
2020-02-10,TOS,0,0,NA,NA,NA,NA
2020-02-10,UMB,0,0,NA,NA,NA,NA
2020-02-10,LAZ,0,0,NA,NA,NA,NA
2020-02-10,ABR,0,0,NA,NA,NA,NA
2020-02-10,MOL,0,0,NA,NA,NA,NA
2020-02-10,CAM,0,0,NA,NA,NA,NA
2020-02-10,BAS,0,0,NA,NA,NA,NA
2020-02-10,PUG,0,0,NA,NA,NA,NA
2020-02-10,CAL,0,0,NA,NA,NA,NA
2020-02-10,SIC,0,0,NA,NA,NA,NA
2020-02-10,SAR,0,0,NA,NA,NA,NA
2020-02-11,VDA,0,0,NA,NA,NA,NA
2020-02-11,LIG,0,0,NA,NA,NA,NA
2020-02-11,PIE,0,0,NA,NA,NA,NA
2020-02-11,LOM,0,0,NA,NA,NA,NA
2020-02-11,VEN,0,0,NA,NA,NA,NA
2020-02-11,TN,0,0,NA,NA,NA,NA
2020-02-11,BZ,0,0,NA,NA,NA,NA
2020-02-11,FVG,0,0,NA,NA,NA,NA
2020-02-11,EMR,0,0,NA,NA,NA,NA
2020-02-11,MAR,0,0,NA,NA,NA,NA
2020-02-11,TOS,0,0,NA,NA,NA,NA
2020-02-11,UMB,0,0,NA,NA,NA,NA
2020-02-11,LAZ,0,0,NA,NA,NA,NA
2020-02-11,ABR,0,0,NA,NA,NA,NA
2020-02-11,MOL,0,0,NA,NA,NA,NA
2020-02-11,CAM,0,0,NA,NA,NA,NA
2020-02-11,BAS,0,0,NA,NA,NA,NA
2020-02-11,PUG,0,0,NA,NA,NA,NA
2020-02-11,CAL,0,0,NA,NA,NA,NA
2020-02-11,SIC,0,0,NA,NA,NA,NA
2020-02-11,SAR,0,0,NA,NA,NA,NA
2020-02-12,VDA,0,0,NA,NA,NA,NA
2020-02-12,LIG,0,0,NA,NA,NA,NA
2020-02-12,PIE,0,0,NA,NA,NA,NA
2020-02-12,LOM,0,0,NA,NA,NA,NA
2020-02-12,VEN,0,0,NA,NA,NA,NA
2020-02-12,TN,0,0,NA,NA,NA,NA
2020-02-12,BZ,0,0,NA,NA,NA,NA
2020-02-12,FVG,0,0,NA,NA,NA,NA
2020-02-12,EMR,0,0,NA,NA,NA,NA
2020-02-12,MAR,0,0,NA,NA,NA,NA
2020-02-12,TOS,0,0,NA,NA,NA,NA
2020-02-12,UMB,0,0,NA,NA,NA,NA
2020-02-12,LAZ,0,0,NA,NA,NA,NA
2020-02-12,ABR,0,0,NA,NA,NA,NA
2020-02-12,MOL,0,0,NA,NA,NA,NA
2020-02-12,CAM,0,0,NA,NA,NA,NA
2020-02-12,BAS,0,0,NA,NA,NA,NA
2020-02-12,PUG,0,0,NA,NA,NA,NA
2020-02-12,CAL,0,0,NA,NA,NA,NA
2020-02-12,SIC,0,0,NA,NA,NA,NA
2020-02-12,SAR,0,0,NA,NA,NA,NA
2020-02-13,VDA,0,0,NA,NA,NA,NA
2020-02-13,LIG,0,0,NA,NA,NA,NA
2020-02-13,PIE,0,0,NA,NA,NA,NA
2020-02-13,LOM,0,0,NA,NA,NA,NA
2020-02-13,VEN,0,0,NA,NA,NA,NA
2020-02-13,TN,0,0,NA,NA,NA,NA
2020-02-13,BZ,0,0,NA,NA,NA,NA
2020-02-13,FVG,0,0,NA,NA,NA,NA
2020-02-13,EMR,0,0,NA,NA,NA,NA
2020-02-13,MAR,0,0,NA,NA,NA,NA
2020-02-13,TOS,0,0,NA,NA,NA,NA
2020-02-13,UMB,0,0,NA,NA,NA,NA
2020-02-13,LAZ,0,0,NA,NA,NA,NA
2020-02-13,ABR,0,0,NA,NA,NA,NA
2020-02-13,MOL,0,0,NA,NA,NA,NA
2020-02-13,CAM,0,0,NA,NA,NA,NA
2020-02-13,BAS,0,0,NA,NA,NA,NA
2020-02-13,PUG,0,0,NA,NA,NA,NA
2020-02-13,CAL,0,0,NA,NA,NA,NA
2020-02-13,SIC,0,0,NA,NA,NA,NA
2020-02-13,SAR,0,0,NA,NA,NA,NA
2020-02-14,VDA,0,0,NA,NA,NA,NA
2020-02-14,LIG,0,0,NA,NA,NA,NA
2020-02-14,PIE,0,0,NA,NA,NA,NA
2020-02-14,LOM,0,0,NA,NA,NA,NA
2020-02-14,VEN,0,0,NA,NA,NA,NA
2020-02-14,TN,0,0,NA,NA,NA,NA
2020-02-14,BZ,0,0,NA,NA,NA,NA
2020-02-14,FVG,0,0,NA,NA,NA,NA
2020-02-14,EMR,0,0,NA,NA,NA,NA
2020-02-14,MAR,0,0,NA,NA,NA,NA
2020-02-14,TOS,0,0,NA,NA,NA,NA
2020-02-14,UMB,0,0,NA,NA,NA,NA
2020-02-14,LAZ,0,0,NA,NA,NA,NA
2020-02-14,ABR,0,0,NA,NA,NA,NA
2020-02-14,MOL,0,0,NA,NA,NA,NA
2020-02-14,CAM,0,0,NA,NA,NA,NA
2020-02-14,BAS,0,0,NA,NA,NA,NA
2020-02-14,PUG,0,0,NA,NA,NA,NA
2020-02-14,CAL,0,0,NA,NA,NA,NA
2020-02-14,SIC,0,0,NA,NA,NA,NA
2020-02-14,SAR,0,0,NA,NA,NA,NA
2020-02-15,VDA,0,0,NA,NA,NA,NA
2020-02-15,LIG,0,0,NA,NA,NA,NA
2020-02-15,PIE,0,0,NA,NA,NA,NA
2020-02-15,LOM,0,0,NA,NA,NA,NA
2020-02-15,VEN,0,0,NA,NA,NA,NA
2020-02-15,TN,0,0,NA,NA,NA,NA
2020-02-15,BZ,0,0,NA,NA,NA,NA
2020-02-15,FVG,0,0,NA,NA,NA,NA
2020-02-15,EMR,0,0,NA,NA,NA,NA
2020-02-15,MAR,0,0,NA,NA,NA,NA
2020-02-15,TOS,0,0,NA,NA,NA,NA
2020-02-15,UMB,0,0,NA,NA,NA,NA
2020-02-15,LAZ,0,0,NA,NA,NA,NA
2020-02-15,ABR,0,0,NA,NA,NA,NA
2020-02-15,MOL,0,0,NA,NA,NA,NA
2020-02-15,CAM,0,0,NA,NA,NA,NA
2020-02-15,BAS,0,0,NA,NA,NA,NA
2020-02-15,PUG,0,0,NA,NA,NA,NA
2020-02-15,CAL,0,0,NA,NA,NA,NA
2020-02-15,SIC,0,0,NA,NA,NA,NA
2020-02-15,SAR,0,0,NA,NA,NA,NA
2020-02-16,VDA,0,0,NA,NA,NA,NA
2020-02-16,LIG,0,0,NA,NA,NA,NA
2020-02-16,PIE,0,0,NA,NA,NA,NA
2020-02-16,LOM,0,0,NA,NA,NA,NA
2020-02-16,VEN,0,0,NA,NA,NA,NA
2020-02-16,TN,0,0,NA,NA,NA,NA
2020-02-16,BZ,0,0,NA,NA,NA,NA
2020-02-16,FVG,0,0,NA,NA,NA,NA
2020-02-16,EMR,0,0,NA,NA,NA,NA
2020-02-16,MAR,0,0,NA,NA,NA,NA
2020-02-16,TOS,0,0,NA,NA,NA,NA
2020-02-16,UMB,0,0,NA,NA,NA,NA
2020-02-16,LAZ,0,0,NA,NA,NA,NA
2020-02-16,ABR,0,0,NA,NA,NA,NA
2020-02-16,MOL,0,0,NA,NA,NA,NA
2020-02-16,CAM,0,0,NA,NA,NA,NA
2020-02-16,BAS,0,0,NA,NA,NA,NA
2020-02-16,PUG,0,0,NA,NA,NA,NA
2020-02-16,CAL,0,0,NA,NA,NA,NA
2020-02-16,SIC,0,0,NA,NA,NA,NA
2020-02-16,SAR,0,0,NA,NA,NA,NA
2020-02-17,VDA,0,0,NA,NA,NA,NA
2020-02-17,LIG,0,0,NA,NA,NA,NA
2020-02-17,PIE,0,0,NA,NA,NA,NA
2020-02-17,LOM,0,0,NA,NA,NA,NA
2020-02-17,VEN,0,0,NA,NA,NA,NA
2020-02-17,TN,0,0,NA,NA,NA,NA
2020-02-17,BZ,0,0,NA,NA,NA,NA
2020-02-17,FVG,0,0,NA,NA,NA,NA
2020-02-17,EMR,0,0,NA,NA,NA,NA
2020-02-17,MAR,0,0,NA,NA,NA,NA
2020-02-17,TOS,0,0,NA,NA,NA,NA
2020-02-17,UMB,0,0,NA,NA,NA,NA
2020-02-17,LAZ,0,0,NA,NA,NA,NA
2020-02-17,ABR,0,0,NA,NA,NA,NA
2020-02-17,MOL,0,0,NA,NA,NA,NA
2020-02-17,CAM,0,0,NA,NA,NA,NA
2020-02-17,BAS,0,0,NA,NA,NA,NA
2020-02-17,PUG,0,0,NA,NA,NA,NA
2020-02-17,CAL,0,0,NA,NA,NA,NA
2020-02-17,SIC,0,0,NA,NA,NA,NA
2020-02-17,SAR,0,0,NA,NA,NA,NA
2020-02-18,VDA,0,0,NA,NA,NA,NA
2020-02-18,LIG,0,0,NA,NA,NA,NA
2020-02-18,PIE,0,0,NA,NA,NA,NA
2020-02-18,LOM,0,0,NA,NA,NA,NA
2020-02-18,VEN,0,0,NA,NA,NA,NA
2020-02-18,TN,0,0,NA,NA,NA,NA
2020-02-18,BZ,0,0,NA,NA,NA,NA
2020-02-18,FVG,0,0,NA,NA,NA,NA
2020-02-18,EMR,0,0,NA,NA,NA,NA
2020-02-18,MAR,0,0,NA,NA,NA,NA
2020-02-18,TOS,0,0,NA,NA,NA,NA
2020-02-18,UMB,0,0,NA,NA,NA,NA
2020-02-18,LAZ,0,0,NA,NA,NA,NA
2020-02-18,ABR,0,0,NA,NA,NA,NA
2020-02-18,MOL,0,0,NA,NA,NA,NA
2020-02-18,CAM,0,0,NA,NA,NA,NA
2020-02-18,BAS,0,0,NA,NA,NA,NA
2020-02-18,PUG,0,0,NA,NA,NA,NA
2020-02-18,CAL,0,0,NA,NA,NA,NA
2020-02-18,SIC,0,0,NA,NA,NA,NA
2020-02-18,SAR,0,0,NA,NA,NA,NA
2020-02-19,VDA,0,0,NA,NA,NA,NA
2020-02-19,LIG,0,0,NA,NA,NA,NA
2020-02-19,PIE,0,0,NA,NA,NA,NA
2020-02-19,LOM,0,0,NA,NA,NA,NA
2020-02-19,VEN,0,0,NA,NA,NA,NA
2020-02-19,TN,0,0,NA,NA,NA,NA
2020-02-19,BZ,0,0,NA,NA,NA,NA
2020-02-19,FVG,0,0,NA,NA,NA,NA
2020-02-19,EMR,0,0,NA,NA,NA,NA
2020-02-19,MAR,0,0,NA,NA,NA,NA
2020-02-19,TOS,0,0,NA,NA,NA,NA
2020-02-19,UMB,0,0,NA,NA,NA,NA
2020-02-19,LAZ,0,0,NA,NA,NA,NA
2020-02-19,ABR,0,0,NA,NA,NA,NA
2020-02-19,MOL,0,0,NA,NA,NA,NA
2020-02-19,CAM,0,0,NA,NA,NA,NA
2020-02-19,BAS,0,0,NA,NA,NA,NA
2020-02-19,PUG,0,0,NA,NA,NA,NA
2020-02-19,CAL,0,0,NA,NA,NA,NA
2020-02-19,SIC,0,0,NA,NA,NA,NA
2020-02-19,SAR,0,0,NA,NA,NA,NA
2020-02-20,VDA,0,0,NA,NA,NA,NA
2020-02-20,LIG,0,0,NA,NA,NA,NA
2020-02-20,PIE,0,0,NA,NA,NA,NA
2020-02-20,LOM,0,0,NA,NA,NA,NA
2020-02-20,VEN,0,0,NA,NA,NA,NA
2020-02-20,TN,0,0,NA,NA,NA,NA
2020-02-20,BZ,0,0,NA,NA,NA,NA
2020-02-20,FVG,0,0,NA,NA,NA,NA
2020-02-20,EMR,0,0,NA,NA,NA,NA
2020-02-20,MAR,0,0,NA,NA,NA,NA
2020-02-20,TOS,0,0,NA,NA,NA,NA
2020-02-20,UMB,0,0,NA,NA,NA,NA
2020-02-20,LAZ,0,0,NA,NA,NA,NA
2020-02-20,ABR,0,0,NA,NA,NA,NA
2020-02-20,MOL,0,0,NA,NA,NA,NA
2020-02-20,CAM,0,0,NA,NA,NA,NA
2020-02-20,BAS,0,0,NA,NA,NA,NA
2020-02-20,PUG,0,0,NA,NA,NA,NA
2020-02-20,CAL,0,0,NA,NA,NA,NA
2020-02-20,SIC,0,0,NA,NA,NA,NA
2020-02-20,SAR,0,0,NA,NA,NA,NA
2020-02-21,VDA,0,0,NA,NA,NA,NA
2020-02-21,LIG,0,0,NA,NA,NA,NA
2020-02-21,PIE,0,0,NA,NA,NA,NA
2020-02-21,LOM,15,0,NA,NA,NA,NA
2020-02-21,VEN,2,1,NA,NA,NA,NA
2020-02-21,TN,0,0,NA,NA,NA,NA
2020-02-21,BZ,0,0,NA,NA,NA,NA
2020-02-21,FVG,0,0,NA,NA,NA,NA
2020-02-21,EMR,0,0,NA,NA,NA,NA
2020-02-21,MAR,0,0,NA,NA,NA,NA
2020-02-21,TOS,0,0,NA,NA,NA,NA
2020-02-21,UMB,0,0,NA,NA,NA,NA
2020-02-21,LAZ,0,0,NA,NA,NA,NA
2020-02-21,ABR,0,0,NA,NA,NA,NA
2020-02-21,MOL,0,0,NA,NA,NA,NA
2020-02-21,CAM,0,0,NA,NA,NA,NA
2020-02-21,BAS,0,0,NA,NA,NA,NA
2020-02-21,PUG,0,0,NA,NA,NA,NA
2020-02-21,CAL,0,0,NA,NA,NA,NA
2020-02-21,SIC,0,0,NA,NA,NA,NA
2020-02-21,SAR,0,0,NA,NA,NA,NA
2020-02-22,VDA,0,0,NA,NA,NA,NA
2020-02-22,LIG,0,0,NA,NA,NA,NA
2020-02-22,PIE,1,0,NA,NA,NA,NA
2020-02-22,LOM,40,1,NA,NA,NA,NA
2020-02-22,VEN,16,0,NA,NA,NA,NA
2020-02-22,TN,0,0,NA,NA,NA,NA
2020-02-22,BZ,0,0,NA,NA,NA,NA
2020-02-22,FVG,0,0,NA,NA,NA,NA
2020-02-22,EMR,2,0,NA,NA,NA,NA
2020-02-22,MAR,0,0,NA,NA,NA,NA
2020-02-22,TOS,0,0,NA,NA,NA,NA
2020-02-22,UMB,0,0,NA,NA,NA,NA
2020-02-22,LAZ,0,0,NA,NA,NA,NA
2020-02-22,ABR,0,0,NA,NA,NA,NA
2020-02-22,MOL,0,0,NA,NA,NA,NA
2020-02-22,CAM,0,0,NA,NA,NA,NA
2020-02-22,BAS,0,0,NA,NA,NA,NA
2020-02-22,PUG,0,0,NA,NA,NA,NA
2020-02-22,CAL,0,0,NA,NA,NA,NA
2020-02-22,SIC,0,0,NA,NA,NA,NA
2020-02-22,SAR,0,0,NA,NA,NA,NA
2020-02-23,VDA,0,0,NA,NA,NA,NA
2020-02-23,LIG,0,0,NA,NA,NA,NA
2020-02-23,PIE,0,0,NA,NA,NA,NA
2020-02-23,LOM,57,1,NA,NA,NA,NA
2020-02-23,VEN,7,0,NA,NA,NA,NA
2020-02-23,TN,0,0,NA,NA,NA,NA
2020-02-23,BZ,0,0,NA,NA,NA,NA
2020-02-23,FVG,0,0,NA,NA,NA,NA
2020-02-23,EMR,7,0,NA,NA,NA,NA
2020-02-23,MAR,0,0,NA,NA,NA,NA
2020-02-23,TOS,0,0,NA,NA,NA,NA
2020-02-23,UMB,0,0,NA,NA,NA,NA
2020-02-23,LAZ,0,0,NA,NA,NA,NA
2020-02-23,ABR,0,0,NA,NA,NA,NA
2020-02-23,MOL,0,0,NA,NA,NA,NA
2020-02-23,CAM,0,0,NA,NA,NA,NA
2020-02-23,BAS,0,0,NA,NA,NA,NA
2020-02-23,PUG,0,0,NA,NA,NA,NA
2020-02-23,CAL,0,0,NA,NA,NA,NA
2020-02-23,SIC,0,0,NA,NA,NA,NA
2020-02-23,SAR,0,0,NA,NA,NA,NA
2020-02-24,VDA,0,0,NA,NA,NA,NA
2020-02-24,LIG,0,0,NA,NA,NA,NA
2020-02-24,PIE,0,0,NA,NA,NA,NA
2020-02-24,LOM,61,4,NA,NA,NA,NA
2020-02-24,VEN,7,0,NA,NA,NA,NA
2020-02-24,TN,0,0,NA,NA,NA,NA
2020-02-24,BZ,0,0,NA,NA,NA,NA
2020-02-24,FVG,0,0,NA,NA,NA,NA
2020-02-24,EMR,9,0,NA,NA,NA,NA
2020-02-24,MAR,0,0,NA,NA,NA,NA
2020-02-24,TOS,0,0,NA,NA,NA,NA
2020-02-24,UMB,0,0,NA,NA,NA,NA
2020-02-24,LAZ,0,0,NA,NA,NA,NA
2020-02-24,ABR,0,0,NA,NA,NA,NA
2020-02-24,MOL,0,0,NA,NA,NA,NA
2020-02-24,CAM,0,0,NA,NA,NA,NA
2020-02-24,BAS,0,0,NA,NA,NA,NA
2020-02-24,PUG,0,0,NA,NA,NA,NA
2020-02-24,CAL,0,0,NA,NA,NA,NA
2020-02-24,SIC,0,0,NA,NA,NA,NA
2020-02-24,SAR,0,0,NA,NA,NA,NA
2020-02-25,VDA,0,0,NA,NA,NA,NA
2020-02-25,LIG,1,0,NA,NA,NA,NA
2020-02-25,PIE,0,0,NA,NA,NA,NA
2020-02-25,LOM,67,2,NA,NA,NA,NA
2020-02-25,VEN,11,1,NA,NA,NA,NA
2020-02-25,TN,0,0,NA,NA,NA,NA
2020-02-25,BZ,1,0,NA,NA,NA,NA
2020-02-25,FVG,0,0,NA,NA,NA,NA
2020-02-25,EMR,8,0,NA,NA,NA,NA
2020-02-25,MAR,0,0,NA,NA,NA,NA
2020-02-25,TOS,2,0,NA,NA,NA,NA
2020-02-25,UMB,0,0,NA,NA,NA,NA
2020-02-25,LAZ,0,0,NA,NA,NA,NA
2020-02-25,ABR,0,0,NA,NA,NA,NA
2020-02-25,MOL,0,0,NA,NA,NA,NA
2020-02-25,CAM,0,0,NA,NA,NA,NA
2020-02-25,BAS,0,0,NA,NA,NA,NA
2020-02-25,PUG,0,0,NA,NA,NA,NA
2020-02-25,CAL,0,0,NA,NA,NA,NA
2020-02-25,SIC,3,0,NA,NA,NA,NA
2020-02-25,SAR,0,0,NA,NA,NA,NA
2020-02-26,VDA,0,0,NA,NA,NA,NA
2020-02-26,LIG,10,0,NA,NA,NA,NA
2020-02-26,PIE,0,0,NA,NA,NA,NA
2020-02-26,LOM,65,1,NA,NA,NA,NA
2020-02-26,VEN,28,0,NA,NA,NA,NA
2020-02-26,TN,0,0,NA,NA,NA,NA
2020-02-26,BZ,0,0,NA,NA,NA,NA
2020-02-26,FVG,0,0,NA,NA,NA,NA
2020-02-26,EMR,21,1,NA,NA,NA,NA
2020-02-26,MAR,1,0,NA,NA,NA,NA
2020-02-26,TOS,0,0,NA,NA,NA,NA
2020-02-26,UMB,0,0,NA,NA,NA,NA
2020-02-26,LAZ,0,0,NA,NA,NA,NA
2020-02-26,ABR,0,0,NA,NA,NA,NA
2020-02-26,MOL,0,0,NA,NA,NA,NA
2020-02-26,CAM,0,0,NA,NA,NA,NA
2020-02-26,BAS,0,0,NA,NA,NA,NA
2020-02-26,PUG,0,0,NA,NA,NA,NA
2020-02-26,CAL,0,0,NA,NA,NA,NA
2020-02-26,SIC,0,0,NA,NA,NA,NA
2020-02-26,SAR,0,0,NA,NA,NA,NA
2020-02-27,VDA,0,0,NA,NA,NA,NA
2020-02-27,LIG,8,0,NA,NA,NA,NA
2020-02-27,PIE,1,0,NA,NA,NA,NA
2020-02-27,LOM,98,5,NA,NA,NA,NA
2020-02-27,VEN,40,0,NA,NA,NA,NA
2020-02-27,TN,0,0,NA,NA,NA,NA
2020-02-27,BZ,0,0,NA,NA,NA,NA
2020-02-27,FVG,0,0,NA,NA,NA,NA
2020-02-27,EMR,50,0,NA,NA,NA,NA
2020-02-27,MAR,2,0,NA,NA,NA,NA
2020-02-27,TOS,0,0,NA,NA,NA,NA
2020-02-27,UMB,0,0,NA,NA,NA,NA
2020-02-27,LAZ,0,0,NA,NA,NA,NA
2020-02-27,ABR,1,0,NA,NA,NA,NA
2020-02-27,MOL,0,0,NA,NA,NA,NA
2020-02-27,CAM,3,0,NA,NA,NA,NA
2020-02-27,BAS,0,0,NA,NA,NA,NA
2020-02-27,PUG,1,0,NA,NA,NA,NA
2020-02-27,CAL,0,0,NA,NA,NA,NA
2020-02-27,SIC,1,0,NA,NA,NA,NA
2020-02-27,SAR,0,0,NA,NA,NA,NA
2020-02-28,VDA,0,0,NA,NA,NA,NA
2020-02-28,LIG,0,0,NA,NA,NA,NA
2020-02-28,PIE,9,0,NA,NA,NA,NA
2020-02-28,LOM,128,3,NA,NA,NA,NA
2020-02-28,VEN,40,0,NA,NA,NA,NA
2020-02-28,TN,0,0,NA,NA,NA,NA
2020-02-28,BZ,0,0,NA,NA,NA,NA
2020-02-28,FVG,0,0,NA,NA,NA,NA
2020-02-28,EMR,48,1,NA,NA,NA,NA
2020-02-28,MAR,3,0,NA,NA,NA,NA
2020-02-28,TOS,6,0,NA,NA,NA,NA
2020-02-28,UMB,0,0,NA,NA,NA,NA
2020-02-28,LAZ,0,0,NA,NA,NA,NA
2020-02-28,ABR,0,0,NA,NA,NA,NA
2020-02-28,MOL,0,0,NA,NA,NA,NA
2020-02-28,CAM,1,0,NA,NA,NA,NA
2020-02-28,BAS,0,0,NA,NA,NA,NA
2020-02-28,PUG,2,0,NA,NA,NA,NA
2020-02-28,CAL,1,0,NA,NA,NA,NA
2020-02-28,SIC,0,0,NA,NA,NA,NA
2020-02-28,SAR,0,0,NA,NA,NA,NA
2020-02-29,VDA,0,0,NA,NA,NA,NA
2020-02-29,LIG,3,0,NA,NA,NA,NA
2020-02-29,PIE,0,0,NA,NA,NA,NA
2020-02-29,LOM,84,6,NA,NA,NA,NA
2020-02-29,VEN,40,0,NA,NA,NA,NA
2020-02-29,TN,0,0,NA,NA,NA,NA
2020-02-29,BZ,0,0,NA,NA,NA,NA
2020-02-29,FVG,0,0,NA,NA,NA,NA
2020-02-29,EMR,72,2,NA,NA,NA,NA
2020-02-29,MAR,5,0,NA,NA,NA,NA
2020-02-29,TOS,3,0,NA,NA,NA,NA
2020-02-29,UMB,0,0,NA,NA,NA,NA
2020-02-29,LAZ,3,0,NA,NA,NA,NA
2020-02-29,ABR,1,0,NA,NA,NA,NA
2020-02-29,MOL,0,0,NA,NA,NA,NA
2020-02-29,CAM,9,0,NA,NA,NA,NA
2020-02-29,BAS,0,0,NA,NA,NA,NA
2020-02-29,PUG,0,0,NA,NA,NA,NA
2020-02-29,CAL,0,0,NA,NA,NA,NA
2020-02-29,SIC,0,0,NA,NA,NA,NA
2020-02-29,SAR,0,0,NA,NA,NA,NA
2020-03-01,VDA,0,0,NA,NA,NA,NA
2020-03-01,LIG,0,0,NA,NA,NA,NA
2020-03-01,PIE,38,0,NA,NA,NA,NA
2020-03-01,LOM,369,1,NA,NA,NA,NA
2020-03-01,VEN,72,0,NA,NA,NA,NA
2020-03-01,TN,0,0,NA,NA,NA,NA
2020-03-01,BZ,0,0,NA,NA,NA,NA
2020-03-01,FVG,6,0,NA,NA,NA,NA
2020-03-01,EMR,68,4,NA,NA,NA,NA
2020-03-01,MAR,14,0,NA,NA,NA,NA
2020-03-01,TOS,2,0,NA,NA,NA,NA
2020-03-01,UMB,2,0,NA,NA,NA,NA
2020-03-01,LAZ,0,0,NA,NA,NA,NA
2020-03-01,ABR,3,0,NA,NA,NA,NA
2020-03-01,MOL,0,0,NA,NA,NA,NA
2020-03-01,CAM,4,0,NA,NA,NA,NA
2020-03-01,BAS,0,0,NA,NA,NA,NA
2020-03-01,PUG,0,0,NA,NA,NA,NA
2020-03-01,CAL,0,0,NA,NA,NA,NA
2020-03-01,SIC,3,0,NA,NA,NA,NA
2020-03-01,SAR,0,0,NA,NA,NA,NA
2020-03-02,VDA,0,0,0,0,0,11
2020-03-02,LIG,0,0,1,4,22,121
2020-03-02,PIE,2,0,2,0,51,434
2020-03-02,LOM,270,14,127,139,1254,7925
2020-03-02,VEN,10,0,14,0,273,9782
2020-03-02,TN,0,0,0,0,0,122
2020-03-02,BZ,0,0,0,0,1,20
2020-03-02,FVG,3,0,0,0,9,269
2020-03-02,EMR,50,3,16,0,335,1973
2020-03-02,MAR,10,1,6,0,35,137
2020-03-02,TOS,0,0,0,1,13,613
2020-03-02,UMB,0,0,0,0,2,35
2020-03-02,LAZ,1,0,0,3,7,773
2020-03-02,ABR,0,0,0,0,5,52
2020-03-02,MOL,0,0,0,0,0,13
2020-03-02,CAM,0,0,0,0,17,373
2020-03-02,BAS,0,0,0,0,0,39
2020-03-02,PUG,1,0,0,0,4,278
2020-03-02,CAL,0,0,0,0,1,39
2020-03-02,SIC,0,0,0,2,7,307
2020-03-02,SAR,0,0,0,0,0,29
2020-03-03,VDA,0,0,0,0,0,12
2020-03-03,LIG,2,1,2,4,24,121
2020-03-03,PIE,5,0,3,0,56,458
2020-03-03,LOM,266,17,167,139,1520,9577
2020-03-03,VEN,34,1,19,7,307,10176
2020-03-03,TN,4,0,0,0,4,122
2020-03-03,BZ,0,0,0,0,1,20
2020-03-03,FVG,4,0,0,0,13,354
2020-03-03,EMR,85,7,24,4,420,2012
2020-03-03,MAR,26,1,13,0,61,200
2020-03-03,TOS,6,0,0,1,19,697
2020-03-03,UMB,6,0,1,0,8,45
2020-03-03,LAZ,7,0,0,3,14,877
2020-03-03,ABR,1,0,0,0,6,52
2020-03-03,MOL,3,0,0,0,3,13
2020-03-03,CAM,13,0,0,0,30,405
2020-03-03,BAS,1,0,0,0,1,42
2020-03-03,PUG,2,0,0,0,6,298
2020-03-03,CAL,0,0,0,0,1,39
2020-03-03,SIC,0,0,0,2,7,307
2020-03-03,SAR,1,0,0,0,1,29
2020-03-04,VDA,0,0,0,0,0,15
2020-03-04,LIG,2,0,3,4,26,133
2020-03-04,PIE,26,0,13,0,82,543
2020-03-04,LOM,300,18,209,250,1820,12138
2020-03-04,VEN,53,3,23,9,360,10515
2020-03-04,TN,1,0,0,0,5,122
2020-03-04,BZ,0,0,0,0,1,20
2020-03-04,FVG,5,0,0,0,18,376
2020-03-04,EMR,124,4,26,6,544,2500
2020-03-04,MAR,23,2,15,0,84,288
2020-03-04,TOS,19,0,2,1,38,776
2020-03-04,UMB,1,0,1,0,9,58
2020-03-04,LAZ,16,0,3,3,30,995
2020-03-04,ABR,1,0,0,0,7,85
2020-03-04,MOL,0,0,0,0,3,19
2020-03-04,CAM,1,0,0,0,31,429
2020-03-04,BAS,0,0,0,0,1,48
2020-03-04,PUG,3,1,0,1,9,322
2020-03-04,CAL,0,0,0,0,1,46
2020-03-04,SIC,11,0,0,2,18,367
2020-03-04,SAR,1,0,0,0,2,42
2020-03-05,VDA,2,0,0,0,2,21
2020-03-05,LIG,2,2,3,4,28,146
2020-03-05,PIE,26,2,17,0,108,543
2020-03-05,LOM,431,25,244,376,2251,12354
2020-03-05,VEN,47,4,24,17,407,11949
2020-03-05,TN,2,0,0,0,7,122
2020-03-05,BZ,0,0,0,0,1,20
2020-03-05,FVG,3,0,0,0,21,397
2020-03-05,EMR,154,8,32,10,698,2884
2020-03-05,MAR,40,0,19,0,124,413
2020-03-05,TOS,23,0,3,1,61,776
2020-03-05,UMB,0,0,1,0,9,88
2020-03-05,LAZ,14,0,7,3,44,1175
2020-03-05,ABR,1,0,0,0,8,96
2020-03-05,MOL,4,0,0,7,7,24
2020-03-05,CAM,14,0,0,0,45,471
2020-03-05,BAS,0,0,0,0,1,54
2020-03-05,PUG,5,0,1,1,14,359
2020-03-05,CAL,1,0,0,0,2,53
2020-03-05,SIC,0,0,0,2,18,367
2020-03-05,SAR,0,0,0,0,2,50
2020-03-06,VDA,5,0,0,0,7,28
2020-03-06,LIG,4,0,5,5,32,229
2020-03-06,PIE,35,2,30,0,143,793
2020-03-06,LOM,361,37,309,469,2612,13556
2020-03-06,VEN,81,2,27,22,488,13023
2020-03-06,TN,3,0,0,0,10,122
2020-03-06,BZ,3,0,0,0,4,36
2020-03-06,FVG,10,0,0,3,31,577
2020-03-06,EMR,172,7,53,17,870,3136
2020-03-06,MAR,35,0,20,0,159,585
2020-03-06,TOS,18,0,5,1,79,1097
2020-03-06,UMB,7,0,2,0,16,110
2020-03-06,LAZ,10,1,8,3,54,1373
2020-03-06,ABR,1,0,0,0,9,96
2020-03-06,MOL,5,0,2,0,12,104
2020-03-06,CAM,12,0,0,0,57,471
2020-03-06,BAS,2,0,0,0,3,63
2020-03-06,PUG,3,0,1,1,17,395
2020-03-06,CAL,2,0,0,0,4,99
2020-03-06,SIC,6,0,0,2,24,367
2020-03-06,SAR,3,0,0,0,5,99
2020-03-07,VDA,1,0,0,0,8,32
2020-03-07,LIG,19,1,6,5,51,331
2020-03-07,PIE,64,1,38,0,207,1046
2020-03-07,LOM,808,19,359,524,3420,15778
2020-03-07,VEN,55,1,41,25,543,14429
2020-03-07,TN,4,0,1,0,14,194
2020-03-07,BZ,5,0,0,0,9,36
2020-03-07,FVG,11,0,1,3,42,577
2020-03-07,EMR,140,11,64,25,1010,3604
2020-03-07,MAR,48,2,36,0,207,816
2020-03-07,TOS,34,0,7,1,113,1331
2020-03-07,UMB,8,0,2,0,24,134
2020-03-07,LAZ,22,0,8,3,76,1582
2020-03-07,ABR,2,0,0,0,11,123
2020-03-07,MOL,2,0,2,0,14,112
2020-03-07,CAM,4,0,0,0,61,612
2020-03-07,BAS,0,0,0,0,3,75
2020-03-07,PUG,9,1,2,1,26,395
2020-03-07,CAL,0,0,0,0,4,113
2020-03-07,SIC,11,0,0,2,35,643
2020-03-07,SAR,0,0,0,0,5,99
2020-03-08,VDA,1,0,0,0,9,41
2020-03-08,LIG,27,2,11,5,78,401
2020-03-08,PIE,143,0,45,0,360,1636
2020-03-08,LOM,769,113,399,550,4189,18534
2020-03-08,VEN,127,5,47,29,670,15918
2020-03-08,TN,9,0,2,0,23,228
2020-03-08,BZ,0,0,0,0,9,36
2020-03-08,FVG,15,1,1,3,57,997
2020-03-08,EMR,170,8,75,27,1180,4344
2020-03-08,MAR,65,1,41,0,272,1025
2020-03-08,TOS,53,0,7,1,166,1618
2020-03-08,UMB,2,0,2,0,26,168
2020-03-08,LAZ,11,2,8,3,87,1929
2020-03-08,ABR,6,0,0,0,17,163
2020-03-08,MOL,0,0,2,0,14,116
2020-03-08,CAM,40,0,7,1,101,980
2020-03-08,BAS,1,0,0,0,4,123
2020-03-08,PUG,14,1,3,1,40,627
2020-03-08,CAL,5,0,0,0,9,113
2020-03-08,SIC,18,0,0,2,53,791
2020-03-08,SAR,6,0,0,0,11,149
2020-03-09,VDA,6,0,0,0,15,67
2020-03-09,LIG,31,1,17,5,109,611
2020-03-09,PIE,0,8,50,0,350,1681
2020-03-09,LOM,1280,66,440,646,5469,20135
2020-03-09,VEN,74,2,51,30,744,15956
2020-03-09,TN,10,0,2,0,33,267
2020-03-09,BZ,0,0,0,0,9,36
2020-03-09,FVG,36,0,1,3,93,1344
2020-03-09,EMR,206,14,90,30,1386,4906
2020-03-09,MAR,51,3,47,0,323,1250
2020-03-09,TOS,42,1,9,1,208,2018
2020-03-09,UMB,2,0,2,0,28,183
2020-03-09,LAZ,15,2,8,3,102,1929
2020-03-09,ABR,13,0,0,0,30,237
2020-03-09,MOL,0,0,2,0,14,212
2020-03-09,CAM,19,0,8,1,120,980
2020-03-09,BAS,1,0,0,0,5,135
2020-03-09,PUG,10,0,6,1,50,685
2020-03-09,CAL,2,0,0,2,11,173
2020-03-09,SIC,1,0,0,2,54,836
2020-03-09,SAR,8,0,0,0,19,185
2020-03-10,VDA,2,0,0,0,17,89
2020-03-10,LIG,32,1,29,5,141,694
2020-03-10,PIE,103,4,66,0,453,2374
2020-03-10,LOM,322,135,466,896,5791,21479
2020-03-10,VEN,112,6,67,47,856,16643
2020-03-10,TN,19,0,3,2,52,399
2020-03-10,BZ,29,0,1,0,38,36
2020-03-10,FVG,23,2,6,3,116,1602
2020-03-10,EMR,147,15,98,31,1533,5494
2020-03-10,MAR,71,3,54,0,394,1437
2020-03-10,TOS,56,0,40,3,264,2573
2020-03-10,UMB,9,0,2,0,37,260
2020-03-10,LAZ,14,1,15,11,116,3591
2020-03-10,ABR,8,1,9,0,38,310
2020-03-10,MOL,1,0,3,0,15,225
2020-03-10,CAM,7,0,8,1,127,1141
2020-03-10,BAS,2,0,0,0,7,148
2020-03-10,PUG,9,0,6,1,59,747
2020-03-10,CAL,2,0,2,2,13,360
2020-03-10,SIC,8,0,2,2,62,955
2020-03-10,SAR,1,0,0,0,20,204
2020-03-11,VDA,3,1,0,0,20,99
2020-03-11,LIG,53,0,34,5,194,1025
2020-03-11,PIE,48,4,75,0,501,2431
2020-03-11,LOM,1489,149,560,900,7280,25629
2020-03-11,VEN,167,3,68,54,1023,21400
2020-03-11,TN,25,0,4,3,77,527
2020-03-11,BZ,37,0,4,0,75,75
2020-03-11,FVG,10,3,5,10,126,2073
2020-03-11,EMR,206,28,104,38,1739,6640
2020-03-11,MAR,85,5,66,0,479,1656
2020-03-11,TOS,56,0,54,5,320,2804
2020-03-11,UMB,9,0,5,2,46,340
2020-03-11,LAZ,34,0,18,19,150,3591
2020-03-11,ABR,27,1,9,0,38,310
2020-03-11,MOL,1,0,3,0,16,233
2020-03-11,CAM,27,1,11,4,154,1375
2020-03-11,BAS,1,0,1,0,8,155
2020-03-11,PUG,18,2,4,1,77,909
2020-03-11,CAL,6,0,2,2,19,405
2020-03-11,SIC,21,0,1,2,83,1194
2020-03-11,SAR,17,0,0,0,37,283
2020-03-12,VDA,7,0,0,0,27,118
2020-03-12,LIG,80,3,36,20,274,1174
2020-03-12,PIE,79,5,97,0,580,2879
2020-03-12,LOM,1445,127,605,1085,8725,29534
2020-03-12,VEN,361,3,85,55,1384,23438
2020-03-12,TN,30,1,5,4,107,593
2020-03-12,BZ,29,1,4,0,104,607
2020-03-12,FVG,41,2,10,11,167,2604
2020-03-12,EMR,208,33,112,43,1947,7600
2020-03-12,MAR,113,4,76,0,592,1907
2020-03-12,TOS,44,4,59,7,364,3165
2020-03-12,UMB,18,0,8,2,64,458
2020-03-12,LAZ,50,3,20,19,200,5592
2020-03-12,ABR,46,1,12,4,84,867
2020-03-12,MOL,0,0,3,0,16,238
2020-03-12,CAM,25,0,11,4,179,1551
2020-03-12,BAS,0,0,1,0,8,155
2020-03-12,PUG,27,0,2,1,104,1269
2020-03-12,CAL,14,0,2,1,33,483
2020-03-12,SIC,32,2,5,2,115,1477
2020-03-12,SAR,2,0,0,0,39,302
2020-03-13,VDA,1,0,0,0,28,189
2020-03-13,LIG,71,6,44,24,345,1442
2020-03-13,PIE,260,20,135,0,840,3105
2020-03-13,LOM,1095,146,650,1198,9820,32700
2020-03-13,VEN,211,10,107,100,1595,25691
2020-03-13,TN,56,1,6,4,163,846
2020-03-13,BZ,21,1,5,0,125,811
2020-03-13,FVG,90,2,8,11,257,3149
2020-03-13,EMR,316,55,128,51,2263,8787
2020-03-13,MAR,133,5,85,0,725,2218
2020-03-13,TOS,106,0,77,10,470,4049
2020-03-13,UMB,12,1,10,2,76,576
2020-03-13,LAZ,77,2,24,24,277,6491
2020-03-13,ABR,5,0,14,4,89,958
2020-03-13,MOL,1,0,3,0,17,243
2020-03-13,CAM,41,1,19,5,220,1671
2020-03-13,BAS,2,0,1,0,10,155
2020-03-13,PUG,25,0,2,3,129,1449
2020-03-13,CAL,5,0,3,1,38,504
2020-03-13,SIC,15,0,7,2,130,1950
2020-03-13,SAR,4,0,0,0,43,504
2020-03-14,VDA,14,0,0,0,42,231
2020-03-14,LIG,118,10,62,52,463,1750
2020-03-14,PIE,33,13,150,0,873,3680
2020-03-14,LOM,1865,76,732,1660,11685,37138
2020-03-14,VEN,342,13,119,107,1937,26980
2020-03-14,TN,43,0,12,5,206,1006
2020-03-14,BZ,48,1,7,0,173,1135
2020-03-14,FVG,44,3,11,17,301,3376
2020-03-14,EMR,381,40,152,54,2644,10043
2020-03-14,MAR,174,9,93,0,899,2561
2020-03-14,TOS,160,1,87,10,630,4595
2020-03-14,UMB,31,0,11,3,107,748
2020-03-14,LAZ,80,2,25,24,357,7335
2020-03-14,ABR,23,0,14,4,112,1232
2020-03-14,MOL,0,0,3,0,17,247
2020-03-14,CAM,52,4,17,23,272,1936
2020-03-14,BAS,0,0,2,0,10,155
2020-03-14,PUG,37,3,6,2,166,1681
2020-03-14,CAL,22,0,4,1,60,711
2020-03-14,SIC,26,0,11,4,156,2100
2020-03-14,SAR,4,0,0,0,47,530
2020-03-15,VDA,15,0,3,0,57,230
2020-03-15,LIG,96,6,66,33,559,1973
2020-03-15,PIE,238,22,171,0,1111,4375
2020-03-15,LOM,1587,252,767,2011,13272,40369
2020-03-15,VEN,235,8,129,120,2172,32546
2020-03-15,TN,172,4,19,5,378,1006
2020-03-15,BZ,31,2,4,0,204,1497
2020-03-15,FVG,46,1,12,17,347,3407
2020-03-15,EMR,449,43,169,68,3093,12054
2020-03-15,MAR,234,10,98,0,1133,2946
2020-03-15,TOS,151,2,107,10,781,5132
2020-03-15,UMB,36,0,13,3,143,965
2020-03-15,LAZ,79,3,31,24,436,8345
2020-03-15,ABR,25,1,28,6,137,1419
2020-03-15,MOL,0,0,4,0,17,248
2020-03-15,CAM,61,3,22,28,333,2213
2020-03-15,BAS,1,0,2,0,11,208
2020-03-15,PUG,64,8,6,2,230,2017
2020-03-15,CAL,8,1,6,1,68,884
2020-03-15,SIC,32,0,15,7,188,2452
2020-03-15,SAR,30,2,0,0,77,613
2020-03-16,VDA,48,1,5,0,105,287
2020-03-16,LIG,108,17,73,42,667,2189
2020-03-16,PIE,405,30,186,0,1516,5588
2020-03-16,LOM,1377,202,823,2368,14649,43565
2020-03-16,VEN,301,6,156,130,2473,35052
2020-03-16,TN,89.5,2.5,19,5,378,1006
2020-03-16,BZ,37,1,11,0,241,1740
2020-03-16,FVG,39,8,19,18,386,4851
2020-03-16,EMR,429,62,197,88,3522,13096
2020-03-16,MAR,109,11,110,0,1242,3225
2020-03-16,TOS,85,6,107,11,866,5910
2020-03-16,UMB,21,0,15,4,164,1093
2020-03-16,LAZ,87,3,31,32,523,9330
2020-03-16,ABR,39,1,37,7,176,1533
2020-03-16,MOL,4,1,5,5,21,253
2020-03-16,CAM,67,0,22,28,400,2517
2020-03-16,BAS,1,0,2,0,12,230
2020-03-16,PUG,87,5,6,2,230,2017
2020-03-16,CAL,21,0,7,1,89,1030
2020-03-16,SIC,25,0,20,8,213,2653
2020-03-16,SAR,30,0,0,0,107,797
2020-03-17,VDA,31,0,6,0,136,398
2020-03-17,LIG,111,10,85,57,778,2509
2020-03-17,PIE,381,22,206,0,1897,6543
2020-03-17,LOM,1571,220,879,2485,16220,46449
2020-03-17,VEN,231,11,171,136,2704,35478
2020-03-17,TN,7,1,22,10,385,1727
2020-03-17,BZ,50,2,11,1,291,2149
2020-03-17,FVG,8,8,21,17,394,4958
2020-03-17,EMR,409,47,223,134,3931,14510
2020-03-17,MAR,129,12,109,0,1371,3225
2020-03-17,TOS,187,3,143,12,1053,6727
2020-03-17,UMB,33,0,21,4,197,1323
2020-03-17,LAZ,84,4,44,34,607,9436
2020-03-17,ABR,53,2,32,7,229,1688
2020-03-17,MOL,4,0,5,5,25,301
2020-03-17,CAM,60,0,24,28,460,2685
2020-03-17,BAS,8,0,2,0,20,262
2020-03-17,PUG,110,2,14,2,340,3077
2020-03-17,CAL,25,0,10,1,114,1293
2020-03-17,SIC,24,1,28,8,237,2916
2020-03-17,SAR,10,0,4,0,117,1003
2020-03-18,VDA,29,1,3,0,165,486
2020-03-18,LIG,109,13,100,70,887,2912
2020-03-18,PIE,444,21,227,0,2341,7516
2020-03-18,LOM,1493,319,924,3488,17713,48983
2020-03-18,VEN,510,14,195,167,3214,40841
2020-03-18,TN,70,0,22,12,455,2187
2020-03-18,BZ,85,1,18,1,376,2844
2020-03-18,FVG,68,1,27,15,462,4958
2020-03-18,EMR,594,65,247,152,4525,15461
2020-03-18,MAR,197,23,119,0,1568,4109
2020-03-18,TOS,277,5,160,17,1330,7606
2020-03-18,UMB,50,1,21,4,247,1601
2020-03-18,LAZ,117,9,44,42,724,11145
2020-03-18,ABR,34,1,41,7,263,2054
2020-03-18,MOL,3,0,6,6,28,361
2020-03-18,CAM,126,4,24,28,460,2685
2020-03-18,BAS,7,0,2,0,27,262
2020-03-18,PUG,43,1,30,2,383,3433
2020-03-18,CAL,15,0,11,2,129,1668
2020-03-18,SIC,45,0,29,12,282,3294
2020-03-18,SAR,17,0,7,0,134,1135
2020-03-19,VDA,50,3,9,0,215,608
2020-03-19,LIG,172,18,112,85,1059,3348
2020-03-19,PIE,591,21,257,3,2932,8853
2020-03-19,LOM,2171,209,1006,3778,19884,52244
2020-03-19,VEN,270,21,209,200,3484,44658
2020-03-19,TN,68,5,30,20,523,2203
2020-03-19,BZ,60,5,18,1,436,3568
2020-03-19,FVG,137,5,29,41,599,4052
2020-03-19,EMR,689,73,260,177,5214,18344
2020-03-19,MAR,169,23,141,0,1737,4512
2020-03-19,TOS,152,16,178,22,1482,8873
2020-03-19,UMB,87,0,21,4,334,1954
2020-03-19,LAZ,99,6,45,44,823,11145
2020-03-19,ABR,122,4,47,8,385,2409
2020-03-19,MOL,18,1,6,6,46,426
2020-03-19,CAM,192,8,36,30,652,3544
2020-03-19,BAS,10,0,5,0,37,353
2020-03-19,PUG,95,6,31,4,478,4046
2020-03-19,CAL,40,2,13,2,169,2342
2020-03-19,SIC,58,1,36,15,340,3961
2020-03-19,SAR,72,0,9,0,206,1334
2020-03-20,VDA,49,1,9,0,264,814
2020-03-20,LIG,162,28,121,101,1221,3794
2020-03-20,PIE,529,34,280,8,3461,9975
2020-03-20,LOM,2380,381,1050,4295,22264,57174
2020-03-20,VEN,547,16,236,223,4031,49288
2020-03-20,TN,119,1,34,29,642,2656
2020-03-20,BZ,112,3,24,1,548,4433
2020-03-20,FVG,57,2,32,63,656,4964
2020-03-20,EMR,754,109,267,239,5968,20753
2020-03-20,MAR,244,22,138,0,1981,5170
2020-03-20,TOS,311,9,189,33,1793,10405
2020-03-20,UMB,61,5,24,4,395,2303
2020-03-20,LAZ,185,5,47,53,1008,13889
2020-03-20,ABR,64,6,48,10,449,2695
2020-03-20,MOL,4,3,6,6,50,426
2020-03-20,CAM,97,0,41,30,749,3845
2020-03-20,BAS,15,0,5,0,52,443
2020-03-20,PUG,103,1,31,4,581,4789
2020-03-20,CAL,38,1,16,2,207,2690
2020-03-20,SIC,68,0,42,25,408,4468
2020-03-20,SAR,87,0,15,3,293,1912
2020-03-21,VDA,49,1,15,1,313,884
2020-03-21,LIG,215,33,129,125,1436,4304
2020-03-21,PIE,291,29,301,8,3752,10701
2020-03-21,LOM,3251,546,1093,5050,25515,66730
2020-03-21,VEN,586,15,249,257,4617,53642
2020-03-21,TN,140,15,39,34,782,2656
2020-03-21,BZ,73,3,30,1,621,5179
2020-03-21,FVG,134,4,37,82,790,5955
2020-03-21,EMR,737,75,265,329,6705,24620
2020-03-21,MAR,172,17,141,2,2153,5740
2020-03-21,TOS,219,25,202,35,2012,11909
2020-03-21,UMB,67,3,29,5,462,2712
2020-03-21,LAZ,182,7,70,54,1190,13889
2020-03-21,ABR,80,5,44,13,529,3035
2020-03-21,MOL,11,2,6,7,61,449
2020-03-21,CAM,95,5,87,29,844,4448
2020-03-21,BAS,14,0,7,0,66,522
2020-03-21,PUG,94,3,33,4,675,5617
2020-03-21,CAL,28,1,16,5,235,3050
2020-03-21,SIC,82,2,48,26,490,4883
2020-03-21,SAR,37,2,16,5,330,2297
2020-03-22,VDA,51,1,21,1,364,950
2020-03-22,LIG,229,19,132,143,1665,4995
2020-03-22,PIE,668,45,308,10,4420,12701
2020-03-22,LOM,1691,361,1142,5865,27206,70598
2020-03-22,VEN,505,23,255,309,5122,57671
2020-03-22,TN,172,7,46,34,954,3050
2020-03-22,BZ,57,3,32,7,678,5718
2020-03-22,FVG,84,5,47,89,874,6761
2020-03-22,EMR,850,101,269,349,7555,28022
2020-03-22,MAR,268,30,138,6,2421,6391
2020-03-22,TOS,265,19,215,42,2277,13264
2020-03-22,UMB,59,6,35,5,521,3135
2020-03-22,LAZ,193,3,79,58,1383,17845
2020-03-22,ABR,58,11,49,15,587,3375
2020-03-22,MOL,5,0,7,7,66,532
2020-03-22,CAM,92,7,99,41,936,4943
2020-03-22,BAS,15,0,10,0,81,643
2020-03-22,PUG,111,2,37,7,786,6160
2020-03-22,CAL,38,3,17,5,273,3666
2020-03-22,SIC,140,2,55,26,630,5580
2020-03-22,SAR,9,3,16,5,339,2402
2020-03-23,VDA,29,3,20,2,393,1098
2020-03-23,LIG,259,41,133,159,1924,5538
2020-03-23,PIE,441,32,343,17,4861,13560
2020-03-23,LOM,1555,320,1183,6075,28761,73242
2020-03-23,VEN,383,23,281,327,5505,61115
2020-03-23,TN,69,6,46,68,1023,3150
2020-03-23,BZ,46,6,33,7,724,6084
2020-03-23,FVG,56,7,41,105,930,7424
2020-03-23,EMR,980,76,276,423,8535,31200
2020-03-23,MAR,148,19,148,8,2569,6782
2020-03-23,TOS,184,18,238,51,2461,13851
2020-03-23,UMB,56,0,42,5,577,3561
2020-03-23,LAZ,157,10,96,63,1540,18371
2020-03-23,ABR,76,5,52,20,663,3674
2020-03-23,MOL,1,0,7,10,67,532
2020-03-23,CAM,90,20,110,48,1026,5813
2020-03-23,BAS,9,1,12,0,90,696
2020-03-23,PUG,120,6,45,7,906,6761
2020-03-23,CAL,19,0,20,5,292,4073
2020-03-23,SIC,91,5,60,27,721,6375
2020-03-23,SAR,20,4,18,5,359,2568
2020-03-24,VDA,7,7,20,2,400,1180
2020-03-24,LIG,192,19,147,193,2116,5992
2020-03-24,PIE,654,59,360,17,5515,15469
2020-03-24,LOM,1942,402,1194,6657,30703,76695
2020-03-24,VEN,443,24,304,381,5948,66178
2020-03-24,TN,87,15,49,79,1110,3712
2020-03-24,BZ,57,9,38,44,781,6509
2020-03-24,FVG,62,10,49,80,992,8526
2020-03-24,EMR,719,93,291,558,9254,33527
2020-03-24,MAR,167,28,149,8,2736,7229
2020-03-24,TOS,238,20,244,51,2699,15701
2020-03-24,UMB,71,3,43,5,648,4108
2020-03-24,LAZ,188,17,94,103,1728,18371
2020-03-24,ABR,26,8,57,21,689,4294
2020-03-24,MOL,6,1,7,10,73,572
2020-03-24,CAM,75,7,181,53,1101,6297
2020-03-24,BAS,2,0,12,0,92,744
2020-03-24,PUG,99,7,57,21,1005,7345
2020-03-24,CAL,27,3,21,5,319,4486
2020-03-24,SIC,125,7,60,27,846,7170
2020-03-24,SAR,62,4,19,11,421,2859
2020-03-25,VDA,1,5,25,2,401,1200
2020-03-25,LIG,189,23,147,225,2305,6602
2020-03-25,PIE,509,75,381,19,6024,16655
2020-03-25,LOM,1643,296,1236,7281,32346,81666
2020-03-25,VEN,494,42,316,439,6442,70877
2020-03-25,TN,112,18,65,90,1222,4114
2020-03-25,BZ,77,5,40,67,858,6649
2020-03-25,FVG,147,6,52,158,1139,9494
2020-03-25,EMR,800,92,294,721,10054,38045
2020-03-25,MAR,198,56,148,8,2934,7896
2020-03-25,TOS,273,13,251,54,2972,17868
2020-03-25,UMB,62,0,44,5,710,4707
2020-03-25,LAZ,173,15,101,131,1901,20669
2020-03-25,ABR,124,6,59,23,813,4982
2020-03-25,MOL,0,0,7,12,73,580
2020-03-25,CAM,98,18,123,53,1199,6972
2020-03-25,BAS,21,0,14,0,113,857
2020-03-25,PUG,88,4,64,22,1093,8223
2020-03-25,CAL,32,1,23,7,351,5058
2020-03-25,SIC,148,5,80,33,994,8312
2020-03-25,SAR,21,3,19,12,442,3019
2020-03-26,VDA,7,4,24,2,408,1203
2020-03-26,LIG,262,26,154,260,2567,7304
2020-03-26,PIE,510,50,408,135,6534,18054
2020-03-26,LOM,2543,387,1263,7839,34889,87713
2020-03-26,VEN,493,29,326,508,6935,79759
2020-03-26,TN,75,12,66,117,1297,4600
2020-03-26,BZ,48,5,43,67,906,7744
2020-03-26,FVG,84,2,54,197,1223,10721
2020-03-26,EMR,762,97,301,792,10816,42395
2020-03-26,MAR,180,23,166,9,3114,8623
2020-03-26,TOS,254,16,259,95,3226,20952
2020-03-26,UMB,92,1,46,12,802,5428
2020-03-26,LAZ,195,11,113,155,2096,22771
2020-03-26,ABR,133,11,64,23,946,5488
2020-03-26,MOL,30,0,8,14,103,670
2020-03-26,CAM,111,9,114,58,1310,8346
2020-03-26,BAS,21,0,16,0,134,1046
2020-03-26,PUG,89,17,76,22,1182,9191
2020-03-26,CAL,42,3,23,7,393,5933
2020-03-26,SIC,170,8,68,36,1164,9658
2020-03-26,SAR,52,1,20,13,494,3461
2020-03-27,VDA,44,9,24,2,452,1252
2020-03-27,LIG,129,51,157,305,2696,7804
2020-03-27,PIE,558,70,431,176,7092,19705
2020-03-27,LOM,2409,541,1292,8001,37298,95860
2020-03-27,VEN,562,26,338,536,7497,83627
2020-03-27,TN,94,16,66,125,1391,4923
2020-03-27,BZ,97,12,45,110,1003,8520
2020-03-27,FVG,94,4,57,214,1317,11841
2020-03-27,EMR,772,93,308,960,11588,47798
2020-03-27,MAR,82,26,162,10,3196,9060
2020-03-27,TOS,224,19,274,103,3450,23746
2020-03-27,UMB,82,1,46,39,884,6137
2020-03-27,LAZ,199,12,126,164,2295,24106
2020-03-27,ABR,71,5,71,24,1017,6109
2020-03-27,MOL,6,1,9,14,109,710
2020-03-27,CAM,144,15,113,64,1454,9613
2020-03-27,BAS,17,2,15,1,151,1254
2020-03-27,PUG,152,4,82,29,1334,10233
2020-03-27,CAL,101,4,22,7,494,6901
2020-03-27,SIC,86,6,75,53,1250,11079
2020-03-27,SAR,36,2,19,13,530,3801
2020-03-28,VDA,59,4,26,2,511,1380
2020-03-28,LIG,126,27,167,378,2822,8177
2020-03-28,PIE,579,48,439,203,7671,21511
2020-03-28,LOM,2117,542,1319,8962,39415,102503
2020-03-28,VEN,433,49,344,655,7930,89380
2020-03-28,TN,114,18,72,151,1505,5561
2020-03-28,BZ,106,4,51,116,1109,9168
2020-03-28,FVG,119,11,59,229,1436,12723
2020-03-28,EMR,795,77,316,1075,12383,52991
2020-03-28,MAR,177,28,166,10,3373,9884
2020-03-28,TOS,367,21,277,108,3817,25613
2020-03-28,UMB,85,7,44,43,969,7028
2020-03-28,LAZ,210,6,133,200,2505,27179
2020-03-28,ABR,116,8,70,30,1133,7003
2020-03-28,MOL,14,0,9,16,123,807
2020-03-28,CAM,138,11,132,76,1592,10616
2020-03-28,BAS,31,0,19,1,182,1421
2020-03-28,PUG,124,2,98,29,1458,11500
2020-03-28,CAL,61,3,22,11,555,7760
2020-03-28,SIC,109,18,71,60,1359,13096
2020-03-28,SAR,94,5,22,29,624,4225
2020-03-29,VDA,73,2,26,2,584,1480
2020-03-29,LIG,254,19,166,420,3076,9100
2020-03-29,PIE,535,67,443,254,8206,24058
2020-03-29,LOM,1592,416,1328,9255,41007,107398
2020-03-29,VEN,428,30,355,715,8358,94784
2020-03-29,TN,89,9,75,172,1594,5950
2020-03-29,BZ,105,0,56,116,1214,10137
2020-03-29,FVG,44,11,60,241,1480,13397
2020-03-29,EMR,736,99,333,1141,13119,52991
2020-03-29,MAR,185,22,168,12,3558,10431
2020-03-29,TOS,305,17,275,121,4122,27579
2020-03-29,UMB,54,3,46,95,1023,7685
2020-03-29,LAZ,201,12,133,208,2706,27744
2020-03-29,ABR,160,12,68,36,1293,7730
2020-03-29,MOL,4,0,9,18,127,918
2020-03-29,CAM,167,8,135,86,1759,11805
2020-03-29,BAS,20,1,18,1,202,1585
2020-03-29,PUG,91,15,99,31,1549,12361
2020-03-29,CAL,59,4,19,12,614,8485
2020-03-29,SIC,101,8,71,65,1460,13814
2020-03-29,SAR,14,1,23,29,638,4598
2020-03-30,VDA,0,7,26,16,584,1536
2020-03-30,LIG,141,20,175,437,3217,9677
2020-03-30,PIE,506,65,452,308,8712,25478
2020-03-30,LOM,1154,458,1330,10337,42161,111057
2020-03-30,VEN,366,21,356,747,8724,99941
2020-03-30,TN,88,18,78,178,1682,6377
2020-03-30,BZ,111,10,62,153,1325,10640
2020-03-30,FVG,21,9,60,285,1501,14003
2020-03-30,EMR,412,95,351,1227,13531,50990
2020-03-30,MAR,126,31,167,16,3684,10979
2020-03-30,TOS,290,16,279,131,4412,30099
2020-03-30,UMB,28,2,47,184,1051,8150
2020-03-30,LAZ,208,14,154,267,2914,32846
2020-03-30,ABR,52,14,69,74,1345,7948
2020-03-30,MOL,7,0,8,18,134,955
2020-03-30,CAM,193,8,126,88,1952,12969
2020-03-30,BAS,12,1,18,1,214,1833
2020-03-30,PUG,163,5,106,36,1712,13117
2020-03-30,CAL,33,6,18,14,647,9013
2020-03-30,SIC,95,11,75,71,1555,14758
2020-03-30,SAR,44,1,24,32,682,4993
2020-03-31,VDA,44,6,26,20,628,1582
2020-03-31,LIG,199,31,179,480,3416,10376
2020-03-31,PIE,589,105,452,365,9301,27658
2020-03-31,LOM,1047,381,1324,10885,43208,114640
2020-03-31,VEN,431,64,356,828,9155,106238
2020-03-31,TN,64,17,80,193,1746,6973
2020-03-31,BZ,46,2,62,153,1371,11275
2020-03-31,FVG,92,6,60,320,1593,14899
2020-03-31,EMR,543,106,353,1477,14074,54532
2020-03-31,MAR,141,35,169,21,3825,11724
2020-03-31,TOS,196,13,293,138,4608,33165
2020-03-31,UMB,27,4,43,190,1078,8685
2020-03-31,LAZ,181,12,173,291,3095,34677
2020-03-31,ABR,56,13,73,95,1401,8758
2020-03-31,MOL,10,0,8,18,144,1049
2020-03-31,CAM,140,8,133,88,2092,14403
2020-03-31,BAS,12,2,17,3,226,2043
2020-03-31,PUG,91,19,105,39,1803,14073
2020-03-31,CAL,12,5,17,17,659,9327
2020-03-31,SIC,92,5,72,74,1647,15634
2020-03-31,SAR,40,3,28,34,722,5257
2020-04-01,VDA,3,3,27,32,631,1717
2020-04-01,LIG,244,32,179,555,3660,11334
2020-04-01,PIE,494,32,453,439,9795,30060
2020-04-01,LOM,1565,394,1342,11415,44773,121449
2020-04-01,VEN,470,22,350,902,9625,112746
2020-04-01,TN,124,9,76,214,1870,7675
2020-04-01,BZ,47,40,57,190,1418,11951
2020-04-01,FVG,92,9,60,357,1685,15987
2020-04-01,EMR,713,88,359,1566,14787,58457
2020-04-01,MAR,137,25,168,29,3962,12296
2020-04-01,TOS,259,9,297,182,4867,36575
2020-04-01,UMB,17,0,45,194,1095,9080
2020-04-01,LAZ,169,7,177,337,3264,35810
2020-04-01,ABR,35,8,71,102,1436,9610
2020-04-01,MOL,16,1,8,19,160,1157
2020-04-01,CAM,139,15,129,107,2231,15728
2020-04-01,BAS,11,2,15,3,237,2262
2020-04-01,PUG,143,19,107,61,1946,15209
2020-04-01,CAL,10,2,16,21,669,9983
2020-04-01,SIC,71,7,72,86,1718,16836
2020-04-01,SAR,23,3,27,36,745,5501
2020-04-02,VDA,37,4,25,49,668,1934
2020-04-02,LIG,122,28,172,634,3782,12069
2020-04-02,PIE,558,97,453,571,10353,32100
2020-04-02,LOM,1292,367,1351,12229,46065,128286
2020-04-02,VEN,486,33,345,1001,10111,120320
2020-04-02,TN,133,14,78,229,2003,8496
2020-04-02,BZ,61,13,60,190,1479,12677
2020-04-02,FVG,114,7,60,376,1799,17121
2020-04-02,EMR,546,79,366,1663,15333,60507
2020-04-02,MAR,136,26,164,40,4098,12943
2020-04-02,TOS,406,15,295,216,5273,40724
2020-04-02,UMB,33,1,47,205,1128,9737
2020-04-02,LAZ,169,16,181,369,3433,41575
2020-04-02,ABR,61,10,75,113,1497,10647
2020-04-02,MOL,5,1,8,21,165,1229
2020-04-02,CAM,225,19,120,149,2456,17404
2020-04-02,BAS,9,1,19,3,246,2427
2020-04-02,PUG,131,15,118,69,2077,16554
2020-04-02,CAL,22,3,19,23,697,10679
2020-04-02,SIC,73,5,73,92,1791,17833
2020-04-02,SAR,49,6,24,36,794,5970
2020-04-03,VDA,51,7,25,89,719,2106
2020-04-03,LIG,183,31,173,700,3965,12934
2020-04-03,PIE,543,60,452,723,10896,34281
2020-04-03,LOM,1455,351,1381,13020,47520,135051
2020-04-03,VEN,353,40,335,1031,10464,126490
2020-04-03,TN,106,17,80,246,2109,8993
2020-04-03,BZ,80,10,60,211,1559,13976
2020-04-03,FVG,80,7,61,419,1879,19985
2020-04-03,EMR,599,91,364,1852,15932,63682
2020-04-03,MAR,132,54,158,42,4230,13678
2020-04-03,TOS,226,22,288,300,5499,44460
2020-04-03,UMB,51,1,48,220,1179,10614
2020-04-03,LAZ,167,14,188,392,3600,43776
2020-04-03,ABR,66,13,76,116,1563,11890
2020-04-03,MOL,11,0,8,21,176,1378
2020-04-03,CAM,221,14,115,144,2677,19237
2020-04-03,BAS,15,1,19,3,261,2622
2020-04-03,PUG,105,20,123,69,2182,17924
2020-04-03,CAL,42,4,17,26,733,11608
2020-04-03,SIC,68,8,73,94,1859,18686
2020-04-03,SAR,31,1,24,40,825,6478
2020-04-04,VDA,29,12,23,106,748,2274
2020-04-04,LIG,238,23,169,767,4203,14087
2020-04-04,PIE,813,85,450,888,11709,37181
2020-04-04,LOM,1598,345,1326,13242,49118,141877
2020-04-04,VEN,360,35,324,1124,10824,133289
2020-04-04,TN,111,6,81,257,2220,9863
2020-04-04,BZ,33,7,61,245,1592,15045
2020-04-04,FVG,107,9,50,505,1986,21126
2020-04-04,EMR,608,75,358,2040,16540,67075
2020-04-04,MAR,111,17,153,270,4341,1472
2020-04-04,TOS,172,17,286,310,5671,47886
2020-04-04,UMB,31,2,44,242,1210,11809
2020-04-04,LAZ,157,13,193,439,3757,44624
2020-04-04,ABR,65,7,71,119,1628,12837
2020-04-04,MOL,30,0,6,24,206,1504
2020-04-04,CAM,151,5,114,146,2828,21534
2020-04-04,BAS,3,0,19,9,264,2765
2020-04-04,PUG,58,9,153,94,2240,18977
2020-04-04,CAL,8,4,15,30,741,12314
2020-04-04,SIC,73,10,74,95,1932,19896
2020-04-04,SAR,49,0,24,44,874,6789
2020-04-05,VDA,34,9,23,115,782,2390
2020-04-05,LIG,246,14,165,800,4449,15047
2020-04-05,PIE,653,40,444,1017,12362,38539
2020-04-05,LOM,1337,249,1317,13426,50455,149984
2020-04-05,VEN,402,24,329,1186,11226,140910
2020-04-05,TN,65,7,80,273,2285,10476
2020-04-05,BZ,52,12,53,260,1644,15723
2020-04-05,FVG,62,9,50,531,2048,21652
2020-04-05,EMR,549,74,375,13426,50455,149984
2020-04-05,MAR,123,25,151,287,4464,15252
2020-04-05,TOS,176,18,276,337,5847,51006
2020-04-05,UMB,29,2,45,298,1239,12448
2020-04-05,LAZ,123,7,197,475,3880,44658
2020-04-05,ABR,75,5,67,125,1703,13598
2020-04-05,MOL,18,2,6,24,224,1504
2020-04-05,CAM,132,3,108,150,2960,23139
2020-04-05,BAS,14,2,18,11,278,2931
2020-04-05,PUG,77,9,159,113,2317,20080
2020-04-05,CAL,54,7,13,33,795,13077
2020-04-05,SIC,62,5,76,104,1994,21904
2020-04-05,SAR,33,2,25,49,907,7157
2020-04-06,VDA,23,5,21,142,805,2590
2020-04-06,LIG,100,39,162,837,4549,15533
2020-04-06,PIE,562,83,438,1128,12924,41123
2020-04-06,LOM,1079,297,1343,13863,51534,154989
2020-04-06,VEN,362,31,322,1204,11588,146288
2020-04-06,TN,63,13,79,280,2348,11130
2020-04-06,BZ,78,6,52,198,1722,16825
2020-04-06,FVG,55,4,46,549,2103,22272
2020-04-06,EMR,467,57,372,2397,17556,72163
2020-04-06,MAR,150,13,140,296,4614,15919
2020-04-06,TOS,154,25,279,350,6001,52849
2020-04-06,UMB,14,1,46,337,1253,12573
2020-04-06,LAZ,151,10,197,502,4031,47470
2020-04-06,ABR,18,11,66,127,1721,14198
2020-04-06,MOL,0,0,5,24,224,1546
2020-04-06,CAM,98,15,101,156,3058,24526
2020-04-06,BAS,9,0,18,12,287,3061
2020-04-06,PUG,127,13,97,134,2444,22059
2020-04-06,CAL,22,2,14,37,817,13633
2020-04-06,SIC,52,7,74,108,2046,23464
2020-04-06,SAR,15,4,26,56,922,7521
2020-04-07,VDA,30,4,17,142,835,2754
2020-04-07,LIG,208,25,156,925,4757,16579
2020-04-07,PIE,419,68,432,1320,13343,44121
2020-04-07,LOM,791,282,1305,14498,52325,159331
2020-04-07,VEN,337,33,297,1265,11925,153542
2020-04-07,TN,128,14,78,342,2476,12030
2020-04-07,BZ,89,10,64,336,1811,17761
2020-04-07,FVG,50,6,44,610,2153,23536
2020-04-07,EMR,269,72,366,2597,17825,75191
2020-04-07,MAR,96,18,139,342,4710,16619
2020-04-07,TOS,172,19,263,377,6173,56651
2020-04-07,UMB,10,5,41,368,1263,13274
2020-04-07,LAZ,118,9,192,546,4149,48874
2020-04-07,ABR,78,3,67,136,1799,14904
2020-04-07,MOL,0,0,5,26,224,1584
2020-04-07,CAM,90,12,103,167,3148,25779
2020-04-07,BAS,4,1,17,12,291,3160
2020-04-07,PUG,70,14,93,168,2514,23149
2020-04-07,CAL,16,2,14,40,833,14072
2020-04-07,SIC,51,2,73,113,2097,24857
2020-04-07,SAR,13,5,26,62,935,7680
2020-04-08,VDA,15,2,20,142,850,2953
2020-04-08,LIG,149,34,153,1007,4906,17521
2020-04-08,PIE,540,59,423,1516,13883,48495
2020-04-08,LOM,1089,238,1257,15147,53414,167557
2020-04-08,VEN,485,41,285,1503,12410,163247
2020-04-08,TN,126,11,97,188,3268,27784
2020-04-08,BZ,24,9,65,371,1835,18865
2020-04-08,FVG,65,5,41,634,2218,24798
2020-04-08,EMR,409,54,361,2890,18234,78367
2020-04-08,MAR,149,22,133,645,4859,17532
2020-04-08,TOS,206,23,260,430,6379,60985
2020-04-08,UMB,26,1,41,416,1289,14105
2020-04-08,LAZ,117,6,196,574,4266,55113
2020-04-08,ABR,60,7,62,146,1859,15846
2020-04-08,MOL,2,0,4,32,226,2002
2020-04-08,CAM,120,5,78,407,2602,13258
2020-04-08,BAS,6,0,17,13,297,3296
2020-04-08,PUG,120,10,90,177,2634,24493
2020-04-08,CAL,26,0,15,44,859,14977
2020-04-08,SIC,62,8,65,133,2159,27438
2020-04-08,SAR,40,7,31,76,975,8493
2020-04-09,VDA,18,3,18,154,868,3142
2020-04-09,LIG,114,28,154,1085,5020,18446
2020-04-09,PIE,639,76,412,1732,14522,52807
2020-04-09,LOM,1388,300,1236,15706,54802,176953
2020-04-09,VEN,523,20,274,1728,12933,171456
2020-04-09,TN,106,13,94,244,2708,29664
2020-04-09,BZ,68,4,64,401,1903,19875
2020-04-09,FVG,81,2,37,738,2299,26205
2020-04-09,EMR,443,82,355,3103,18677,81715
2020-04-09,MAR,96,17,133,885,4955,18194
2020-04-09,TOS,173,16,256,441,6552,65461
2020-04-09,UMB,9,1,38,455,1298,15170
2020-04-09,LAZ,163,9,198,644,4429,58107
2020-04-09,ABR,72,15,57,171,1931,16847
2020-04-09,MOL,8,0,4,32,234,2069
2020-04-09,CAM,76,6,69,462,3344,14338
2020-04-09,BAS,6,1,17,13,303,3474
2020-04-09,PUG,82,6,86,190,2716,26088
2020-04-09,CAL,15,1,15,48,874,15698
2020-04-09,SIC,73,5,63,152,2232,28742
2020-04-09,SAR,51,5,25,86,1026,8918
2020-04-10,VDA,11,2,16,170,879,3328
2020-04-10,LIG,171,27,151,1181,5191,19514
2020-04-10,PIE,490,78,394,1904,15012,57457
2020-04-10,LOM,1246,216,1202,16280,56048,186325
2020-04-10,VEN,488,37,257,1981,13421,180700
2020-04-10,TN,108,7,70,547,2816,14981
2020-04-10,BZ,52,4,58,447,1955,20866
2020-04-10,FVG,50,8,33,772,2349,28097
2020-04-10,EMR,451,81,349,3381,19128,85884
2020-04-10,MAR,129,13,127,1086,5084,18970
2020-04-10,TOS,175,46,256,451,6727,72001
2020-04-10,UMB,4,1,39,498,1302,16325
2020-04-10,LAZ,154,10,201,687,4583,61769
2020-04-10,ABR,83,4,53,181,2014,18088
2020-04-10,MOL,9,0,4,37,243,2069
2020-04-10,CAM,98,4,90,248,3442,31745
2020-04-10,BAS,5,0,15,14,308,3696
2020-04-10,PUG,93,13,80,235,2809,27812
2020-04-10,CAL,27,4,14,50,901,16637
2020-04-10,SIC,70,10,62,187,2302,31156
2020-04-10,SAR,37,5,26,118,1063,9444
2020-04-11,VDA,23,0,17,205,902,3464
2020-04-11,LIG,185,25,146,1309,5376,20888
2020-04-11,PIE,996,101,384,2205,16008,62577
2020-04-11,LOM,1544,273,1174,16823,57592,196302
2020-04-11,VEN,347,38,251,2188,13768,190912
2020-04-11,TN,154,9,62,622,2970,16646
2020-04-11,BZ,2,9,56,488,1957,22186
2020-04-11,FVG,44,6,28,826,2393,29685
2020-04-11,EMR,507,84,341,3659,19635,91759
2020-04-11,MAR,127,7,118,1291,5211,20060
2020-04-11,TOS,231,13,237,499,6958,75756
2020-04-11,UMB,7,0,39,534,1309,17661
2020-04-11,LAZ,140,10,203,720,4723,65241
2020-04-11,ABR,106,8,54,190,2120,19441
2020-04-11,MOL,3,1,4,39,246,2201
2020-04-11,CAM,75,7,85,277,3517,33781
2020-04-11,BAS,4,2,12,14,312,4050
2020-04-11,PUG,95,15,73,249,2904,29463
2020-04-11,CAL,14,1,15,57,915,17493
2020-04-11,SIC,62,6,58,209,2364,33787
2020-04-11,SAR,28,4,24,130,1091,10120
2020-04-12,VDA,19,5,16,221,921,3510
2020-04-12,LIG,118,15,144,1412,5494,21983
2020-04-12,PIE,652,96,381,2426,16660,66555
2020-04-12,LOM,1460,110,1176,17166,59052,205832
2020-04-12,VEN,309,25,249,2492,14077,198442
2020-04-12,TN,83,9,61,678,3053,17797
2020-04-12,BZ,141,5,45,378,2098,23246
2020-04-12,FVG,38,10,28,910,2431,29988
2020-04-12,EMR,463,83,335,3862,20098,96704
2020-04-12,MAR,92,11,114,1489,5303,21057
2020-04-12,TOS,277,28,238,578,7235,78640
2020-04-12,UMB,10,0,39,580,1319,18672
2020-04-12,LAZ,122,6,201,749,4845,68954
2020-04-12,ABR,40,6,54,206,2160,20594
2020-04-12,MOL,11,1,4,40,257,2471
2020-04-12,CAM,87,4,82,305,3604,35448
2020-04-12,BAS,3,1,12,20,315,4355
2020-04-12,PUG,85,7,71,277,2989,30973
2020-04-12,CAL,8,0,14,62,923,18211
2020-04-12,SIC,52,9,53,223,2416,36098
2020-04-12,SAR,22,0,26,137,1113,10663
2020-04-13,VDA,6,3,15,230,927,3614
2020-04-13,LIG,102,11,138,1471,5596,23129
2020-04-13,PIE,474,97,379,2543,17134,69170
2020-04-13,LOM,1262,280,1143,17478,60314,211092
2020-04-13,VEN,174,26,245,2603,14251,203077
2020-04-13,TN,73,7,56,746,3126,18586
2020-04-13,BZ,51,7,41,400,2149,24157
2020-04-13,FVG,51,7,30,973,2482,30941
2020-04-13,EMR,342,51,331,4007,20440,99047
2020-04-13,MAR,78,13,108,1588,5381,28379
2020-04-13,TOS,155,23,225,615,7390,80889
2020-04-13,UMB,1,0,38,643,1320,18740
2020-04-13,LAZ,123,5,200,764,4968,72746
2020-04-13,ABR,53,12,54,211,2213,20667
2020-04-13,MOL,0,0,4,40,257,2522
2020-04-13,CAM,66,6,80,360,3670,36770
2020-04-13,BAS,4,0,12,31,319,4545
2020-04-13,PUG,76,7,71,286,3065,31922
2020-04-13,CAL,5,1,12,70,928,18596
2020-04-13,SIC,42,8,51,237,2458,37311
2020-04-13,SAR,15,2,27,139,1128,11010
2020-04-14,VDA,20,3,14,270,947,3726
2020-04-14,LIG,212,33,133,1549,5808,24446
2020-04-14,PIE,556,101,367,2708,17690,71678
2020-04-14,LOM,1012,241,1122,17821,61326,214870
2020-04-14,VEN,181,24,233,2790,14432,208878
2020-04-14,TN,15,10,54,749,3141,18774
2020-04-14,BZ,35,2,39,406,2184,24457
2020-04-14,FVG,38,4,28,1415,2520,31764
2020-04-14,EMR,312,90,328,4269,20752,101896
2020-04-14,MAR,45,15,106,1603,5426,29160
2020-04-14,TOS,137,20,225,637,7527,82269
2020-04-14,UMB,1,1,37,646,1321,18956
2020-04-14,LAZ,143,16,199,789,5111,74650
2020-04-14,ABR,32,8,52,213,2245,20935
2020-04-14,MOL,0,0,4,42,257,2522
2020-04-14,CAM,99,12,82,415,3769,38094
2020-04-14,BAS,0,1,12,35,319,4759
2020-04-14,PUG,53,11,62,288,3118,33071
2020-04-14,CAL,28,1,12,72,956,19014
2020-04-14,SIC,43,4,53,255,2501,37877
2020-04-14,SAR,10,5,24,158,1138,11893
