"INDIC_SB","GEO","NACE_R2","TIME","Value"
"Local units - number","Italy","Retail trade, except of motor vehicles and motorcycles","2014","619 218"
"Local units - number","Nord-Ovest","Retail trade, except of motor vehicles and motorcycles","2014","141 467"
"Local units - number","Piemonte","Retail trade, except of motor vehicles and motorcycles","2014","43 818"
"Local units - number","Valle d'Aosta/Vall�e d'Aoste","Retail trade, except of motor vehicles and motorcycles","2014","1 391"
"Local units - number","Liguria","Retail trade, except of motor vehicles and motorcycles","2014","18 867"
"Local units - number","Lombardia","Retail trade, except of motor vehicles and motorcycles","2014","77 391"
"Local units - number","Nord-Est","Retail trade, except of motor vehicles and motorcycles","2014","104 089"
"Local units - number","Provincia Autonoma di Bolzano/Bozen","Retail trade, except of motor vehicles and motorcycles","2014","3 905"
"Local units - number","Provincia Autonoma di Trento","Retail trade, except of motor vehicles and motorcycles","2014","4 380"
"Local units - number","Veneto","Retail trade, except of motor vehicles and motorcycles","2014","43 949"
"Local units - number","Friuli-Venezia Giulia","Retail trade, except of motor vehicles and motorcycles","2014","10 132"
"Local units - number","Emilia-Romagna","Retail trade, except of motor vehicles and motorcycles","2014","41 723"
"Local units - number","Centro (IT)","Retail trade, except of motor vehicles and motorcycles","2014","127 065"
"Local units - number","Toscana","Retail trade, except of motor vehicles and motorcycles","2014","41 521"
"Local units - number","Umbria","Retail trade, except of motor vehicles and motorcycles","2014","9 546"
"Local units - number","Marche","Retail trade, except of motor vehicles and motorcycles","2014","16 702"
"Local units - number","Lazio","Retail trade, except of motor vehicles and motorcycles","2014","59 296"
"Local units - number","Sud","Retail trade, except of motor vehicles and motorcycles","2014","172 226"
"Local units - number","Abruzzo","Retail trade, except of motor vehicles and motorcycles","2014","15 575"
"Local units - number","Molise","Retail trade, except of motor vehicles and motorcycles","2014","3 846"
"Local units - number","Campania","Retail trade, except of motor vehicles and motorcycles","2014","70 390"
"Local units - number","Puglia","Retail trade, except of motor vehicles and motorcycles","2014","51 687"
"Local units - number","Basilicata","Retail trade, except of motor vehicles and motorcycles","2014","7 067"
"Local units - number","Calabria","Retail trade, except of motor vehicles and motorcycles","2014","23 661"
"Local units - number","Isole","Retail trade, except of motor vehicles and motorcycles","2014","74 371"
"Local units - number","Sicilia","Retail trade, except of motor vehicles and motorcycles","2014","55 465"
"Local units - number","Sardegna","Retail trade, except of motor vehicles and motorcycles","2014","18 906"
"Turnover or gross premiums written - million euro","Italy","Retail trade, except of motor vehicles and motorcycles","2014","193 405.2"
"Turnover or gross premiums written - million euro","Nord-Ovest","Retail trade, except of motor vehicles and motorcycles","2014","45 817.9"
"Turnover or gross premiums written - million euro","Piemonte","Retail trade, except of motor vehicles and motorcycles","2014","12 031.9"
"Turnover or gross premiums written - million euro","Valle d'Aosta/Vall�e d'Aoste","Retail trade, except of motor vehicles and motorcycles","2014","595.6"
"Turnover or gross premiums written - million euro","Liguria","Retail trade, except of motor vehicles and motorcycles","2014","5 172.0"
"Turnover or gross premiums written - million euro","Lombardia","Retail trade, except of motor vehicles and motorcycles","2014","28 018.5"
"Turnover or gross premiums written - million euro","Nord-Est","Retail trade, except of motor vehicles and motorcycles","2014","37 010.8"
"Turnover or gross premiums written - million euro","Provincia Autonoma di Bolzano/Bozen","Retail trade, except of motor vehicles and motorcycles","2014","2 255.2"
"Turnover or gross premiums written - million euro","Provincia Autonoma di Trento","Retail trade, except of motor vehicles and motorcycles","2014","1 956.1"
"Turnover or gross premiums written - million euro","Veneto","Retail trade, except of motor vehicles and motorcycles","2014","15 513.8"
"Turnover or gross premiums written - million euro","Friuli-Venezia Giulia","Retail trade, except of motor vehicles and motorcycles","2014","3 421.9"
"Turnover or gross premiums written - million euro","Emilia-Romagna","Retail trade, except of motor vehicles and motorcycles","2014","13 863.8"
"Turnover or gross premiums written - million euro","Centro (IT)","Retail trade, except of motor vehicles and motorcycles","2014","48 328.0"
"Turnover or gross premiums written - million euro","Toscana","Retail trade, except of motor vehicles and motorcycles","2014","12 239.7"
"Turnover or gross premiums written - million euro","Umbria","Retail trade, except of motor vehicles and motorcycles","2014","3 097.2"
"Turnover or gross premiums written - million euro","Marche","Retail trade, except of motor vehicles and motorcycles","2014","5 406.3"
"Turnover or gross premiums written - million euro","Lazio","Retail trade, except of motor vehicles and motorcycles","2014","27 584.8"
"Turnover or gross premiums written - million euro","Sud","Retail trade, except of motor vehicles and motorcycles","2014","42 292.6"
"Turnover or gross premiums written - million euro","Abruzzo","Retail trade, except of motor vehicles and motorcycles","2014","4 185.4"
"Turnover or gross premiums written - million euro","Molise","Retail trade, except of motor vehicles and motorcycles","2014","803.6"
"Turnover or gross premiums written - million euro","Campania","Retail trade, except of motor vehicles and motorcycles","2014","17 431.3"
"Turnover or gross premiums written - million euro","Puglia","Retail trade, except of motor vehicles and motorcycles","2014","12 257.9"
"Turnover or gross premiums written - million euro","Basilicata","Retail trade, except of motor vehicles and motorcycles","2014","1 644.2"
"Turnover or gross premiums written - million euro","Calabria","Retail trade, except of motor vehicles and motorcycles","2014","5 970.2"
"Turnover or gross premiums written - million euro","Isole","Retail trade, except of motor vehicles and motorcycles","2014","19 955.8"
"Turnover or gross premiums written - million euro","Sicilia","Retail trade, except of motor vehicles and motorcycles","2014","14 621.8"
"Turnover or gross premiums written - million euro","Sardegna","Retail trade, except of motor vehicles and motorcycles","2014","5 334.0"
