"TIME","GEO","UNIT","LANDUSE","Value"
"2016","Italy","Square kilometre","Total area","302,073"
"2016","Nord-Ovest","Square kilometre","Total area","57,928"
"2016","Piemonte","Square kilometre","Total area","25,387"
"2016","Valle d'Aosta/Vall�e d'Aoste","Square kilometre","Total area","3,261"
"2016","Liguria","Square kilometre","Total area","5,416"
"2016","Lombardia","Square kilometre","Total area","23,864"
"2016","Nord-Est","Square kilometre","Total area","62,327"
"2016","Provincia Autonoma di Bolzano/Bozen","Square kilometre","Total area","7,398"
"2016","Provincia Autonoma di Trento","Square kilometre","Total area","6,207"
"2016","Veneto","Square kilometre","Total area","18,407"
"2016","Friuli-Venezia Giulia","Square kilometre","Total area","7,862"
"2016","Emilia-Romagna","Square kilometre","Total area","22,453"
"2016","Centro (IT)","Square kilometre","Total area","58,085"
"2016","Toscana","Square kilometre","Total area","22,988"
"2016","Umbria","Square kilometre","Total area","8,464"
"2016","Marche","Square kilometre","Total area","9,401"
"2016","Lazio","Square kilometre","Total area","17,232"
"2016","Sud","Square kilometre","Total area","73,800"
"2016","Abruzzo","Square kilometre","Total area","10,833"
"2016","Molise","Square kilometre","Total area","4,461"
"2016","Campania","Square kilometre","Total area","13,670"
"2016","Puglia","Square kilometre","Total area","19,541"
"2016","Basilicata","Square kilometre","Total area","10,073"
"2016","Calabria","Square kilometre","Total area","15,222"
"2016","Isole","Square kilometre","Total area","49,933"
"2016","Sicilia","Square kilometre","Total area","25,833"
"2016","Sardegna","Square kilometre","Total area","24,100"
